ticker,name,sector,market,fiscal_q,announce_date,filing_time,timing,t0_date,reaction_days,sue,yoy_growth,log_mcap,alpha,beta,n_est,car_pre,car_react,car_0,car_0_1,car_0_3,abn_vol_react
005940,NH투자증권,securities,KOSPI,2020Q4,2021-01-28,15:36,장후,2021-01-29,1,-0.3963179191398464,-0.3507004488967573,28.829574915936753,-0.0023119037608807357,1.0490390059878794,60,0.007536394654234668,0.01659797218864599,0.01659797218864599,0.05664345960770425,0.019362593522530502,0.2969145958183219
006800,미래에셋증권,securities,KOSPI,2020Q4,2021-01-28,16:05,장후,2021-01-29,1,0.5707198652216164,0.2669620826119679,29.350288639153952,-0.0028721470966134597,1.0449804835121335,60,0.03389928848991139,0.0079552642461303,0.0079552642461303,0.017193998664094483,0.0023027634125010396,0.3947098452889968
029780,삼성카드,card,KOSPI,2020Q4,2021-01-28,17:02,장후,2021-01-29,1,-0.6267094962419436,-0.2169050044761047,28.822526833075326,-0.0010156721942570857,0.48087581277970765,60,-0.03898867202921378,-0.022202769244559096,-0.022202769244559096,0.0056164964115503965,0.009136827052506617,0.5648867108156281
016360,삼성증권,securities,KOSPI,2020Q4,2021-01-29,16:19,장후,2021-02-01,1,,,28.8462528005239,-0.00136767560668777,1.0687414317961448,60,-0.019497855296769246,-0.0035312132001600223,-0.0035312132001600223,-0.007140921265077123,-0.020623142575345185,-0.07763713472646216
003540,대신증권,securities,KOSPI,2020Q4,2021-02-04,15:45,장후,2021-02-05,1,,,27.304237380836692,-0.0037647553437379147,0.5143291252822538,60,0.019756897129958175,0.01816494355804736,0.01816494355804736,0.030725849929201868,0.11945763479892367,-0.5091883240770354
105560,KB금융,bank,KOSPI,2020Q4,2021-02-04,15:45,장후,2021-02-05,1,0.2445309899697632,0.0795361885169253,30.440083935901395,-0.004084792883963443,0.7747373810783917,60,0.0386191904639978,0.04908177381935283,0.04908177381935283,0.07615784499136732,0.09192945644788057,0.5150971240911257
024110,기업은행,bank,KOSPI,2020Q4,2021-02-05,15:31,장후,2021-02-08,1,1.7909776381996954,0.4620167861122259,29.435895000719636,-0.003517225948963648,0.539261210569281,60,0.04185717278966007,0.03972300595362659,0.03972300595362659,0.03610841606251927,0.03827564889512661,0.3701625175510195
055550,신한지주,bank,KOSPI,2020Q4,2021-02-05,15:36,장후,2021-02-08,1,-0.4546873617168339,-0.0849651438186926,30.429993264429733,-0.003690392592435878,0.7458411620306757,60,0.01994450276354497,0.0447543312098531,0.0447543312098531,0.04087123936084364,0.039447728220028226,0.2568200442241686
086790,하나금융지주,bank,KOSPI,2020Q4,2021-02-05,15:20,마감직전,2021-02-05,2,1.532512548640877,0.5203004043245896,29.92341082432781,-0.0025081461648349913,0.7556797288627155,60,-0.008071244857631204,0.09687680700366524,0.057242995905587395,0.09687680700366524,0.08609955925441853,0.4867070808744822
316140,우리금융지주,bank,KOSPI,2020Q4,2021-02-05,16:29,장후,2021-02-08,1,,-0.0502347079382904,29.53889715726472,-0.0035272926708785133,0.6495573677271814,60,0.045340999797881074,0.01821171035884913,0.01821171035884913,0.023121030287234362,0.042366207587446754,-0.04815888425621928
138040,메리츠금융지주,securities,KOSPI,2020Q4,2021-02-08,17:07,장후,2021-02-09,1,,,27.92070411020042,-0.0018002550551903622,0.372019596808954,60,0.05946991004638949,0.031720053482599014,0.031720053482599014,0.059910207988257295,0.08359099508693504,1.0950105727616055
139130,iM금융지주,bank,KOSPI,2020Q4,2021-02-08,16:38,장후,2021-02-09,1,1.0476824538133398,0.5477267243722767,27.794207558589832,-0.0033992865238324293,0.6749409652762494,60,0.07161730367518672,0.021929754416131274,0.021929754416131274,0.017610476536481734,0.015149256010843506,0.30281652317621344
175330,JB금융지주,bank,KOSPI,2020Q4,2021-02-08,15:26,마감직전,2021-02-08,2,0.9545904390867096,0.3700723043068217,27.73511464529811,-0.003012307795824452,0.5897377190849239,60,0.08453125570441988,0.023312856369721045,0.019045796271714217,0.023312856369721045,0.03301731497201203,-0.351231402934002
039490,키움증권,securities,KOSPI,2020Q4,2021-02-09,17:37,장후,2021-02-10,1,1.0033072015178115,1.4325313911652997,28.92861786097464,-0.0016504546907633233,1.5700810104692804,60,0.07663259679388365,-0.055217083650001476,-0.055217083650001476,-0.08023756540208062,-0.08716587127122155,0.6607289474115277
138930,BNK금융지주,bank,KOSPI,2020Q4,2021-02-09,15:44,장후,2021-02-10,1,0.9711614426382946,1.1792035398230087,28.258013878492527,-0.0021345520547979184,0.43780846297867876,60,0.01760530324236863,0.011940936968280611,0.011940936968280611,0.004138944114671252,0.023910156583869243,-0.03232446907100872
071050,한국금융지주,securities,KOSPI,2020Q4,2021-02-10,15:32,장후,2021-02-15,1,,,29.319626603681083,-0.0017194300389655015,1.1021170950879335,60,0.03284631947534738,0.04256409051611582,0.04256409051611582,0.024329106679228524,0.06578251792562592,0.6300788567911653
316140,우리금융지주,bank,KOSPI,2021Q1,2021-04-21,15:28,마감직전,2021-04-21,2,0.6850731338852311,0.2959074980317088,29.647467948552794,0.00035138552606367543,0.5556650699659998,60,-0.005915723144409997,0.01636687349367338,-0.016157567141692846,0.01636687349367338,0.01818982654868853,0.7364766663955526
105560,KB금융,bank,KOSPI,2021Q1,2021-04-22,15:37,장후,2021-04-23,1,3.3571139685382505,0.7411351504001623,30.6809062033844,0.002460474422893181,0.5014904455475635,60,-0.0189587190593034,0.011820548736293644,0.011820548736293644,0.016455448038377576,0.01718662179872837,0.560359798711076
055550,신한지주,bank,KOSPI,2021Q1,2021-04-23,10:12,장중,2021-04-23,2,2.792796925018082,0.2783547833547833,30.586843478887253,0.0018241281407541023,0.5031043799826395,60,-0.013164027966208828,0.017891213153884214,0.004310463442392377,0.017891213153884214,0.053335403507571835,0.3029513350767825
086790,하나금융지주,bank,KOSPI,2021Q1,2021-04-23,15:39,장후,2021-04-26,1,1.4568434262886054,0.2700668043647344,30.157393796257075,0.0007182641539217892,0.7816635236145003,60,0.046006585038640385,-0.007295628899286103,-0.007295628899286103,0.013213106886712019,0.04218767597388944,0.08035262390438191
024110,기업은행,bank,KOSPI,2021Q1,2021-04-26,15:42,장후,2021-04-27,1,1.0932194635660764,0.1781373927337958,29.56020010146226,0.0009003031116754096,0.4731764113778182,60,0.01863330414616617,0.006837205156114531,0.006837205156114531,0.02460799452736448,0.038206273580983566,0.19694918102529435
029780,삼성카드,card,KOSPI,2021Q1,2021-04-27,09:22,장중,2021-04-27,2,1.231226530141737,0.2335115864527629,28.947284566985815,0.0005601820916043318,0.47044551682381425,60,0.01320444756731114,0.005609413930536369,0.01111220343122663,0.005609413930536369,0.016592745135871112,0.3575690942150471
175330,JB금융지주,bank,KOSPI,2021Q1,2021-04-27,14:13,장중,2021-04-27,2,2.089755946350932,0.3714365654241925,27.89335079198248,0.0018225687522907437,0.3660922084790987,60,0.029453314829294253,0.059279255281556004,0.03894412900841125,0.059279255281556004,0.07609714829915981,0.9703200641802558
005940,NH투자증권,securities,KOSPI,2021Q1,2021-04-29,15:50,장후,2021-04-30,1,2.2690367618729463,6.998291341762714,28.925579817826552,0.0002822255362492568,0.8655436186541307,60,0.024323794227876123,0.054712569084623255,0.054712569084623255,0.02044208846555788,0.07728956218028193,1.2688156996573596
138930,BNK금융지주,bank,KOSPI,2021Q1,2021-04-29,15:31,장후,2021-04-30,1,1.378165704089375,0.4000130758837118,28.49595212594574,0.0033177118859273134,0.296645180310648,60,0.050095369901667124,0.04584829997733875,0.04584829997733875,0.0313604104446675,0.06425912348411073,1.0812756513679957
139130,iM금융지주,bank,KOSPI,2021Q1,2021-04-29,15:45,장후,2021-04-30,1,1.4955892369987631,0.4004036235416832,27.99291708456676,0.0026560573100368164,0.3196760376239351,60,0.035327255374181556,0.04265239885517566,0.04265239885517566,0.0307505073868865,0.050198566849108894,1.4452106541080774
006800,미래에셋증권,securities,KOSPI,2021Q1,2021-05-06,15:36,장후,2021-05-07,1,3.043282443299612,1.701422328610794,29.41678970756813,-0.00015436346678115054,0.8932213389175901,60,0.0176975951035639,-0.00038110667220282897,-0.00038110667220282897,0.042553645898620936,0.01006662012906261,0.15725791667481026
016360,삼성증권,securities,KOSPI,2021Q1,2021-05-07,17:30,장후,2021-05-10,1,,17.76395741365879,28.988028262923503,0.0007870157833285329,0.8249399885517751,60,0.02993986639795992,0.05149402297112975,0.05149402297112975,0.07053315216052282,0.027886421918754817,1.5437935353822123
039490,키움증권,securities,KOSPI,2021Q1,2021-05-12,16:22,장후,2021-05-13,1,2.2641535010629172,26.74722134010797,28.849757549568704,-0.0031180106901583203,1.2492026356610806,60,0.052326777408251604,-0.031457654300838994,-0.031457654300838994,-0.036804808712091186,-0.04232096267855548,0.8134055077914297
316140,우리금융지주,bank,KOSPI,2021Q2,2021-07-21,15:43,장후,2021-07-22,1,2.604243654353731,4.25604153202012,29.726030271055897,0.0013084108583070492,1.1480441789961187,60,0.001933749284565126,0.02144974235003483,0.02144974235003483,-0.020737156871073234,-0.024574582274413868,0.5774548901279868
005940,NH투자증권,securities,KOSPI,2021Q2,2021-07-22,16:23,장후,2021-07-23,1,0.3360203513684768,0.1784245202447144,28.961934470918425,0.00034131628678500225,1.181466534995199,60,0.011311243994320826,0.021476697464171683,0.021476697464171683,0.004590587766826724,0.015239280363174545,0.6263085744630512
086790,하나금융지주,bank,KOSPI,2021Q2,2021-07-22,15:23,마감직전,2021-07-22,2,2.12446907878749,0.3315743413576457,30.14094219136507,0.000513901136443835,0.9962673459873659,60,-0.0086373646494873,0.031152481715395582,0.028410539496507254,0.031152481715395582,0.03798155957747972,0.3197307608481337
105560,KB금융,bank,KOSPI,2021Q2,2021-07-22,15:43,장후,2021-07-23,1,1.0113250853403206,0.2264926885605864,30.635863782102174,-0.0008285269848496319,1.2376252202162388,60,0.017779237049787646,0.00691882770959193,0.00691882770959193,0.011313212014160315,0.02183099608765117,-0.022839868948951292
024110,기업은행,bank,KOSPI,2021Q2,2021-07-26,15:47,장후,2021-07-27,1,3.4252297265924345,0.9558037575650372,29.66298905469172,0.0015707876111997572,0.7451130230321507,60,-0.008322435204795248,0.006388731887583093,0.006388731887583093,0.0038205092739199277,0.0038300227687291665,-0.15487407979440881
029780,삼성카드,card,KOSPI,2021Q2,2021-07-27,09:45,장중,2021-07-27,2,1.487648775600456,0.3013574660633484,28.941569654734728,7.042782639081469e-05,0.9758640363548355,60,-0.007459053766791874,-0.002300394011170938,0.00908359187202035,-0.002300394011170938,0.013758678676157913,-0.6145037710517194
055550,신한지주,bank,KOSPI,2021Q2,2021-07-27,10:18,장중,2021-07-27,2,3.0723856534055987,0.4337723769055445,30.606790655736408,1.3445493034305173e-05,1.2414065494886644,60,0.0006936012650884185,0.04047856342406384,0.00886007212509065,0.04047856342406384,0.039818951029742033,0.005314926515214147
175330,JB금융지주,bank,KOSPI,2021Q2,2021-07-27,15:47,장후,2021-07-28,1,2.9934084357213213,0.5923789166021397,27.993023356590303,0.0009890414679989284,0.36347115432089483,60,0.030890398995329842,0.039616996915118385,0.039616996915118385,0.03797839274856703,0.03950292674027346,1.598260720350968
138930,BNK금융지주,bank,KOSPI,2021Q2,2021-07-29,15:39,장후,2021-07-30,1,2.463104391094857,0.589404891116089,28.546562126832157,0.0008458558796664451,0.5737589079056985,60,0.011495588207210678,0.01280742242845814,0.01280742242845814,-0.003419726587341361,0.0028825277029976316,0.11061986817407465
139130,iM금융지주,bank,KOSPI,2021Q2,2021-07-29,15:41,장후,2021-07-30,1,1.9460632912606275,0.511288878508311,28.08296663706925,0.0008195057618594865,0.5472617686439741,60,0.03334522247353228,0.023105827122392484,0.023105827122392484,0.002756438656477983,-0.0021022103665870855,1.0195024584454817
071050,한국금융지주,securities,KOSPI,2021Q2,2021-08-02,16:15,장후,2021-08-03,1,,-0.2165783377562641,29.42762660587461,-0.00142745427352212,1.8913355501798084,60,-0.08239665943666194,-0.003705161831033708,-0.003705161831033708,-0.008835799060940498,-0.012515533238789985,0.2401693321519467
006800,미래에셋증권,securities,KOSPI,2021Q2,2021-08-05,15:37,장후,2021-08-06,1,0.626498790388711,0.1430638096916768,29.300083183852212,-0.0019406649718246745,1.8306078431230992,60,-0.01674562191386842,0.030318453603953445,0.030318453603953445,0.015900979337303937,0.032350005954669483,0.638649167169568
016360,삼성증권,securities,KOSPI,2021Q2,2021-08-06,16:08,장후,2021-08-09,1,1.0241988305765588,1.0073705224645326,29.014121632151372,5.3169524138410075e-05,1.4059290596999787,60,-0.020825916437021103,0.012034809961185264,0.012034809961185264,0.04141000597116802,0.08222795817414527,0.17484860800940183
039490,키움증권,securities,KOSPI,2021Q2,2021-08-10,17:34,장후,2021-08-11,1,0.0067541326647437,0.0040064211881017,28.744669789422773,-0.0028630975651259783,1.8625053149777813,60,0.019312436469733765,0.032606642292203655,0.032606642292203655,0.034228450109066486,0.0528220599585785,-0.0396368854678677
105560,KB금융,bank,KOSPI,2021Q3,2021-10-21,15:44,장후,2021-10-22,1,0.6003196917944059,0.1125723587605854,30.738517936162257,0.0019720687169728353,0.6774144450191616,60,0.035926892838318,0.0017698320413354098,0.0017698320413354098,0.022273397554584327,0.008723818755095335,0.10651912244463624
005940,NH투자증권,securities,KOSPI,2021Q3,2021-10-22,15:50,장후,2021-10-25,1,-0.2096967685331189,-0.1046736223806563,29.04485058251081,0.0017352818459784917,0.937891619767922,60,0.00175911720457457,0.005174282081833766,0.005174282081833766,0.009600344274798847,-0.007998219955073944,0.286423275175677
086790,하나금융지주,bank,KOSPI,2021Q3,2021-10-22,15:50,장후,2021-10-25,1,1.4969851367897296,0.2245560460541236,30.230418931271966,0.0015094123812978083,0.9460690356833114,60,0.03842193823445271,0.018589140025481243,0.018589140025481243,0.00923913936917696,-0.024590743205309695,0.11201857967167328
316140,우리금융지주,bank,KOSPI,2021Q3,2021-10-25,15:30,장후,2021-10-26,1,0.8579447688945614,0.6213452728029988,29.870611499867003,0.002021358341599038,0.7621336875204284,60,0.06643072669085194,0.0136259893112754,0.0136259893112754,0.025014698096531937,0.02364830646275723,0.009031356253236922
024110,기업은행,bank,KOSPI,2021Q3,2021-10-26,15:33,장후,2021-10-27,1,1.703039334724822,0.683093483352621,29.77805838447651,0.0016147835299069899,0.5204828690867651,60,0.037501503282362396,-0.006305939266624016,-0.006305939266624016,-0.027345141786741085,-0.020779496024257712,0.1883386837873644
029780,삼성카드,card,KOSPI,2021Q3,2021-10-26,09:08,장중,2021-10-26,2,0.5133127890667195,0.0889929742388758,28.960101902863656,0.0003450186415714953,0.37219427128640303,60,0.005073808371981056,-0.00838667837573618,-0.0052586712054082186,-0.00838667837573618,-0.02821023955396718,-0.20207120622706665
055550,신한지주,bank,KOSPI,2021Q3,2021-10-26,13:35,장중,2021-10-26,2,-0.1730404462792308,-0.0253579128708857,30.67182312600726,0.0013635855335603858,0.7720950432469667,60,0.01843706824820822,-0.027727696627815865,-0.003698476839783466,-0.027727696627815865,-0.04976140657646351,0.10122146552697942
175330,JB금융지주,bank,KOSPI,2021Q3,2021-10-26,15:48,장후,2021-10-27,1,1.1129361519806775,0.2188003092455318,28.1823120165186,0.004820001317713332,0.7510431525349828,60,-0.055573412352188725,0.005482536487910621,0.005482536487910621,0.0035144538605139555,-0.017603097887421905,0.0751127449022917
138930,BNK금융지주,bank,KOSPI,2021Q3,2021-10-28,15:48,장후,2021-10-29,1,2.6566643927292573,1.0166543382573732,28.69251603945524,0.004138605031157727,0.5662921540296392,60,-0.04440646281145594,-0.009199484274298151,-0.009199484274298151,-0.021752017956781736,-0.03976574902911309,0.3027487305230441
139130,iM금융지주,bank,KOSPI,2021Q3,2021-10-28,15:45,장후,2021-10-29,1,1.4038761876350716,0.490507621852895,28.21015394416558,0.0030993479139135548,0.30289094920452675,60,0.0034190930924336595,-0.01830118989115684,-0.01830118989115684,-0.007852823429789813,-0.05752554763688647,-0.09238458917569403
071050,한국금융지주,securities,KOSPI,2021Q3,2021-11-02,16:13,장후,2021-11-03,1,,2.026473415959676,29.3330410081933,-0.001449346094705022,1.257702568198727,60,-0.005106815561025883,0.018461617495393216,0.018461617495393216,-0.0017354668429580451,0.028237382985822464,0.02206866706203847
323410,카카오뱅크,bank,KOSPI,2021Q3,2021-11-02,15:48,장후,2021-11-03,1,,0.280185148709868,31.04723550906591,-0.0013407043614804314,0.7384781700138486,51,0.05029822188237278,-0.06549263055545902,-0.06549263055545902,-0.05596299205804574,-0.12372237697425821,0.09963363079990728
016360,삼성증권,securities,KOSPI,2021Q3,2021-11-05,16:01,장후,2021-11-08,1,0.3016086020923573,0.1475328475897506,29.064350530483136,0.002220732297067621,0.7480877232928211,60,-0.019232141844713526,0.007494997885311477,0.007494997885311477,0.021475226140476186,0.008744517250581155,-0.371552160208692
039490,키움증권,securities,KOSPI,2021Q3,2021-11-09,16:33,장후,2021-11-10,1,-0.2406616597013066,-0.1167506909223433,28.674772349805394,-0.0001808137425947775,1.363915829652678,60,0.06106876096965019,-0.021741782991486124,-0.021741782991486124,-0.019115042639471974,-0.0027499936002272785,0.00025192632911696933
006800,미래에셋증권,securities,KOSPI,2021Q3,2021-11-11,15:43,장후,2021-11-12,1,1.6203476187096686,0.4921195723554598,29.255729698716447,0.0014562615102534334,1.1915987999508575,60,0.010633998923532628,0.030888662610256353,0.030888662610256353,0.02260331580912916,0.013698531183303605,0.8368554755885427
005940,NH투자증권,securities,KOSPI,2021Q4,2022-01-21,16:40,장후,2022-01-24,1,1.0841947217244567,1.71527617719462,28.928289841820234,-0.0011404635005031537,0.9199397153988236,60,-4.452334732697391e-05,0.006349444457182565,0.006349444457182565,0.00950996457987742,0.03942922396251419,-0.48650051241555836
006800,미래에셋증권,securities,KOSPI,2021Q4,2022-01-27,15:40,장후,2022-01-28,1,0.0291048419922026,0.0107498490336128,29.150215644216654,0.0004997798184924259,1.1846302402440243,60,0.04839061840304894,0.02822333143402643,0.02822333143402643,0.030189425472855635,0.008375018747360343,0.5299347137862398
029780,삼성카드,card,KOSPI,2021Q4,2022-01-27,17:44,장후,2022-01-28,1,3.664188336709578,1.689542616155452,28.787898476235288,-0.00183389602318783,0.5760511465482249,60,0.038192795579146406,0.029034665193915128,0.029034665193915128,0.030973860082442767,0.04264669239228197,0.42968928124646766
016360,삼성증권,securities,KOSPI,2021Q4,2022-01-28,16:25,장후,2022-02-03,1,0.1636709279309423,0.1354985042946981,28.904146778942803,-0.0010987044925077176,1.0199720899087137,60,0.01896653472959589,0.021018980734060052,0.021018980734060052,0.01465391016550999,0.037193354120745474,0.04752933905073142
003540,대신증권,securities,KOSPI,2021Q4,2022-02-03,16:25,장후,2022-02-04,1,,,27.679281968608795,-0.002510557081817722,1.110879749392459,60,0.05846646775875954,-0.017728307624943183,-0.017728307624943183,-0.01608717853661238,-0.0029524383945218396,-0.325651439183714
138040,메리츠금융지주,securities,KOSPI,2021Q4,2022-02-07,17:11,장후,2022-02-08,1,,,29.364608952301236,0.007023810582595473,0.7741863762863147,60,-0.09216290610868769,-0.018644806887430355,-0.018644806887430355,-0.026324179220608628,-0.0898156859612324,0.3766928127397122
024110,기업은행,bank,KOSPI,2021Q4,2022-02-08,15:33,장후,2022-02-09,1,1.6007971066795683,0.6639062702256958,29.701271241262738,2.9901834587429477e-05,0.6323664086484443,60,0.0024462327795599127,0.036607436018307515,0.036607436018307515,0.0404096895020821,0.05592769721690106,1.1619045354138553
105560,KB금융,bank,KOSPI,2021Q4,2022-02-08,15:53,장후,2022-02-09,1,0.2871726803853783,0.1037995384839266,30.802620822355014,0.002593495380890701,0.8480275667462772,60,-0.009229937088209792,0.040333687795421666,0.040333687795421666,0.06309439499288498,0.06496211390496581,0.677117134989988
055550,신한지주,bank,KOSPI,2021Q4,2022-02-09,14:45,장중,2022-02-09,2,-0.0265710863509177,-0.0098687964719537,30.65187233958791,0.0017174294190455844,0.7453811488201046,60,-0.005418560263471617,0.010898264207413109,0.01591042411765179,0.010898264207413109,0.023353050101734423,0.5815211956892954
316140,우리금융지주,bank,KOSPI,2021Q4,2022-02-09,15:45,장후,2022-02-10,1,0.6712089834341527,1.340320236393557,30.028341274143862,0.0023630321345930625,0.5943401146847409,60,0.04382323721069892,-0.02213261996229077,-0.02213261996229077,-0.04533984148443944,-0.07832058421470307,0.4095983068531357
323410,카카오뱅크,bank,KOSPI,2021Q4,2022-02-09,15:45,장후,2022-02-10,1,,0.3033392168869998,30.67551593422294,-0.004525970064899782,0.962900172834945,60,0.060372842209031795,-0.02873116967606718,-0.02873116967606718,-0.031058224569548862,0.05075310645406999,0.9085746651708213
071050,한국금융지주,securities,KOSPI,2021Q4,2022-02-10,15:46,장후,2022-02-11,1,,-0.1108242737762691,29.167541023609107,-0.0002539193119035798,1.362277863150293,60,0.02359925481671729,0.014718654938289019,0.014718654938289019,0.02142400764097286,0.005473016114566413,0.15353701653319973
086790,하나금융지주,bank,KOSPI,2021Q4,2022-02-10,15:36,장후,2022-02-11,1,2.9966774528697733,0.5849521214100442,30.282145501229554,0.0014023193585821262,0.6558308362031526,60,0.05794197260500422,0.056469240438350866,0.056469240438350866,0.04175067350631113,0.04479196407331367,1.0794131494378192
138930,BNK금융지주,bank,KOSPI,2021Q4,2022-02-10,15:40,장후,2022-02-11,1,-0.3747357395189122,-0.3376538488283151,28.650102805773,0.000483885712019339,0.8013473189600262,60,0.03543665347121635,0.0018538784630301418,0.0018538784630301418,-0.004925049731874858,-0.018132787652933878,0.39625673701486086
139130,iM금융지주,bank,KOSPI,2021Q4,2022-02-10,15:37,장후,2022-02-11,1,0.981104805358931,0.3271406396384043,28.13436756829023,5.481963968255476e-06,0.5735133517174998,60,0.04010854217652668,0.02527126632841571,0.02527126632841571,0.01206996857686364,0.0005733190448681379,1.2921140919136906
039490,키움증권,securities,KOSPI,2021Q4,2022-02-11,16:36,장후,2022-02-14,1,-0.1692590861254619,-0.1066665046621777,28.541094037220923,-0.0008440967037992269,1.3251056201280684,60,0.04665996378160568,0.024958628922322385,0.024958628922322385,0.03335237606836991,0.03369662359174457,-0.3021773973696966
175330,JB금융지주,bank,KOSPI,2021Q4,2022-02-11,15:45,장후,2022-02-14,1,1.163783112815158,0.3461704938468872,28.13178462195345,0.0006450060993879246,0.6067737318896794,60,0.007995127275008257,0.007798766364133803,0.007798766364133803,-0.0007970872710581379,-0.006502683801055901,0.31800705055365697
005940,NH투자증권,securities,KOSPI,2022Q1,2022-04-21,15:50,장후,2022-04-22,1,-1.277066889202345,-0.6023219411396855,28.984685958202746,-0.00036860133554707806,0.6817314611667898,60,-0.01897441439907852,-0.00740136561310112,-0.00740136561310112,-0.03232083475380302,-0.036501129296531945,0.6228267196290354
055550,신한지주,bank,KOSPI,2022Q1,2022-04-22,13:18,장중,2022-04-22,2,1.2091031433029,0.1748799014713852,30.685265099222157,0.0012441032134360508,0.488292639807237,60,0.006333455507215661,0.02718927079211399,0.022142388638149078,0.02718927079211399,0.007611913140636268,0.4736952910349963
086790,하나금융지주,bank,KOSPI,2022Q1,2022-04-22,15:37,장후,2022-04-25,1,0.5530207426973597,0.0796534941967817,30.285227167766962,0.0010911419386338864,0.626861295986968,60,0.031223841727563276,-0.016994195797171457,-0.016994195797171457,-0.024941265490738426,-0.019550755270316,0.11677000910359858
105560,KB금융,bank,KOSPI,2022Q1,2022-04-22,15:44,장후,2022-04-25,1,0.9180068638246306,0.1442045960087085,30.813993812527286,0.00026332969318422527,0.768937068063237,60,0.03744623525287791,-0.01779174873490093,-0.01779174873490093,-0.021283680876077744,-0.036687619528671354,-0.05843238115938476
316140,우리금융지주,bank,KOSPI,2022Q1,2022-04-22,14:37,장중,2022-04-22,2,0.6952882601890296,0.3254774749926173,30.098189304546885,0.0014880250141122028,0.7281323472708143,60,0.040127884114178135,-0.008755274751198354,0.004811061710250496,-0.008755274751198354,-0.038919855331181974,0.02970308433396074
024110,기업은행,bank,KOSPI,2022Q1,2022-04-25,15:39,장후,2022-04-26,1,0.4505318305885066,0.1171668785657178,29.782396786075108,0.001321455989656406,0.6011679415801937,60,0.04575581778565715,-0.03461729038997153,-0.03461729038997153,-0.047330866333043425,-0.0401218180782493,0.4706616771697618
029780,삼성카드,card,KOSPI,2022Q1,2022-04-25,09:17,장중,2022-04-25,2,0.7452929589381136,0.1618497109826589,28.891411649021624,0.0016898268965782324,0.46804532202114135,60,-0.01447669320544805,0.010497885875917778,0.014152935071188288,0.010497885875917778,0.010260604473992121,0.3058543040469681
175330,JB금융지주,bank,KOSPI,2022Q1,2022-04-26,15:09,마감직전,2022-04-26,2,1.5815055654005932,0.2604027352752276,28.19123069325044,0.0009378180573260906,0.4852676809340099,60,0.03457165897230343,-0.016481911389359834,-0.004085847645174396,-0.016481911389359834,-0.017309164438486818,0.15971087642151804
138930,BNK금융지주,bank,KOSPI,2022Q1,2022-04-28,15:40,장후,2022-04-29,1,1.2449205219277737,0.4337520690317191,28.560746761824113,-0.0002753872282349047,0.7967806406642528,60,-0.002222771625313119,0.0010083596847857753,0.0010083596847857753,0.00480209019237321,0.008287470009928521,0.6282182211020135
139130,iM금융지주,bank,KOSPI,2022Q1,2022-04-28,15:40,장후,2022-04-29,1,1.684755313760142,0.3135115004412348,28.04120232572622,-0.00010979356341202944,0.6197757809716563,60,-0.014264318339839887,-0.0028994245867613186,-0.0028994245867613186,-0.011157511457103985,-0.00639790439719027,0.6104673639184188
323410,카카오뱅크,bank,KOSPI,2022Q1,2022-05-03,07:37,장전,2022-05-03,2,,0.431755829903978,30.602799266641476,0.0009246090655759072,0.9052265896771078,60,-0.04721273808691369,0.009964562213376854,0.005075921255801988,0.009964562213376854,0.017613749497102635,-0.03188455280381408
071050,한국금융지주,securities,KOSPI,2022Q1,2022-05-04,15:49,장후,2022-05-06,1,,-0.2363349013166081,28.95269891286559,-0.0003064489282391979,1.1192446997279168,60,0.008078468616248587,4.728554553774106e-05,4.728554553774106e-05,0.011851214799371115,-0.01449756216732106,0.4364276872726123
039490,키움증권,securities,KOSPI,2022Q1,2022-05-10,15:51,장후,2022-05-11,1,-0.883180720353159,-0.4622970457181224,28.428220156229575,0.0002857051636427477,0.9864977577691759,60,-0.025971111462125204,-0.023972272649981172,-0.023972272649981172,-0.03884201187388849,-0.025303412031171778,0.7256189829496495
006800,미래에셋증권,securities,KOSPI,2022Q1,2022-05-12,16:41,장후,2022-05-13,1,-1.3521695654614347,-0.3414147450560169,29.099207366217318,-0.0010233859472430734,0.9744786491101558,60,0.018035238065696096,-0.007739016273984021,-0.007739016273984021,-0.007735700743241586,-0.0024685580563497097,-0.04299697188237772
016360,삼성증권,securities,KOSPI,2022Q1,2022-05-12,16:09,장후,2022-05-13,1,-1.3843478713550503,-0.4748892886797675,28.82618523747309,-0.000546247518402792,0.9513360633695888,60,-0.01876910433270062,0.008536025947991358,0.008536025947991358,-0.008023173861520353,-0.0030040494952521353,0.3264851975608689
105560,KB금융,bank,KOSPI,2022Q2,2022-07-21,15:40,장후,2022-07-22,1,0.5794178512173104,0.0823980549309294,30.472815110003395,-0.0026645853115308624,0.7651517025233854,60,0.055474778287820194,-0.01090318952920705,-0.01090318952920705,-0.00951227649104085,-0.011082555327047328,0.2808589333613405
024110,기업은행,bank,KOSPI,2022Q2,2022-07-22,15:16,마감직전,2022-07-22,2,-0.3835525214901542,-0.0874877257810279,29.575356642327474,-0.0018722239636374013,0.6043490519525445,60,0.026267553620393413,0.005118175815168546,0.0005653008958129684,0.005118175815168546,-0.0015896335078805952,-0.44382575662589296
055550,신한지주,bank,KOSPI,2022Q2,2022-07-22,10:02,장중,2022-07-22,2,0.3898705106922044,0.0547897057214135,30.576259666215943,-0.0008923724632561992,0.7607599650237198,60,0.029516351180433255,0.007689377227814282,0.0003736181890242893,0.007689377227814282,-0.004033819195044793,0.088886207747926
086790,하나금융지주,bank,KOSPI,2022Q2,2022-07-22,15:20,마감직전,2022-07-22,2,-0.7486371611293396,-0.1003838018186972,30.02019267474359,-0.002801617433761765,0.8505921032659849,60,0.05483498884261883,-0.023694632594984107,-0.02551712715464819,-0.023694632594984107,-0.026417472035427884,0.5495197970581165
316140,우리금융지주,bank,KOSPI,2022Q2,2022-07-22,14:36,장중,2022-07-22,2,0.4031847731189017,0.1655604940240102,29.815082482062195,-0.0026615672878314797,0.9454378005617972,60,0.05523272938573597,-0.013232492190016846,-0.0034019183261745946,-0.013232492190016846,-0.020958370497682323,-0.4241399744800134
005940,NH투자증권,securities,KOSPI,2022Q2,2022-07-25,16:39,장후,2022-07-26,1,-1.203358812856282,-0.5573456491112598,28.836329531033186,-0.0005747117928817922,0.9143484285421886,60,0.012107817873602484,-0.001897093675790203,-0.001897093675790203,0.012257525932166275,0.026369774978701084,-0.5941190678530202
029780,삼성카드,card,KOSPI,2022Q2,2022-07-25,09:08,장중,2022-07-25,2,0.4237945633081157,0.0792767732962447,28.81765273731708,-0.000584190008121064,0.47528003898458504,60,0.021846292750241567,0.015005026470876127,0.011438708954202901,0.015005026470876127,0.01339791276321849,0.06439462120189443
175330,JB금융지주,bank,KOSPI,2022Q2,2022-07-26,13:13,장중,2022-07-26,2,0.3398661853042381,0.0493870282857338,27.98623446425662,-0.0015197227289434386,0.8481399700192794,60,0.019543225354771324,0.005660828503912731,-0.0017449047420293512,0.005660828503912731,0.005591303494632988,-0.4276535976813136
138930,BNK금융지주,bank,KOSPI,2022Q2,2022-07-28,15:36,장후,2022-07-29,1,-0.7349026244676968,-0.169009531281783,28.417842884896704,-0.0017108299378945778,0.8234514673452932,60,0.01605932500392996,-0.0008090429935985171,-0.0008090429935985171,-0.0052585339551043725,-0.021350925750593934,0.15966838693265117
139130,iM금융지주,bank,KOSPI,2022Q2,2022-07-28,15:35,장후,2022-07-29,1,-3.669967769600453,-0.331342133676232,27.90301041843863,-0.001477337369275023,0.7410623996049956,60,-0.009581799864709445,-0.008613095866611372,-0.008613095866611372,-0.009956476031368526,-0.03343098697103303,0.16764735299875966
071050,한국금융지주,securities,KOSPI,2022Q2,2022-08-02,16:05,장후,2022-08-03,1,-0.7026899072686907,-0.671163608481836,28.81251494052004,-0.00011764633238349671,1.1466328795405123,60,-0.021673046520272105,-0.011716279395168866,-0.011716279395168866,-0.03500657076515253,-0.02116268974138819,0.20238663303080884
323410,카카오뱅크,bank,KOSPI,2022Q2,2022-08-03,07:36,장전,2022-08-03,2,,-0.177197286765767,30.3018918886374,-0.003712417563277115,1.3404855979740398,60,0.013766495472616148,0.06982456168307194,0.02578241234714644,0.06982456168307194,0.03872113780270024,0.7465952481119258
006800,미래에셋증권,securities,KOSPI,2022Q2,2022-08-09,15:39,장후,2022-08-10,1,-1.076320813956028,-0.261861051063545,28.92455063375669,-0.0018550438295631816,1.113969760505576,60,0.0018802922987700222,0.014987188377494303,0.014987188377494303,0.015637645953450567,0.010725605599268726,-0.38883585314631297
039490,키움증권,securities,KOSPI,2022Q2,2022-08-09,16:17,장후,2022-08-10,1,-0.8551785070670856,-0.508669342054009,28.415635579085553,-9.424908643392905e-05,1.3514736867102402,60,0.04569784578205434,-0.01638186426827785,-0.01638186426827785,0.016080394086349845,0.0022037911081608007,-0.5804690953601916
016360,삼성증권,securities,KOSPI,2022Q2,2022-08-11,15:44,장후,2022-08-12,1,-1.022115223446951,-0.4826339652036467,28.784800021310236,-0.0006849308389682096,1.112979118499869,60,0.009425387860622551,0.004469925120385997,0.004469925120385997,-0.004326619985452747,-0.0016332623542677383,-0.013871974442340118
175330,JB금융지주,bank,KOSPI,2022Q3,2022-10-24,14:50,장중,2022-10-24,2,2.318109769056546,0.2465056230923649,27.964195004690325,0.0011386805491603966,0.6902539021371364,60,-0.012810878376756173,-0.02170368537138069,-0.013874062068952815,-0.02170368537138069,-0.02497637811999627,0.07172992676457124
055550,신한지주,bank,KOSPI,2022Q3,2022-10-25,10:10,장중,2022-10-25,2,3.139659761049484,0.4292453379822796,30.538552010175476,0.001746938105037009,0.9014965078268371,60,-0.02929934767364411,-0.021565114794151574,0.004279140676589657,-0.021565114794151574,0.005005215359180741,0.21787028682719178
086790,하나금융지주,bank,KOSPI,2022Q3,2022-10-25,11:56,장중,2022-10-25,2,1.3429377477979332,0.2078630575614314,30.030831072948647,0.0025721570787709852,1.1993175342640419,60,-0.034856776736107084,0.024057890105772407,0.0072291553802038035,0.024057890105772407,0.06230691057629588,0.28499610684664756
105560,KB금융,bank,KOSPI,2022Q3,2022-10-25,15:42,장후,2022-10-26,1,-0.1690771965952576,-0.020633622057677,30.50275864192871,0.001363168040881681,1.1331150695615813,60,-0.03367220320959809,-0.01857021828210673,-0.01857021828210673,-0.0026778835974475834,0.014301588416945503,-0.005789933289189975
316140,우리금융지주,bank,KOSPI,2022Q3,2022-10-25,14:40,장중,2022-10-25,2,0.6185860721180869,0.1562157077911898,29.751167792308795,0.0014496741294331126,1.22106126908829,60,-0.0378632257644866,-0.01896668430961283,0.0035028884840167516,-0.01896668430961283,0.011060407714888948,0.0575811762570968
016360,삼성증권,securities,KOSPI,2022Q3,2022-10-26,17:27,장후,2022-10-27,1,-1.0102393472743632,-0.5397928519764069,28.674600107566175,0.0003388614658523569,1.0021848506235902,60,-0.05198777541660371,0.025649803663136916,0.025649803663136916,0.038973248019541024,0.012320824709756944,0.8689217186859182
024110,기업은행,bank,KOSPI,2022Q3,2022-10-26,15:31,장후,2022-10-27,1,1.4354448761629022,0.3051502640106591,29.63829644210135,0.002413298578154827,0.6515501666916503,60,-0.049987814228043714,0.030342018015986964,0.030342018015986964,0.03852962134187014,0.010014332936559886,0.5949495986260356
029780,삼성카드,card,KOSPI,2022Q3,2022-10-26,09:15,장중,2022-10-26,2,0.0366202592109699,0.007168458781362,28.81275476834153,0.0006344090583447463,0.507688729972733,60,-0.004701299527316155,-0.005174572719758226,-0.013783640217214628,-0.005174572719758226,-0.0042721580921129265,0.2331531437590737
005940,NH투자증권,securities,KOSPI,2022Q3,2022-10-27,16:30,장후,2022-10-28,1,-1.4352372494994696,-0.9438485481045216,28.784589290592706,-0.0002056614593566688,0.7319113177766318,60,-0.001843569715909977,0.008959560705515134,0.008959560705515134,-0.010010704673846942,-0.01550196471266147,0.1778090750605763
138930,BNK금융지주,bank,KOSPI,2022Q3,2022-10-27,15:30,장후,2022-10-28,1,-0.2477089826612889,-0.0626752277052252,28.367870338088782,0.000543898004548569,0.8768482815135191,60,-0.023997803784776464,0.008850436970926714,0.008850436970926714,-0.007605553490638527,-0.025077640993137012,0.08493241343598079
139130,iM금융지주,bank,KOSPI,2022Q3,2022-10-27,15:31,장후,2022-10-28,1,-1.0038490090338654,-0.2482175426960703,27.808473135748656,-0.000685110640688104,0.4840874406445049,60,-0.034171348745318283,-0.007814920290246132,-0.007814920290246132,-0.038644395835582955,-0.05371057556529337,0.6685705782418623
323410,카카오뱅크,bank,KOSPI,2022Q3,2022-11-02,08:18,장전,2022-11-02,2,1.9461018623450712,0.513904915762751,29.739982420641308,-0.007870265430581565,1.7813523146768078,60,0.017746998830693812,0.15785912296752153,0.16406023740147613,0.15785912296752153,0.1735192474386205,1.9285590806366955
039490,키움증권,securities,KOSPI,2022Q3,2022-11-08,17:36,장후,2022-11-09,1,-0.7850975132809835,-0.4692902149899854,28.33917271508434,0.0009085359588470762,1.7570230837423113,60,-0.02590889930626758,0.03067853704114871,0.03067853704114871,0.04358997474099889,0.05609011080950936,0.9581191711018988
071050,한국금융지주,securities,KOSPI,2022Q3,2022-11-09,15:55,장후,2022-11-10,1,-2.1043873504276576,-0.7798785269061573,28.673885043224132,-0.0021900134507193336,1.3649312363200765,60,0.026036081861193217,0.018445259650949203,0.018445259650949203,0.03297888901156378,0.03716551053931292,-0.05492486828384102
006800,미래에셋증권,securities,KOSPI,2022Q3,2022-11-10,15:49,장후,2022-11-11,1,-2.442459090205318,-0.696130813535551,28.91524164042551,4.824535290300915e-05,0.7536506273204039,60,0.031066547668123088,0.009339353282977705,0.009339353282977705,0.010402356527315571,0.010929612582368433,0.49389230334067946
006800,미래에셋증권,securities,KOSPI,2022Q4,2023-01-26,17:10,장후,2023-01-27,1,-1.0245115441232795,-0.7146786890917827,28.962145102414688,0.0002574772932717995,1.2618947517549268,60,-0.028767021923814126,0.007561288496536887,0.007561288496536887,9.144584955416216e-05,0.012830541241369849,0.3589398252126035
016360,삼성증권,securities,KOSPI,2022Q4,2023-01-27,16:27,장후,2023-01-30,1,-0.8339852744520093,-0.9172589642408426,28.824996676930944,0.0011862325568348304,1.1721114883381523,60,-0.04486424310818775,-0.018037223314714097,-0.018037223314714097,-0.039419004505439545,-0.039102536753507736,0.5728693474817135
005940,NH투자증권,securities,KOSPI,2022Q4,2023-02-01,16:28,장후,2023-02-02,1,-0.8043510860208224,-0.6343657490271355,28.811970409212407,-0.00045442260635912524,0.9234161369345922,60,-0.012168528988173031,-0.013154284237658015,-0.013154284237658015,0.001154610188922595,0.0032370958477024904,0.28065935532672803
138040,메리츠금융지주,securities,KOSPI,2022Q4,2023-02-02,16:01,장후,2023-02-03,1,,,29.265399610206103,0.011744855725635817,0.41062381697001077,60,-0.11559600549800003,-0.01717134987282144,-0.01717134987282144,-0.03843674166374306,-0.0707043954203641,-0.30888818230810955
138930,BNK금융지주,bank,KOSPI,2022Q4,2023-02-02,15:48,장후,2023-02-03,1,-0.0100375246206253,-0.0139419644731869,28.462615705678147,0.0011141832266530504,0.8215531033724301,60,-0.06507086927370975,0.0008752605260433565,0.0008752605260433565,0.0022001611504447642,0.01938390793132322,-0.10477832384133201
024110,기업은행,bank,KOSPI,2022Q4,2023-02-07,15:27,마감직전,2023-02-07,2,1.4954416975306764,0.290773407484317,29.71023545924079,-0.0007151746986894655,0.7428739621985856,60,-0.030838440656892015,0.021046447667319043,0.005540301341252304,0.021046447667319043,0.031459057094064186,0.16932768270283916
105560,KB금융,bank,KOSPI,2022Q4,2023-02-07,15:44,장후,2023-02-08,1,-1.445069870401646,-0.3951105586318604,30.704856653589125,0.0020300973367385136,1.0167580425889975,60,-0.02843604226425363,-0.011589269584267616,-0.011589269584267616,-0.040050396473263514,-0.012140981349293643,0.3739840156786105
055550,신한지주,bank,KOSPI,2022Q4,2023-02-08,13:37,장중,2023-02-08,2,-0.6716254733023319,-0.2890106783236554,30.663961671669675,0.0020020111343895274,0.8880889571012167,60,-0.03792447367280874,-0.034539701210968554,0.004722038611840163,-0.034539701210968554,-0.00836657876389137,0.5602522831604473
316140,우리금융지주,bank,KOSPI,2022Q4,2023-02-08,15:11,마감직전,2023-02-08,2,0.6460594788954095,0.3014641025641025,29.82277732468692,0.0010999321849560714,1.2156423896716115,60,-0.05784026178346889,-0.00637793926482513,0.023016222191838444,-0.00637793926482513,0.04660602479086133,0.3028940820287538
323410,카카오뱅크,bank,KOSPI,2022Q4,2023-02-08,07:42,장전,2023-02-08,2,1.6442656765187205,0.6737956429174864,30.252118453296468,0.0035476435172433806,2.4402668907006246,60,0.01297458675878299,-0.0829413863227101,-0.05269852033610917,-0.0829413863227101,-0.11782989880898433,0.18543986197373918
003540,대신증권,securities,KOSPI,2022Q4,2023-02-09,16:34,장후,2023-02-10,1,,,27.512381488502164,-0.0007085012509338905,0.9697621426644902,60,-0.0014098018210060431,-0.012888486672244202,-0.012888486672244202,-0.0062053910656906935,-0.010506070403812332,0.2759214992101846
029780,삼성카드,card,KOSPI,2022Q4,2023-02-09,09:20,장중,2023-02-09,2,1.2903940995248755,0.2812982998454404,28.825763081854532,-0.0005613786826102943,0.6051284596959231,60,0.0009988019762745253,0.006138190515211048,-0.0005413361286016542,0.006138190515211048,0.005027675257236427,-0.16977647330809909
071050,한국금융지주,securities,KOSPI,2022Q4,2023-02-09,15:55,장후,2023-02-10,1,-0.5964871440026589,-0.6799037771353668,28.836496905206523,0.0019024803155631286,1.343999379791181,60,-0.006851954603152544,-0.009821792807761798,-0.009821792807761798,-0.025116033359862993,-0.026803967347115067,-0.19854102142190477
086790,하나금융지주,bank,KOSPI,2022Q4,2023-02-09,15:33,장후,2023-02-10,1,-0.5653355982239808,-0.0807072348165481,30.26659308822207,0.0018133405169892215,1.1565449233157232,60,-0.010784371060638481,0.02437791728407322,0.02437791728407322,0.03363307754670469,-0.059075498244377446,0.2817787341692828
139130,iM금융지주,bank,KOSPI,2022Q4,2023-02-09,16:03,장후,2023-02-10,1,-1.3086950648069593,-0.5376634148078847,27.90686894412616,0.0013570033189216543,0.8203049579562913,60,0.015035180468996337,0.0012651433158201897,0.0012651433158201897,0.01962394359488562,-0.018802045402353022,-0.2514237326741249
175330,JB금융지주,bank,KOSPI,2022Q4,2023-02-09,14:26,장중,2023-02-09,2,1.4097801229281304,0.2012272572119319,28.302456328360666,0.004231101691490781,0.652457031791414,60,0.019776695545477854,-0.009775382340280317,-0.05774119038820789,-0.009775382340280317,-0.0725549437466869,1.3488323593278073
039490,키움증권,securities,KOSPI,2022Q4,2023-02-10,17:25,장후,2023-02-13,1,-0.4180264570752778,-0.2882454272343001,28.557905575592063,0.0026721911186495984,1.6330597913568043,60,-0.0023838657918390863,0.01548027497559304,0.01548027497559304,0.037791338876061197,0.03533231193660205,0.713814561861378
316140,우리금융지주,bank,KOSPI,2023Q1,2023-04-24,15:47,장후,2023-04-25,1,0.440817058183492,0.0859628593354528,29.77066797662145,-0.002974309447866532,0.9215321055659083,60,0.0424204744268935,0.036848742550730826,0.036848742550730826,0.027011217524867525,0.025083580079173544,0.2668876124447763
029780,삼성카드,card,KOSPI,2023Q1,2023-04-25,09:20,장중,2023-04-25,2,-0.6209314393239223,-0.0951492537313432,28.804537795239252,-0.00047808807301942606,0.34140221326604087,60,0.009408307273923739,-0.0020567551135691276,0.0018692297348867123,-0.0020567551135691276,-0.011741653441174142,0.2121320158231459
175330,JB금융지주,bank,KOSPI,2023Q1,2023-04-26,15:51,장후,2023-04-27,1,-0.2497441826885503,-0.0206524866912857,28.149298204446158,-0.004202411027074416,0.7479784118427014,60,0.022553015750092213,-0.04528486144530762,-0.04528486144530762,-0.029549501158025272,-0.03677818145156837,0.6303615407147252
005940,NH투자증권,securities,KOSPI,2023Q1,2023-04-27,16:29,장후,2023-04-28,1,0.5341201176131178,0.7979293841871368,28.77195786076792,-0.0007989800298348595,0.9285115243904047,60,-0.022480768089528265,0.04239623587111903,0.04239623587111903,0.027233888930157414,0.032094934327570386,0.41085599136278006
024110,기업은행,bank,KOSPI,2023Q1,2023-04-27,15:28,마감직전,2023-04-27,2,0.6953759894700977,0.1260451116062702,29.714215563997417,-0.0013454255924404022,0.753549382835387,60,0.022746717917889125,-0.0033501742803892748,-0.0029705692766754744,-0.0033501742803892748,-0.01665253076304668,-0.1253600711879539
055550,신한지주,bank,KOSPI,2023Q1,2023-04-27,13:28,장중,2023-04-27,2,0.0147226507162478,0.0022674459748501,30.513324650043888,-0.00439815104613945,0.9598934223791454,60,0.04778549800883925,-0.00901325475939778,-0.012645650440792158,-0.00901325475939778,-0.003032350198449706,0.01593208345966257
086790,하나금융지주,bank,KOSPI,2023Q1,2023-04-27,14:46,장중,2023-04-27,2,1.3989269754817466,0.2214292442636848,30.13738135674206,-0.004421184448453241,0.9132550982559617,60,0.05112669956555298,0.00034417867217690495,-0.009163440023094934,0.00034417867217690495,-0.00034685624024048504,0.19080516731893749
105560,KB금융,bank,KOSPI,2023Q1,2023-04-27,15:27,마감직전,2023-04-27,2,0.1644925998673113,0.0253729360825758,30.565353383383393,-0.003475331266315953,0.917692051778514,60,0.03995387350910237,0.011977006462699568,-0.014974379434223646,0.011977006462699568,-0.0055657013067091955,0.1794750191928447
138930,BNK금융지주,bank,KOSPI,2023Q1,2023-04-27,15:06,마감직전,2023-04-27,2,-0.2884765745969015,-0.0707991184038622,28.40296165790005,-0.0019415999084474436,0.794715258975255,60,0.02613789729237965,-0.005947920519568339,-0.01666838360781524,-0.005947920519568339,-0.0035305386685864247,-0.12444287699996259
139130,iM금융지주,bank,KOSPI,2023Q1,2023-04-27,15:30,장후,2023-04-28,1,-0.0404759456330682,-0.0115031126069407,27.759116238778564,-0.0023202133456877386,0.5357313185101853,60,-0.01924271481290648,0.020254311147614584,0.020254311147614584,0.026422042318746477,0.033163772926748825,-0.10211486141906256
323410,카카오뱅크,bank,KOSPI,2023Q1,2023-05-03,07:53,장전,2023-05-03,2,2.4409009288802723,0.5247754491017964,30.0059533101899,-0.0042303449688618575,1.3391175541875406,60,0.005277734124067412,0.0643491193208222,0.08295853292186064,0.0643491193208222,0.1176350325875018,1.258937932138707
071050,한국금융지주,securities,KOSPI,2023Q1,2023-05-04,16:13,장후,2023-05-08,1,-0.0174401020571488,-0.0183911717161182,28.677391829153766,-0.0026715081208188163,1.3335033910444145,60,-0.024782477087884357,0.040108242968906825,0.040108242968906825,0.04086146210288502,0.0671025893150342,0.7620777117087663
039490,키움증권,securities,KOSPI,2023Q1,2023-05-09,17:43,장후,2023-05-10,1,1.24344785035321,1.068259700454781,28.447950368555926,-0.0017353731200779059,1.5397046966718295,60,-0.02360777257312445,0.007874281078809636,0.007874281078809636,0.03797227030812446,0.08755166536293249,0.636981723406894
006800,미래에셋증권,securities,KOSPI,2023Q1,2023-05-11,17:33,장후,2023-05-12,1,0.2605195366882519,0.180203804889722,28.93976139348344,-0.0005224938528169956,1.6303354287906466,60,0.028397471281804785,0.01637965342158159,0.01637965342158159,0.010133753551805125,-0.0032021964644567604,0.45857088338026664
016360,삼성증권,securities,KOSPI,2023Q1,2023-05-11,16:29,장후,2023-05-12,1,0.653764062339002,0.6644177680559765,28.7663204620354,-0.00031966755628422673,1.0966767007805225,60,0.03380554453382248,0.005764674293539331,0.005764674293539331,0.012928294149794795,0.01108094801758823,0.09986840775913386
138040,메리츠금융지주,securities,KOSPI,2023Q1,2023-05-12,15:54,장후,2023-05-15,1,,0.3125904557011539,29.849035676102257,0.0011945749839763985,0.4622078581577686,60,0.011811465111022094,-0.03597834779459383,-0.03597834779459383,-0.016331936269564046,-0.0462341954166138,0.5837802589178214
024110,기업은행,bank,KOSPI,2023Q2,2023-07-25,15:25,마감직전,2023-07-25,2,1.222055386048733,0.2734300980817105,29.72311329941728,5.2161138904183787e-05,0.5746486839654912,60,-0.01214244234359743,0.012767238149986839,0.001165213787497512,0.012767238149986839,0.025649161491022955,0.5787143322674018
029780,삼성카드,card,KOSPI,2023Q2,2023-07-25,09:07,장중,2023-07-25,2,-0.3478983212969772,-0.0650773195876288,28.75376546986583,-0.0008651383109791337,0.3387231502213205,60,-0.0003708267108308641,-0.002294803910167636,-0.0036334711989404887,-0.002294803910167636,-0.0008937140970731016,0.742840127892892
105560,KB금융,bank,KOSPI,2023Q2,2023-07-25,15:21,마감직전,2023-07-25,2,1.953604122584212,0.2389543047611018,30.524320531959436,-0.00025497304566729116,1.1076652284311095,60,-0.02351757515221049,0.055966032830047405,-0.003081677622418198,0.055966032830047405,0.07947116655604791,0.2857610008944871
138930,BNK금융지주,bank,KOSPI,2023Q2,2023-07-26,17:06,장후,2023-07-27,1,-0.3624309893215531,-0.1108512730849087,28.382125382416074,-0.0007157896039803142,0.7553043793112115,60,0.0021309381383441926,0.028803298752805212,0.028803298752805212,0.014868556555577733,0.024532948728533167,0.7687755397695017
175330,JB금융지주,bank,KOSPI,2023Q2,2023-07-26,14:27,장중,2023-07-26,2,0.5433929250531562,0.0623543770109841,28.117549506131578,-0.0008549286316547023,0.5940272805551533,60,-0.015315699819335064,0.05122370302775116,0.022751839161075565,0.05122370302775116,0.026740849990561366,0.8973982449270048
005940,NH투자증권,securities,KOSPI,2023Q2,2023-07-27,14:42,장중,2023-07-27,2,0.5070037348482517,0.525774573765151,28.831259739720558,0.00023376166684355366,0.7563263856050378,60,-0.013217004736254088,0.016709447618700662,0.020305483391234655,0.016709447618700662,0.04558834412271626,0.12583148586480863
055550,신한지주,bank,KOSPI,2023Q2,2023-07-27,13:03,장중,2023-07-27,2,-0.2765797214483954,-0.0456840703422316,30.48246665451986,-0.00144235682311286,1.0794490286821472,60,0.009322974289736028,0.04019034855189951,0.0477538564993996,0.04019034855189951,0.04867350209817671,0.5730768196321749
086790,하나금융지주,bank,KOSPI,2023Q2,2023-07-27,14:26,장중,2023-07-27,2,0.674991894442208,0.1185501112826481,30.060051131645814,-0.0018909197390668138,1.140471850166701,60,0.033054476827665054,0.00436737903622568,0.041537208715767465,0.00436737903622568,-0.012228692130349723,0.7290441038659337
316140,우리금융지주,bank,KOSPI,2023Q2,2023-07-27,15:40,장후,2023-07-28,1,-1.7216766284917742,-0.3201726152158882,29.810152315954337,-0.00043508129440572845,0.7693631555529267,60,0.04317519505523026,-0.05679575994679461,-0.05679575994679461,-0.0487836701459921,-0.04319091513198767,1.6310791184048927
139130,iM금융지주,bank,KOSPI,2023Q2,2023-07-28,15:12,마감직전,2023-07-28,2,0.3799943065862216,0.1439234990316333,27.832267120414176,0.0002599827118459041,0.772880977835234,60,-0.0009792251548642258,0.0019913890958529624,-0.009930898654341248,0.0019913890958529624,0.026527750048171293,0.2629411154628034
323410,카카오뱅크,bank,KOSPI,2023Q2,2023-08-02,07:55,장전,2023-08-02,2,1.6097915499625768,0.4379428892163053,30.278639409070482,0.00010028498596928448,1.24973983109858,60,0.1943994274801117,-0.01579402479081481,-0.029854758310719442,-0.01579402479081481,0.00991090997794721,1.515985773773898
071050,한국금융지주,securities,KOSPI,2023Q2,2023-08-04,15:36,장후,2023-08-07,1,0.4008817379909172,1.2215528917099598,28.610584912337707,-0.0029660235490046533,1.595746995332794,60,0.0586203334335221,0.05920912157668967,0.05920912157668967,0.058722888270637076,0.03996995308825409,0.9745538980180086
016360,삼성증권,securities,KOSPI,2023Q2,2023-08-08,15:54,장후,2023-08-09,1,0.1267672188216533,0.107660485751248,28.83937723448086,0.0001783594185277499,1.0101204986781973,60,0.026864815317063,-0.023269537516392033,-0.023269537516392033,-0.03591719735455616,-0.017337640148337365,-0.19583455578035291
039490,키움증권,securities,KOSPI,2023Q2,2023-08-08,17:01,장후,2023-08-09,1,0.2798533909011063,0.22896519935469,28.571564324523102,0.0013415170036167067,1.1552950749387494,60,0.027576752540701403,-0.04673313050177606,-0.04673313050177606,-0.07489425974942357,-0.06283926914824198,0.6469588953846941
006800,미래에셋증권,securities,KOSPI,2023Q2,2023-08-10,16:32,장후,2023-08-11,1,-1.0809219458639894,-0.4826397429440403,28.937806123205537,-0.0006011933930350757,1.2731052729797188,60,-0.0036111054433043462,-0.0016000105218805308,-0.0016000105218805308,-0.0070827065387057825,0.0018787321925708127,0.5482246343114632
138040,메리츠금융지주,securities,KOSPI,2023Q2,2023-08-14,15:34,장후,2023-08-16,1,,0.8640824337585868,29.932098172567144,0.0011241562387716017,0.885582292187267,60,-0.008196050293611023,0.004584796161428935,0.004584796161428935,0.005493085579548028,0.005122669807020684,-0.5638462309526524
105560,KB금융,bank,KOSPI,2023Q3,2023-10-24,15:31,장후,2023-10-25,1,0.0374570597251848,0.0043830789027314,30.69273721566341,0.0027644384559223334,0.2884964663865915,60,-0.01897544012065736,-0.022110987395154394,-0.022110987395154394,-0.03737108778784395,-0.08648751161734289,0.1504949796653392
175330,JB금융지주,bank,KOSPI,2023Q3,2023-10-24,14:18,장중,2023-10-24,2,0.0168796853808332,0.0013410523668975,28.31822020159373,0.004593397866860504,0.35864122374154045,60,-0.058830095682092645,-0.006218894551830669,0.0011261031200772917,-0.006218894551830669,-0.013946468891091,0.12586906207543347
005940,NH투자증권,securities,KOSPI,2023Q3,2023-10-26,16:06,장후,2023-10-27,1,0.7009554331118546,7.366993030202456,28.872635428257908,0.001480169490980501,0.4122161301945879,60,-0.02072066895469473,-0.009237035868304632,-0.009237035868304632,-0.02231497794489628,-0.023668319872607067,-0.21335377761256247
029780,삼성카드,card,KOSPI,2023Q3,2023-10-26,09:14,장중,2023-10-26,2,-0.0324915896987717,-0.0071174377224199,28.82414626662763,0.0014643369622160086,0.2835116589024601,60,-0.002088716786822523,0.017268753247581058,0.003089273442013393,0.017268753247581058,0.019008571394504254,0.18431481772701552
316140,우리금융지주,bank,KOSPI,2023Q3,2023-10-26,15:33,장후,2023-10-27,1,-0.002237363147461,-0.0004467604863688,29.847298443307686,0.0017215622799878118,0.38798611518684306,60,-0.017678894694004143,-0.014721804755285306,-0.014721804755285306,-0.03195358910620964,-0.018846298342731684,0.16878785908172844
024110,기업은행,bank,KOSPI,2023Q3,2023-10-27,15:30,장후,2023-10-30,1,-0.2873689823982721,-0.0380990353120416,29.848739512534692,0.003148670863265309,0.3218569679417201,60,-0.039941506485622794,-0.03777107328000208,-0.03777107328000208,-0.033662525880735344,-0.04724409139014457,1.1066137900769561
055550,신한지주,bank,KOSPI,2023Q3,2023-10-27,13:22,장중,2023-10-27,2,-2.2263235870646527,-0.266156451592052,30.525186513310757,0.00180745491319859,0.5134711915146392,60,-0.008962913217108738,-0.03364844671739089,-0.004067377029759176,-0.03364844671739089,-0.009210946195226149,0.17295106463559584
086790,하나금융지주,bank,KOSPI,2023Q3,2023-10-27,14:42,장중,2023-10-27,2,-1.2164543618279091,-0.1495055435288764,30.1369625747414,0.002480320928351234,0.3582535934423444,60,-0.040255644617358366,-0.05954889509307186,-0.017519156428963793,-0.05954889509307186,-0.06437473906165722,0.3738106679549382
139130,iM금융지주,bank,KOSPI,2023Q3,2023-10-30,15:43,장후,2023-10-31,1,-0.1576825172901491,-0.0557590591018101,27.92825128024723,0.003012630574622509,0.6227749276843061,60,-0.022538574767545855,-0.008072006944913186,-0.008072006944913186,-0.009890701660662455,-0.026181456306466046,-0.08765868186060466
138930,BNK금융지주,bank,KOSPI,2023Q3,2023-10-31,15:08,마감직전,2023-10-31,2,-0.629955167825345,-0.1664286705126845,28.428162623335233,0.0016039567640154808,0.4302336436374342,60,-0.03408825090150931,-6.332470694950416e-05,8.69618406250652e-05,-6.332470694950416e-05,-0.018513703207862865,-0.31815692746881297
016360,삼성증권,securities,KOSPI,2023Q3,2023-11-02,15:58,장후,2023-11-03,1,0.2799929063021669,0.2232446618928814,28.81804407988939,0.0018778682939894608,0.666903793527176,60,0.0013897820693862138,0.003169342292812476,0.003169342292812476,0.013176958880475724,-0.0012794743145553783,-0.33740129380549
039490,키움증권,securities,KOSPI,2023Q3,2023-11-06,16:53,장후,2023-11-07,1,0.8759830739865617,0.6428131782694613,28.494021718962323,0.0005356698408601644,1.692257522053045,60,0.0074760823857879,0.02253734264297566,0.02253734264297566,0.034341455123896886,0.02004964790378356,0.9739007645711624
323410,카카오뱅크,bank,KOSPI,2023Q3,2023-11-08,07:45,장전,2023-11-08,2,1.1371482362974232,0.212152394019081,30.018128400966962,-0.0020709903720461604,1.6217202073372272,60,0.12603529638234046,0.06656557731079782,0.023506138846310573,0.06656557731079782,0.0525349784704042,0.9252965327913634
003540,대신증권,securities,KOSPI,2023Q3,2023-11-09,17:25,장후,2023-11-10,1,,-0.2949583304635305,27.54521946256451,0.0007463165005988175,0.21021263642701407,60,-0.009709747345859037,0.00076790790120745,0.00076790790120745,0.001957369870585597,0.002520471760171064,-0.5907735787585473
006800,미래에셋증권,securities,KOSPI,2023Q3,2023-11-09,17:04,장후,2023-11-10,1,-0.2804199848380801,-0.2865552024319469,29.03937035777613,0.00047014035494911586,0.5839374067274942,60,0.0780422991950083,-0.016420110273437497,-0.016420110273437497,-0.012729503719732402,-0.013369392003250801,0.2301778649862154
071050,한국금융지주,securities,KOSPI,2023Q3,2023-11-09,16:00,장후,2023-11-10,1,0.1499528276196464,0.2812058493231739,28.733415692718356,0.0024583143309016156,0.9307436550904197,60,0.0389320831244319,0.000737334660794303,0.000737334660794303,0.009309644838591175,0.0020178849339204438,-0.9087826563206427
138040,메리츠금융지주,securities,KOSPI,2023Q3,2023-11-13,15:35,장후,2023-11-14,1,,0.437003564647991,29.974743353777765,0.0009163405642605292,0.45313210766976414,60,0.05315204695658715,0.03334658414908649,0.03334658414908649,0.05228625011018662,0.014927681581044128,0.5832545940589853
005940,NH투자증권,securities,KOSPI,2023Q4,2024-01-26,16:17,장후,2024-01-29,1,0.2715077212835494,0.5293055701290972,28.897937572835048,-0.00041719288020131595,0.4048470524150916,60,0.03819402315486069,0.022069088869697613,0.022069088869697613,0.023742569516352542,0.08156561591581363,0.9458194951586929
016360,삼성증권,securities,KOSPI,2023Q4,2024-01-26,17:03,장후,2024-01-29,1,-0.179279789018544,-1.6904915912031049,28.81663552543234,-0.0008247844087138541,0.7008883584393563,60,0.026203746247785778,0.013732145888349045,0.013732145888349045,0.023159093495528485,0.0725848063552393,0.26838458306575674
086790,하나금융지주,bank,KOSPI,2023Q4,2024-01-31,14:31,장중,2024-01-31,2,-1.4392050282119893,-0.3354470424673158,30.25006705590057,-0.0005199047928753616,0.7603487337743101,60,0.07269815215511623,0.10397425912270733,0.03292712352499504,0.10397425912270733,0.1502627560962499,1.4475660710896028
138930,BNK금융지주,bank,KOSPI,2023Q4,2024-02-05,18:08,장후,2024-02-06,1,-2.01190766976063,-0.8688811940116868,28.5380114205964,0.0009010523776992891,0.3646959213714824,60,0.018248584002342874,-0.023786024030539078,-0.023786024030539078,-0.0017669655558793622,0.0037617742557458584,1.319022383328658
006800,미래에셋증권,securities,KOSPI,2023Q4,2024-02-06,13:02,장중,2024-02-06,2,-3.258924154073239,-2.2658916489161385,29.12818770452768,0.00046345690518946104,1.1629992629932826,60,0.05871226345083205,0.0059769177087130474,-0.001938314589688372,0.0059769177087130474,-0.010350656926173697,0.7712999849406925
175330,JB금융지주,bank,KOSPI,2023Q4,2024-02-06,13:33,장중,2024-02-06,2,-1.4819281084651466,-0.1824029421422589,28.4846685305911,0.0007061884404985991,0.4208160931352106,60,0.05405326795538042,-0.0027036490998200192,-0.022708670903357264,-0.0027036490998200192,0.005156442924269651,0.2845275648979477
316140,우리금융지주,bank,KOSPI,2023Q4,2024-02-06,15:38,장후,2024-02-07,1,-2.4280924543054487,-0.8367153885421984,30.025513218148987,0.0013112018624160627,0.5576301824833454,60,0.054137889285653974,-0.013992150183697987,-0.013992150183697987,-0.010036049315776494,-0.05390104661355441,1.1385987687431616
003540,대신증권,securities,KOSPI,2023Q4,2024-02-07,16:30,장후,2024-02-08,1,,1.1596717638264786,27.64601039724665,0.0013255698758909127,0.2528012643295914,60,0.012847546265089667,-0.0036209350489062337,-0.0036209350489062337,0.012782780117477925,-0.024734792063807826,0.46364693529940304
024110,기업은행,bank,KOSPI,2023Q4,2024-02-07,15:19,마감직전,2024-02-07,2,-1.89465057998254,-0.2626433057958358,29.99016070561106,0.0008754243787178004,0.32159277681497506,60,0.08308545473943099,0.003283017882820554,-0.002005791235922505,0.003283017882820554,-0.009728798233059438,1.0551630551868945
105560,KB금융,bank,KOSPI,2023Q4,2024-02-07,15:15,마감직전,2024-02-07,2,0.9244475631708112,1.2795944520482263,30.81051818723638,0.0003017801226748386,1.1445755742345862,60,0.08473703637991448,0.04884756074102242,0.010003508642153743,0.04884756074102242,0.04375263815952976,0.9736788982373081
138040,메리츠금융지주,securities,KOSPI,2023Q4,2024-02-07,15:58,장후,2024-02-08,1,,4.118294168309784,30.2190061793593,0.004308038747234102,0.35953520305467856,60,-0.015720979187388563,0.019604528441911843,0.019604528441911843,0.0029041877274344763,0.0005879930131030622,0.6431079368374952
139130,iM금융지주,bank,KOSPI,2023Q4,2024-02-07,15:58,장후,2024-02-08,1,-1.099407301285804,-1.421235597707162,28.09311173452222,0.001635778755590728,0.43920203999274854,60,0.029626859695240634,-0.0002999296162059014,-0.0002999296162059014,-0.03114978012152199,-0.04463032724485974,1.0408224937745967
323410,카카오뱅크,bank,KOSPI,2023Q4,2024-02-07,07:48,장전,2024-02-07,2,1.041561337031084,0.2493114109421295,30.25946599779562,0.0027658823427766667,2.1955428772631334,60,-0.09172426136848522,0.02103708879629513,0.008471377088415843,0.02103708879629513,0.03919187866623117,1.3486692961699545
029780,삼성카드,card,KOSPI,2023Q4,2024-02-08,09:09,장중,2024-02-08,2,0.4328082359408204,0.0820265379975874,28.94873814421334,0.000567674098991467,0.2653757288599137,60,0.04430881783413572,0.028532863199369388,0.009706145293183697,0.028532863199369388,0.024081531892778785,1.3663540576608773
055550,신한지주,bank,KOSPI,2023Q4,2024-02-08,13:16,장중,2024-02-08,2,0.7262721154424955,0.5318834118204364,30.720777446803975,0.0018454477343075172,0.8820548205617839,60,-0.00029459908780582814,0.020655052954031243,0.024419098383809068,0.020655052954031243,-0.005312545417810892,1.6209280742147953
039490,키움증권,securities,KOSPI,2023Q4,2024-02-14,16:27,장후,2024-02-15,1,-3.261109006113212,-2.408874520295385,28.66868413217025,0.0011649373526230085,1.2710521686060656,60,0.011467947120245016,0.027412233003263353,0.027412233003263353,0.03913623796230107,0.04082781480937749,1.1941862631002564
071050,한국금융지주,securities,KOSPI,2023Q4,2024-02-15,15:58,장후,2024-02-16,1,-0.4211778959846636,-1.3547025350810369,28.949651040657873,0.0007234138877143166,1.0537420537347149,60,0.01212476756389701,0.04599047777937272,0.04599047777937272,0.05131538210922651,0.054859809898489764,1.2284076843034963
175330,JB금융지주,bank,KOSPI,2024Q1,2024-04-22,15:28,마감직전,2024-04-22,2,0.5219033742289344,0.0603992336085894,28.47070642854562,0.0010710684061005812,0.8024382185343407,60,0.01619769276049643,0.07151634766258332,0.03465634775027759,0.07151634766258332,0.05917841486958893,-0.17937955162438524
005940,NH투자증권,securities,KOSPI,2024Q1,2024-04-25,15:14,마감직전,2024-04-25,2,0.3362900499816408,0.2248237198639736,29.025686766703668,0.0011041408530908757,0.9674120222604171,60,0.025103575284151542,0.0547657290148498,0.032169024601320824,0.0547657290148498,0.053336007255957225,0.31221562411029957
105560,KB금융,bank,KOSPI,2024Q1,2024-04-25,15:22,마감직전,2024-04-25,2,-2.8278456022850205,-0.304614942056382,30.911261851355373,0.002068771078096024,2.102041478761095,60,0.004395319095920933,0.10925134131332778,0.041074656524612875,0.10925134131332778,0.07175090074822867,-0.34930958360626363
029780,삼성카드,card,KOSPI,2024Q1,2024-04-26,09:05,장중,2024-04-26,2,1.891712512229436,0.222680412371134,29.027021062607385,0.0016586651340644576,0.42328742909051664,60,0.04836766768189806,0.04630677622299734,0.007026095228480775,0.04630677622299734,0.0042166565709593,-0.05680150378171511
055550,신한지주,bank,KOSPI,2024Q1,2024-04-26,13:12,장중,2024-04-26,2,-0.2463851815551619,-0.0478587968800208,30.72924658013017,0.0002314211389201127,1.8268949672598498,60,0.0405386201804622,0.03329802882181791,0.052664231732333595,0.03329802882181791,0.012746518325585288,0.13437816350279608
086790,하나금융지주,bank,KOSPI,2024Q1,2024-04-26,14:41,장중,2024-04-26,2,-0.4139605356933427,-0.0618277496767754,30.422294300551062,0.0020398561899546684,2.1886292415860997,60,0.05118436773419347,0.0008089410832595942,0.03334474330928791,0.0008089410832595942,-0.046462768342870595,-0.24556166132476331
316140,우리금융지주,bank,KOSPI,2024Q1,2024-04-26,15:40,장후,2024-04-29,1,-0.4019100368050003,-0.0976221590349419,30.00426901329515,0.0005105432289121583,0.8033178013730166,60,0.035811685881103436,-0.02107646165420456,-0.02107646165420456,-0.020151923452765154,-0.02360757402694007,-0.38062612427639664
024110,기업은행,bank,KOSPI,2024Q1,2024-04-29,15:34,장후,2024-04-30,1,0.4600221609438972,0.0842273799042955,30.04013436553432,0.0016398022808729047,0.9315551386204094,60,-0.006050986114110852,-0.003239911943567507,-0.003239911943567507,-0.027374640551694716,-0.03639661226340265,-0.2326161309521506
138930,BNK금융지주,bank,KOSPI,2024Q1,2024-04-30,15:38,장후,2024-05-02,1,-0.1506019475242602,-0.0281631444884987,28.625131157557963,0.0016893880853094425,0.7796295719406084,60,-0.01429600807190391,-0.0016366023255479703,-0.0016366023255479703,0.014128352868186119,-0.006578728425998918,-0.4174248311901181
039490,키움증권,securities,KOSPI,2024Q1,2024-05-02,09:10,장중,2024-05-02,2,-0.315167029266605,-0.1578855290465327,28.792607377466624,0.003991328498967855,1.7044619348675059,60,-0.0520810210996834,-0.029641398555242674,-0.010052123377597293,-0.029641398555242674,-0.04843468285096461,-0.06752830627865958
139130,iM금융지주,bank,KOSPI,2024Q1,2024-05-02,15:34,장후,2024-05-03,1,-1.5715591057698572,-0.3350198513086387,27.975326233229204,-0.00123473315667064,0.6620659666017282,60,-0.0005514211435811208,-0.0006261048950008527,-0.0006261048950008527,-0.007534704217082142,-0.010461060919432823,-0.28711321423429226
003540,대신증권,securities,KOSPI,2024Q1,2024-05-07,16:43,장후,2024-05-08,1,0.0669304302762306,0.0609228693858117,27.6436108259007,0.0001470120085447282,0.359485069434543,60,-0.02143233142748674,0.013845114039055757,0.013845114039055757,0.009082512994616513,0.029654668978423452,-0.7491979992296933
071050,한국금융지주,securities,KOSPI,2024Q1,2024-05-07,16:26,장후,2024-05-08,1,0.1800618606880112,0.1302836424969039,28.941198341723613,0.0006854779861502687,1.4593079920420513,60,-0.057725531456542495,0.039520490318869075,0.039520490318869075,0.04479128128707955,0.058489974122639926,0.6301782993225089
323410,카카오뱅크,bank,KOSPI,2024Q1,2024-05-08,07:45,장전,2024-05-08,2,0.6648959294006461,0.091718619606303,30.15351225316183,-0.0031737163056119056,1.2513345390303403,60,0.027173714712959464,-0.0556179169256573,-0.011427069601196792,-0.0556179169256573,-0.06455508680207218,0.9684345190440959
006800,미래에셋증권,securities,KOSPI,2024Q1,2024-05-09,17:50,장후,2024-05-10,1,-0.6998992968128386,-0.3041819794702826,28.9906827293346,-0.002283364687372608,1.3400747492668392,60,-0.0038487440797973418,0.06501808664038339,0.06501808664038339,0.04873375507231793,0.0482394795098951,0.3215027175057976
016360,삼성증권,securities,KOSPI,2024Q1,2024-05-14,15:53,장후,2024-05-16,1,0.0054896694624154,0.0020663283482832,28.906174721277036,-0.001390724536535817,0.9505769104323581,60,0.045800063983471626,-0.02307964220317714,-0.02307964220317714,-0.03135799833368557,-0.024488531766407032,0.918145081512888
138040,메리츠금융지주,securities,KOSPI,2024Q1,2024-05-14,15:39,장후,2024-05-16,1,0.4156061535497051,0.1078562093728309,30.416235028985792,0.0013595225124369622,1.1432954477787396,60,0.05646096170195433,-0.058779744800366074,-0.058779744800366074,-0.04952145132948721,-0.05451882776366864,0.6454642220974804
105560,KB금융,bank,KOSPI,2024Q2,2024-07-23,15:24,마감직전,2024-07-23,2,0.9903492199033768,0.155651817713601,31.14325252265367,0.003605782634854571,0.7547981739456141,60,0.017410098904224635,-0.028109534151908186,0.014051286805829587,-0.028109534151908186,0.01031569416597649,0.4851353018845712
005940,NH투자증권,securities,KOSPI,2024Q2,2024-07-25,16:15,장후,2024-07-26,1,0.1240717464258521,0.0797308543021702,29.142480555059397,0.002567488292208462,0.4742474133486542,60,-0.020258133754090468,0.016942493151471748,0.016942493151471748,0.036311589295680013,0.031012272075204378,-0.10334487003648007
175330,JB금융지주,bank,KOSPI,2024Q2,2024-07-25,13:56,장중,2024-07-25,2,2.1136598745337025,0.2095837812931961,28.683031376933474,0.0022959222538655633,0.5414206725900247,60,0.03618695702219857,-0.041747461940014795,-0.03382602659182925,-0.041747461940014795,-0.05108709339605616,0.6895673864629268
316140,우리금융지주,bank,KOSPI,2024Q2,2024-07-25,15:30,장후,2024-07-26,1,1.5008202947374094,0.4889969449287417,30.009555340799345,0.000975578803305133,0.43279563177658154,60,-0.012240116730956596,0.10320520627890865,0.10320520627890865,0.10616236530197641,0.06660578816155634,2.2014120413955762
029780,삼성카드,card,KOSPI,2024Q2,2024-07-26,09:13,장중,2024-07-26,2,2.1304800390362217,0.2742935906271537,29.054384333348327,0.0008621289656802463,0.4793485136575725,60,0.0013459226372095588,0.04732459705582903,0.0107011175029206,0.04732459705582903,0.06510343428611948,0.39565313527263335
055550,신한지주,bank,KOSPI,2024Q2,2024-07-26,13:03,장중,2024-07-26,2,0.712948561978961,0.1511905771381731,30.960164156584604,0.0033990988451465063,0.6854149758507009,60,0.014844587069541285,0.08720641877121726,0.05349088703180478,0.08720641877121726,0.06419253168344521,1.1680897141547693
086790,하나금융지주,bank,KOSPI,2024Q2,2024-07-26,14:34,장중,2024-07-26,2,0.7091379476163505,0.1262543526130917,30.480652518749647,0.0016532916674794533,0.7659764254020182,60,0.008537217301324977,0.015241823860374412,0.03417202185770331,0.015241823860374412,0.03713389225283423,0.905050738233844
024110,기업은행,bank,KOSPI,2024Q2,2024-07-29,15:27,마감직전,2024-07-29,2,-0.423872515192229,-0.0840641656462877,30.060007269368707,8.593410511803729e-05,0.2945392786169386,60,0.02550085815160706,-0.0286387099964536,0.006796315990318054,-0.0286387099964536,-0.021533684775438856,0.9502754365595596
139130,iM금융지주,bank,KOSPI,2024Q2,2024-07-29,16:10,장후,2024-07-30,1,-3.5200680597627714,-0.7301772059031011,27.95280733613204,-0.0011395638395622141,0.35487073172453415,60,0.033713295567970085,-0.023609498620497257,-0.023609498620497257,-0.010577644533511036,-0.002137570941821581,0.928484764086928
039490,키움증권,securities,KOSPI,2024Q2,2024-07-31,08:03,장전,2024-07-31,2,0.684153668408054,0.738020583293327,28.803872986660846,-0.00030698591897164934,0.8043650260488935,60,0.02711951542819926,0.0031862913631042246,-0.017432948832681098,0.0031862913631042246,-0.028720642524104383,0.39526551734135396
138930,BNK금융지주,bank,KOSPI,2024Q2,2024-07-31,13:38,장중,2024-07-31,2,1.5033971473957757,0.1933234049455167,28.751111068705647,0.0007501683698807673,0.13661846132040367,60,0.09629734802357444,0.009082782940088857,-0.0013111940620782541,0.009082782940088857,-0.07406009378849471,0.8443316061158956
071050,한국금융지주,securities,KOSPI,2024Q2,2024-08-05,15:59,장후,2024-08-06,1,0.2666630526128565,0.2740222752006406,28.916558816810465,0.0009910161058035876,0.9588630693597019,60,-0.02722087702931106,0.007871817056782145,0.007871817056782145,0.004423494867524741,0.040029404815302524,0.7171951480114096
323410,카카오뱅크,bank,KOSPI,2024Q2,2024-08-07,07:47,장전,2024-08-07,2,2.6532092742680233,0.4667601854110759,29.86910345915162,-0.0028508776699304552,0.7062955015319986,60,-0.002096707064837243,0.10068186492807497,0.07380175953577342,0.10068186492807497,0.08957648519731669,1.1114465922045955
003540,대신증권,securities,KOSPI,2024Q2,2024-08-08,16:07,장후,2024-08-09,1,-0.4453510335879918,-0.2733572715968312,27.685159234264514,0.0015972045178825093,0.38784530048494414,60,-0.02060894956952663,-0.006987075440302378,-0.006987075440302378,-0.014868634711799951,-0.009759118657556623,-0.29362565289171094
006800,미래에셋증권,securities,KOSPI,2024Q2,2024-08-08,09:21,장중,2024-08-08,2,0.6358338425097332,0.499675501086694,28.963188622073105,-6.8096362465371e-05,1.3407707511174483,60,0.03526527803433402,0.057739147365157464,0.04009460868537924,0.057739147365157464,0.05371426672559475,0.9287971885126041
016360,삼성증권,securities,KOSPI,2024Q2,2024-08-08,15:54,장후,2024-08-09,1,1.184454674967904,0.7015486740262226,28.96712157810419,0.002809320475965395,0.9452648060691052,60,-0.0048458567275621416,0.009891780047473701,0.009891780047473701,0.0019477341361031353,-0.004012306376260155,-0.30945611346643
138040,메리츠금융지주,securities,KOSPI,2024Q2,2024-08-14,15:44,장후,2024-08-16,1,1.052887419375211,0.2720547883154962,30.375907651349245,-2.4211443177703956e-05,0.7041524882299003,60,0.02088146385172281,0.04169176758215995,0.04169176758215995,0.0721848162697292,0.07506138840534414,1.2243567421498547
175330,JB금융지주,bank,KOSPI,2024Q3,2024-10-23,15:07,마감직전,2024-10-23,2,1.3706036585214207,0.1541519936385323,28.82814092563523,0.0029149366997673755,0.5352819157380807,60,0.04278622611499502,0.011541879900654393,-0.014717163815501855,0.011541879900654393,0.0371690601679911,0.3250302426636251
105560,KB금융,bank,KOSPI,2024Q3,2024-10-24,15:26,마감직전,2024-10-24,2,0.981691003721796,0.179018036511334,31.207984790267798,0.0032784505936006235,0.9762832754129397,60,-0.02396456404962214,0.06824207031468232,-0.008005357865786263,0.06824207031468232,-0.007272426989705212,0.39951666020341214
029780,삼성카드,card,KOSPI,2024Q3,2024-10-25,09:08,장중,2024-10-25,2,1.3427107056260112,0.2093189964157706,29.09838891871775,0.0008831855797556318,0.2719145818488135,60,-0.00022307076855218166,-0.03628744752770215,0.007454161839536692,-0.03628744752770215,-0.01725010812035465,0.5247262473034047
055550,신한지주,bank,KOSPI,2024Q3,2024-10-25,13:20,장중,2024-10-25,2,0.1724496387238447,0.0390389785791882,30.97360870268663,0.002694924130654531,0.9042097992666008,60,-0.016025170137808662,-0.01810789293901509,0.029827880560603842,-0.01810789293901509,-0.04417399595289501,0.230661980132445
316140,우리금융지주,bank,KOSPI,2024Q3,2024-10-25,15:33,장후,2024-10-28,1,0.0183397808839651,0.0047525536358036,30.171248051577578,0.003083921970818828,0.9345239417871165,60,0.028406487505423864,-0.07515020006214328,-0.07515020006214328,-0.07394581538398648,-0.10406737147541874,0.863167872194035
005940,NH투자증권,securities,KOSPI,2024Q3,2024-10-28,16:27,장후,2024-10-29,1,0.5057288153704883,0.5266566175449732,29.166291618666552,0.001309626694849318,0.7277991500853173,60,-0.023944211700450167,-0.007956910202154598,-0.007956910202154598,0.020781198752777494,0.0034745649206363773,-0.19842981919732416
139130,iM금융지주,bank,KOSPI,2024Q3,2024-10-28,15:35,장후,2024-10-29,1,-0.3232540181461721,-0.1076034682181464,27.946618592983405,0.0011585301566097216,0.7525616899117417,60,0.005480248374340262,-0.012460084903963237,-0.012460084903963237,-0.009138389681351763,0.013396369727714302,0.008610590559545273
086790,하나금융지주,bank,KOSPI,2024Q3,2024-10-29,14:14,장중,2024-10-29,2,1.1975110708050407,0.2085239817311902,30.54888508025035,0.0020269855293714605,0.898592392505912,60,-0.0050472163293397605,-0.04137644141360712,-0.010007226854521389,-0.04137644141360712,-0.05168743072596781,0.5707632189228002
039490,키움증권,securities,KOSPI,2024Q3,2024-10-30,07:59,장전,2024-10-30,2,0.0594210136208012,0.04385056791292,28.795961797956828,0.0012730133760703094,0.9286436838453194,60,-0.04087310589389488,0.018100727611950595,0.0028226724712301938,0.018100727611950595,0.008894257123572533,0.14343570539097428
138930,BNK금융지주,bank,KOSPI,2024Q3,2024-10-30,13:04,장중,2024-10-30,2,0.2447950255298708,0.0414951569405764,28.779407212220683,0.0029891545936913348,0.8331191546009331,60,-0.009537342432856534,-0.02762305526386072,-0.03575364145734647,-0.02762305526386072,-0.048476522745732456,0.8382803817310469
024110,기업은행,bank,KOSPI,2024Q3,2024-11-01,15:31,장후,2024-11-04,1,0.5522294559933644,0.0999424915830461,30.069101420887023,0.0015977371160389542,0.5647191538137397,60,-0.023734499133932194,-0.011857145923149112,-0.011857145923149112,-0.003180578446372052,0.010041968232920279,-0.17637051095162626
071050,한국금융지주,securities,KOSPI,2024Q3,2024-11-06,15:41,장후,2024-11-07,1,0.4373657841001173,0.473503894892107,29.129883451213075,0.002051471392526349,0.9518031426206717,60,0.013642223203950952,-0.026780594917470348,-0.026780594917470348,-0.027539674910384945,-0.007177348101255882,0.14177621928224404
323410,카카오뱅크,bank,KOSPI,2024Q3,2024-11-06,07:44,장전,2024-11-06,2,2.9140914857272477,0.3012985107475607,30.000801660492424,0.001577297796636546,1.1379121429823649,60,0.021239607652247812,-0.008930603038168044,0.00878646184307455,-0.008930603038168044,-0.050553489373952834,0.30685302723802277
003540,대신증권,securities,KOSPI,2024Q3,2024-11-07,16:48,장후,2024-11-08,1,-0.3900944900276112,-0.8621110731206956,27.73077787683995,0.0009576490570632134,0.40640037321852907,60,-0.010212311137612213,-0.021049435797432046,-0.021049435797432046,-0.011951302038480724,-0.030029662362484305,0.9010066976923383
006800,미래에셋증권,securities,KOSPI,2024Q3,2024-11-07,08:49,장전,2024-11-07,2,1.738929707685971,2.759335295940502,29.169819954594566,0.0038447121726849815,0.9720779676826871,60,-0.01985046069087998,-0.048166871000510474,-0.035478114328810914,-0.048166871000510474,-0.07004225507176318,-0.15982362676199724
016360,삼성증권,securities,KOSPI,2024Q3,2024-11-07,16:06,장후,2024-11-08,1,0.957939278377771,0.5913503562630784,29.050409285921052,0.0014620166903644154,0.7921421808155387,60,-0.0012568071810423274,0.0028480856718285587,0.0028480856718285587,0.016997783919707268,-0.0008130126606767513,-0.5176611131898845
138040,메리츠금융지주,securities,KOSPI,2024Q3,2024-11-13,15:43,장후,2024-11-14,1,0.5395054080625318,0.1260692312623556,30.56970361998058,0.005211209989024666,0.7617948747294702,60,-0.0013169832356221232,-0.01742263532673546,-0.01742263532673546,-0.027880314024674245,-0.03891061288699378,0.22790831530470257
005940,NH투자증권,securities,KOSPI,2024Q4,2025-01-23,15:27,마감직전,2025-01-23,2,0.3697871169977691,0.2855650613845454,29.21919532246678,8.37219129145946e-05,0.5900398389370618,60,0.033041959783563335,0.0036166660433024867,0.010078437036937728,0.0036166660433024867,0.020936681745782275,-0.07842500506625072
016360,삼성증권,securities,KOSPI,2024Q4,2025-01-24,16:16,장후,2025-01-31,1,1.9707754179727537,19.99040174886723,29.014121632151372,-0.0012324439456481671,1.041051946176971,60,0.026803804180549368,0.03029020089286327,0.03029020089286327,0.060276500521470516,0.06010791892774298,0.32709135312640036
086790,하나금융지주,bank,KOSPI,2024Q4,2025-02-04,14:43,장중,2025-02-04,2,0.415633402696882,0.1570544958821077,30.47100681988702,-0.0011890880630781996,1.033157299288511,60,0.05474437177187787,0.02064013052379051,0.026003437331100467,0.02064013052379051,0.014581474591405207,0.37015789626269324
039490,키움증권,securities,KOSPI,2024Q4,2025-02-05,07:57,장전,2025-02-05,2,2.3165926321517394,1.7634356353908691,28.72128301695149,-0.001086392359756796,1.2457239946100176,60,0.04665266213413079,-0.11195674864998374,-0.07962098871067678,-0.11195674864998374,-0.08572965800513938,0.9104991774755451
105560,KB금융,bank,KOSPI,2024Q4,2025-02-05,15:34,장후,2025-02-06,1,1.7595715883593228,2.1280951988347487,31.157313705060677,-0.0008005012485481553,0.9062295421219004,60,0.03297373457141965,-0.07845543018695542,-0.07845543018695542,-0.05946827657069705,-0.08515439655949943,1.084597218579285
323410,카카오뱅크,bank,KOSPI,2024Q4,2025-02-05,07:39,장전,2025-02-05,2,0.8817999002976411,0.1162705918374678,29.948295833186002,-0.0002910692826998623,1.091127552991484,60,0.046393110692318426,0.07493180789436184,0.05847583484497768,0.07493180789436184,0.06718707970200269,1.282112874204862
003540,대신증권,securities,KOSPI,2024Q4,2025-02-06,16:32,장후,2025-02-07,1,0.8373695553339848,3.689565190701377,27.733000136771626,-0.0004679892359156634,0.41940050892352976,60,0.027666028647724973,0.0011397282647428847,0.0011397282647428847,-0.004865127560678115,-0.006018230140735053,0.08161323294124223
055550,신한지주,bank,KOSPI,2024Q4,2025-02-06,13:22,장중,2025-02-06,2,-0.3832164569484306,-0.138794754678061,30.85544904286572,-0.0013203799115288008,0.7437569484365375,60,0.016364074240878268,-0.03011584175071501,-0.020683416015749786,-0.03011584175071501,-0.03556029923488946,0.07384358332913799
138040,메리츠금융지주,securities,KOSPI,2024Q4,2025-02-06,17:19,장후,2025-02-07,1,-0.112656258743612,-0.0410578728146292,30.648454331485745,0.001128510213421392,0.5728489931785458,60,-0.0001567829230128201,0.005863310906990549,0.005863310906990549,0.003067561186177048,0.02244875457567279,-0.3115935452871028
138930,BNK금융지주,bank,KOSPI,2024Q4,2025-02-06,15:37,장후,2025-02-07,1,2.904756364869693,7.273995011357548,28.9512279808682,0.0034955109117635694,0.5983928859927756,60,-0.03014018957508307,-0.00852674598607472,-0.00852674598607472,-0.021346774283182247,-0.06016881255566276,0.5243496070155764
175330,JB금융지주,bank,KOSPI,2024Q4,2025-02-06,15:43,장후,2025-02-07,1,1.2312408979619691,0.2353271552934569,28.94662967336009,0.0014241850163493742,0.5259797744143644,60,0.00469354095534962,-0.03153830405416424,-0.03153830405416424,-0.06607395586640738,-0.11289846405871666,0.4654488536326813
006800,미래에셋증권,securities,KOSPI,2024Q4,2025-02-07,08:58,장전,2025-02-07,2,2.3629353854976003,2.8893208744990164,29.059495534545313,-0.0011435922542492095,1.262239839488411,60,0.02737905014601368,-0.021446113584561798,-0.007000872355763776,-0.021446113584561798,-0.005998626351722214,-0.19996191192700064
029780,삼성카드,card,KOSPI,2024Q4,2025-02-07,09:19,장중,2025-02-07,2,-2.1069301600111077,-0.2580824972129319,29.15691307983363,0.0007955701438926633,0.4119552167831649,60,0.04720146368451724,-0.03329119765773536,-0.012399095321789632,-0.03329119765773536,-0.028543472466318064,0.019490747383684948
139130,iM금융지주,bank,KOSPI,2024Q4,2025-02-07,15:59,장후,2025-02-10,1,-0.8313818503275086,-2.5900957374150466,28.065479795860135,0.002422786896259684,0.6949368220843344,60,-0.006882295539080269,-9.082425028954537e-05,-9.082425028954537e-05,-0.0020351725015675926,-0.016715866017343692,0.2835699278246757
316140,우리금융지주,bank,KOSPI,2024Q4,2025-02-07,15:22,마감직전,2025-02-07,2,1.585011415792659,5.2677129518160735,30.089544074927108,-6.665550591751583e-05,0.6903845856700057,60,-0.00730132249518199,0.04694541593968667,-0.011359644364264843,0.04694541593968667,0.0722645462359029,0.6640018825680585
024110,기업은행,bank,KOSPI,2024Q4,2025-02-10,16:00,장후,2025-02-11,1,-0.6415224701601149,-0.1394311536821842,30.129889883123255,0.0015557041341482118,0.5273237702580975,60,-0.014815411448544777,-0.015139597040971663,-0.015139597040971663,-0.008098149008796483,-0.01473855367063049,0.45136678143247977
071050,한국금융지주,securities,KOSPI,2024Q4,2025-02-13,16:54,장후,2025-02-14,1,1.1927525191547164,5.199187058694052,29.120549232253662,0.0005177159276164533,0.9246300515049343,60,-0.033341658414309146,0.02195173106275539,0.02195173106275539,0.025720781886495785,-0.0028993309195132523,0.6444883034106894
005940,NH투자증권,securities,KOSPI,2025Q1,2025-04-24,16:25,장후,2025-04-25,1,-0.6555205998735426,-0.0764631788102968,29.213323717412326,-0.0005311183770114339,0.7155019900622913,60,0.06594434125200643,-0.004130265257227858,-0.004130265257227858,0.004061783715665766,0.06822890558974284,-0.16398677607580758
105560,KB금융,bank,KOSPI,2025Q1,2025-04-24,15:12,마감직전,2025-04-24,2,2.3762168483687325,0.6288832244702883,31.07182105065436,-0.0017016163072292336,0.7296111373203524,60,0.04620512787628956,0.01954288316385946,-0.0020816646425757504,0.01954288316385946,0.027791484934389016,-0.009504988446285445
175330,JB금융지주,bank,KOSPI,2025Q1,2025-04-24,15:54,장후,2025-04-25,1,-0.5851040230743453,-0.0603996235848348,28.852371621557428,-0.0005793623289972892,0.8438192277097611,60,0.016100334798263772,-0.05096157394584301,-0.05096157394584301,-0.054751294496213854,-0.05263324227563759,0.6984061749626349
024110,기업은행,bank,KOSPI,2025Q1,2025-04-25,15:27,마감직전,2025-04-25,2,0.2529741889619622,0.0356051466086738,30.102654722515656,-0.0001383755825804414,0.5664155551548584,60,0.016908723899775942,-0.000276984409632983,0.0028294168988086312,-0.000276984409632983,0.025371335225936917,-0.43616180824048545
029780,삼성카드,card,KOSPI,2025Q1,2025-04-25,09:21,장중,2025-04-25,2,0.2233515195539543,0.0365373805508712,29.120287604025386,6.90017958515741e-05,0.23572879849529102,60,0.02902714504315328,-0.007429565439728341,-0.009544988871461055,-0.007429565439728341,0.0061227788141450645,-0.025307323644184976
055550,신한지주,bank,KOSPI,2025Q1,2025-04-25,13:31,장중,2025-04-25,2,0.8509574262386692,0.1262277417421598,30.816228329712438,-0.0008328377278336223,0.6435691441695666,60,0.024149772528127847,0.007164493670419502,0.015051075186284051,0.007164493670419502,0.0475767244507716,-0.025368464142566438
086790,하나금융지주,bank,KOSPI,2025Q1,2025-04-25,14:46,장중,2025-04-25,2,0.5653842175758401,0.0906279314913493,30.467015718109966,0.00021884961880841647,0.8772841688301969,60,0.03299172051511627,0.009927754983765105,-0.0019590095820630465,0.009927754983765105,0.04635749338808693,-0.1699459713928091
138930,BNK금융지주,bank,KOSPI,2025Q1,2025-04-25,15:09,마감직전,2025-04-25,2,-1.4795129908828786,-0.3324222616752764,28.847378039515743,-0.0021753990924534543,0.6263293506157998,60,0.05511936950760306,-0.06548401971268206,-0.006582772813592543,-0.06548401971268206,-0.02362076489132769,0.4654041700058773
316140,우리금융지주,bank,KOSPI,2025Q1,2025-04-25,15:48,장후,2025-04-28,1,-0.7926773492003456,-0.2528661979779151,30.179958780094346,0.0015070207458482846,0.6908006227888607,60,0.0057104114141538044,-0.030933759178725477,-0.030933759178725477,-0.008181805720027451,0.0143092428201612,0.4222080083690152
139130,iM금융지주,bank,KOSPI,2025Q1,2025-04-28,16:10,장후,2025-04-29,1,1.117113240175333,0.3812524615990547,28.107678497287633,0.000991615836878295,0.5177986828093649,60,-0.0017182521267990756,0.050104085473236484,0.050104085473236484,0.05968709604596772,0.0687199900325073,1.4892203347940107
039490,키움증권,securities,KOSPI,2025Q1,2025-04-30,08:01,장전,2025-04-30,2,-0.0542061506323022,-0.0414275181372688,28.816046510435566,0.0004896408455634457,0.8101147715939749,60,0.021036863188351965,0.039323772489347625,0.036450414622544475,0.039323772489347625,0.07342392298386671,0.4210776611668168
323410,카카오뱅크,bank,KOSPI,2025Q1,2025-05-07,07:58,장전,2025-05-07,2,2.312962303664681,0.2357887353076072,29.98516636899433,0.0009094614231270386,0.8046892998433094,60,-0.00044629091572039384,0.036270088796749346,0.04757414682497356,0.036270088796749346,0.02364282503850327,0.5155621170982192
006800,미래에셋증권,securities,KOSPI,2025Q1,2025-05-08,09:38,장중,2025-05-08,2,0.4835283089912572,0.588711707673509,29.411303429429292,0.0038486973011895207,1.1682095797351486,60,0.10962659442869252,-0.01769027746709459,0.009296954414884583,-0.01769027746709459,0.039084240277263635,0.7816570340453657
003540,대신증권,securities,KOSPI,2025Q1,2025-05-13,16:51,장후,2025-05-14,1,0.6078336581679243,0.4418369827408889,27.858511889166092,0.000983452104829984,0.39708244516596747,60,0.09140667782126605,-0.006350930079885261,-0.006350930079885261,-0.0039319317921626355,-0.029677042210177865,0.7497976597435105
016360,삼성증권,securities,KOSPI,2025Q1,2025-05-14,15:56,장후,2025-05-15,1,-0.0769679652568149,-0.0186850172233985,29.231650728943265,0.0019747682292156825,0.7397149237216049,60,0.01744273907381605,-0.02779756478815053,-0.02779756478815053,-0.016510470995885318,-0.02074659183765131,0.8004199008519404
071050,한국금융지주,securities,KOSPI,2025Q1,2025-05-14,16:17,장후,2025-05-15,1,1.6003301685580456,0.3447397908001338,29.254251473782272,0.0005296213078740918,0.790777185414757,60,0.050515747364618266,0.05456932131245122,0.05456932131245122,0.0630176559544357,0.09255516761089914,1.2730566989358856
138040,메리츠금융지주,securities,KOSPI,2025Q1,2025-05-14,15:34,장후,2025-05-15,1,0.1691016299261742,0.0410827476360135,30.663871647255384,0.001554608327230084,0.8835833679196947,60,-0.07731262486950628,-0.018531509461866134,-0.018531509461866134,-0.03164596213765395,-0.04417158899912564,0.8261976346505175
024110,기업은행,bank,KOSPI,2025Q2,2025-07-24,14:00,장중,2025-07-24,2,0.806110267190951,0.1403067977959493,30.405374672331977,0.002424467170654201,0.8057251027662248,60,-0.040876006618651456,-0.020466503758736605,0.0033217743097850774,-0.020466503758736605,-0.06518384498898225,0.1516879936690403
105560,KB금융,bank,KOSPI,2025Q2,2025-07-24,15:21,마감직전,2025-07-24,2,0.0180816550498187,0.0034477205389595,31.368374627112473,0.0010201109229266937,1.0970382301888881,60,0.010652283980979059,0.0236405420744892,0.013025032331414074,0.0236405420744892,-0.05539722872384379,0.1594091103034092
175330,JB금융지주,bank,KOSPI,2025Q2,2025-07-24,15:11,마감직전,2025-07-24,2,0.5759783305269716,0.0548783584742749,29.155773569780962,0.0007750622222993647,1.0573668396983669,60,0.007397020757828589,-0.022322468736538,0.005256248736141759,-0.022322468736538,-0.06514856772018698,-0.03957481287889486
029780,삼성카드,card,KOSPI,2025Q2,2025-07-25,09:02,장중,2025-07-25,2,-1.208120488748416,-0.1822606814494321,29.369326413895728,0.00206187879548314,0.8013853629624283,60,-0.055684867454160264,-0.09505850184151746,-0.01668750396920466,-0.09505850184151746,-0.0930948820902992,0.4999288968549518
055550,신한지주,bank,KOSPI,2025Q2,2025-07-25,13:37,장중,2025-07-25,2,0.5950195779076171,0.0866894566668467,31.14687974863747,0.003002171876873816,0.8332265359533162,60,-0.023151178627910753,-0.04174156760251421,0.02258448577163448,-0.04174156760251421,-0.034351518561517504,0.5122474725540149
086790,하나금융지주,bank,KOSPI,2025Q2,2025-07-25,14:35,장중,2025-07-25,2,0.9018719809983168,0.1339197094471242,30.870285435654694,0.0028495255925489486,1.14869207129932,60,-0.023426835114826343,-0.08902225642498258,0.011485116386139473,-0.08902225642498258,-0.09073191744647321,0.3621918367464758
316140,우리금융지주,bank,KOSPI,2025Q2,2025-07-25,15:43,장후,2025-07-28,1,0.0116982841197541,0.0033859548360431,30.564641325251923,0.0015263699273411514,1.205416392033404,60,0.01713423599617008,-0.04245641993693157,-0.04245641993693157,-0.051862854872043486,-0.05842488855305613,0.26015050366054915
139130,iM금융지주,bank,KOSPI,2025Q2,2025-07-28,15:56,장후,2025-07-29,1,2.5741024395232364,3.051034013961149,28.470967366670227,0.0036200245166404165,0.8686323981831408,60,-0.1131291241553947,0.028801385773677923,0.028801385773677923,0.01589906218396106,0.014727367472845452,0.06568974611180423
039490,키움증권,securities,KOSPI,2025Q2,2025-07-30,08:15,장전,2025-07-30,2,0.4268555771832909,0.3367386134597042,29.320937514916928,0.0008803508617215242,2.1213864644314895,60,-0.07655967414836337,-0.011502750546646429,-0.011887057093914365,-0.011502750546646429,-0.003268424482494224,-0.050469151930694345
005940,NH투자증권,securities,KOSPI,2025Q2,2025-07-31,15:33,장후,2025-08-01,1,1.8527493520114209,0.30186344852065,29.56596437092193,0.0005285192419386357,1.4393955489280812,60,-0.04684883876744856,-0.022818698141565265,-0.022818698141565265,-0.014106724619483054,-0.012666329428130528,0.42296859026311573
138930,BNK금융지주,bank,KOSPI,2025Q2,2025-07-31,15:01,마감직전,2025-07-31,2,1.0568266769040335,0.2735038510647061,29.16480208116626,0.00361555569532089,0.7668100932728519,60,-0.09489752926954738,-0.027614500954166548,0.000573354234616164,-0.027614500954166548,-0.011395755390357889,0.13546479245787513
071050,한국금융지주,securities,KOSPI,2025Q2,2025-08-06,15:43,장후,2025-08-07,1,3.5467022897702605,0.9249424158557272,29.71396872915017,0.0014037254211257235,1.9224067226379595,60,0.015342129355070778,-0.03684123997182721,-0.03684123997182721,-0.05089810650172941,-0.022014596229639888,0.29052547072713786
323410,카카오뱅크,bank,KOSPI,2025Q2,2025-08-06,07:56,장전,2025-08-06,2,0.5850244611785097,0.0499979209114724,30.194669550633826,-0.005927437770024519,2.6055342265616814,60,0.018230781027853783,-0.014051538340563824,-0.007113770129928074,-0.014051538340563824,-0.020813275402091956,0.7916192565900664
006800,미래에셋증권,securities,KOSPI,2025Q2,2025-08-07,09:34,장중,2025-08-07,2,1.0297481690281378,1.0445673554640764,29.871470435054725,-0.003546284697327406,2.859698836792988,60,0.04758480843311007,0.006055947043278741,-0.013188758170460183,0.006055947043278741,0.021553672008158865,-0.3387334555730428
003540,대신증권,securities,KOSPI,2025Q2,2025-08-08,16:21,장후,2025-08-11,1,0.6135877341441052,0.4218389478541763,28.061467185294514,-0.0005267717414406681,1.4926423650365765,60,0.023380085497131272,-0.00994207541159432,-0.00994207541159432,0.022263854676810333,-0.005152375864258549,0.13185612859338924
016360,삼성증권,securities,KOSPI,2025Q2,2025-08-08,15:48,장후,2025-08-11,1,-0.37057727259743,-0.0900615818946127,29.472297152098314,-0.0009770931514307413,1.536007010635213,60,0.006205549309077987,-0.029404818299552573,-0.029404818299552573,-0.007143613163923222,-0.02085349119199631,-0.23114349045219384
138040,메리츠금융지주,securities,KOSPI,2025Q2,2025-08-13,15:47,장후,2025-08-14,1,-0.0334725444830734,-0.0068917534527246,30.636594411866703,-0.0032211944438851935,0.8448067194266942,60,0.0022000874752217126,0.06257709085446293,0.06257709085446293,0.06607009800833788,0.08263609186181317,0.9578967770237519
029780,삼성카드,card,KOSPI,2025Q3,2025-10-28,09:20,장중,2025-10-28,2,-0.2247730277438236,-0.0414937759336099,29.342462763043947,-0.002419021712225717,0.2858422562709447,60,0.005481890326976347,-0.0018426118144277632,0.0027304309593292287,-0.0018426118144277632,-0.009882934556317158,0.15447199947779122
055550,신한지주,bank,KOSPI,2025Q3,2025-10-28,13:21,장중,2025-10-28,2,0.5995945978058835,0.0975091514091782,31.219233813345607,-0.001666553248835747,0.9852282892814276,60,-0.047551600155997936,-0.007304549696178328,0.002865089150453768,-0.007304549696178328,-0.025207492026698364,0.07438590995251726
086790,하나금융지주,bank,KOSPI,2025Q3,2025-10-28,14:46,장중,2025-10-28,2,-0.1535856260506455,-0.0209189465393171,30.813678981032677,-0.0030719281892275614,0.8350737963700842,60,-0.03995656820901648,-0.024776578996481287,0.010933831039759126,-0.024776578996481287,-0.02750970725617821,0.5448579926680521
175330,JB금융지주,bank,KOSPI,2025Q3,2025-10-28,15:32,장후,2025-10-29,1,0.8115365486479575,0.0789214670534604,29.06932489550855,-0.002673190617292137,0.5873075002783165,60,-0.04821015235770837,-0.0030506118490449263,-0.0030506118490449263,0.03443564773009799,0.007482053300589583,0.07324681673025246
316140,우리금융지주,bank,KOSPI,2025Q3,2025-10-29,15:39,장후,2025-10-30,1,1.3645119076414851,0.3760182491477502,30.560483800911918,-0.001853281420847005,0.788309848604463,60,-0.05691128877041958,0.0007453309967260381,0.0007453309967260381,-0.005296106745809261,0.028599017250969184,0.5692336630919534
005940,NH투자증권,securities,KOSPI,2025Q3,2025-10-30,15:38,장후,2025-10-31,1,4.064345881549437,0.8389229919776544,29.646684360787066,-0.0045120136849697776,1.241857022756516,60,-0.06538667104785151,0.01062618768743466,0.01062618768743466,0.010090053084146365,0.05326504152753745,0.7288442649514835
024110,기업은행,bank,KOSPI,2025Q3,2025-10-30,13:57,장중,2025-10-30,2,-0.5726170212322961,-0.0684222478993169,30.364759806455695,-0.0023956959019400376,0.5618678775963825,60,-0.03182226591515254,0.0027285291465878646,-0.005674319177364475,0.0027285291465878646,0.005575357898916167,0.3253162012718329
039490,키움증권,securities,KOSPI,2025Q3,2025-10-30,08:06,장전,2025-10-30,2,0.599060739511938,0.5202863849100088,29.646745370365927,-0.002192233939370821,1.554763018939755,60,0.038464263727706186,-0.005621650169028091,0.008389330876559185,-0.005621650169028091,-0.02874660895271853,0.5442044023497541
105560,KB금융,bank,KOSPI,2025Q3,2025-10-30,15:22,마감직전,2025-10-30,2,0.1984084757524303,0.0409466339202256,31.374427322291172,-0.0027111360681175535,0.8523390957368584,60,-0.026991002926257328,0.005095885132033221,-0.00021243188154189126,0.005095885132033221,0.05202006778481949,0.20435597917006998
138930,BNK금융지주,bank,KOSPI,2025Q3,2025-10-30,16:40,장후,2025-10-31,1,1.1983949635901916,0.3827182540614969,29.100128719001972,-0.0034841307344060544,0.6753854149333058,60,-0.054326776118519715,-0.0006371165703591314,-0.0006371165703591314,0.010738043046712272,0.07228220999713628,0.42654992616796683
139130,iM금융지주,bank,KOSPI,2025Q3,2025-10-30,13:25,장중,2025-10-30,2,0.2969302004252044,0.1933264466836884,28.40560480611019,-0.0036822722957981545,0.6522152238534575,60,-0.011717559262470712,-0.019994260684770504,0.002026774273396965,-0.019994260684770504,-0.0013732422265224642,0.15614556711575478
323410,카카오뱅크,bank,KOSPI,2025Q3,2025-11-05,07:58,장전,2025-11-05,2,-1.1234360069580236,-0.1028148028832601,30.035766010632152,-0.0063438986236062575,0.8174171173566045,60,-0.007867749964427434,-0.02624451860862194,0.0013434211252328493,-0.02624451860862194,-0.02530238339405593,0.9687599667907696
003540,대신증권,securities,KOSPI,2025Q3,2025-11-06,17:12,장후,2025-11-07,1,1.1676361961813393,13.744597945448104,28.167466264315536,-0.001731118991499085,1.006614801790714,60,0.013200274245782507,-0.006551232623174724,-0.006551232623174724,0.0005505969654022932,0.03093466404059931,0.23716443773203189
006800,미래에셋증권,securities,KOSPI,2025Q3,2025-11-06,09:33,장중,2025-11-06,2,0.2516771776891207,0.1719411679646346,30.172253483333172,-0.0017833023365375336,1.6947866909910576,60,-0.0023919566364166873,-0.04385454106977791,-0.0530093526184042,-0.04385454106977791,-0.11102498397220278,1.4372153159544148
016360,삼성증권,securities,KOSPI,2025Q3,2025-11-11,15:59,장후,2025-11-12,1,1.032077921585126,0.2865471281204096,29.549940263119275,-0.0027073586998239427,0.9511340922476126,60,0.0382784453889632,0.0803457744946974,0.0803457744946974,0.06513286909601927,0.0671490299362822,1.4967770948141101
071050,한국금융지주,securities,KOSPI,2025Q3,2025-11-11,15:59,장후,2025-11-12,1,3.627364866602441,1.1548602515759476,29.823233096432848,-0.0035223291638749633,1.6542250594841437,60,0.004535587639144408,0.02459118717997144,0.02459118717997144,0.02289500307841269,-0.0064558843226488055,0.932831233948809
138040,메리츠금융지주,securities,KOSPI,2025Q3,2025-11-14,15:43,장후,2025-11-17,1,0.0318483221143153,0.0073315587832535,30.692030693327947,-0.0007929648064877459,0.28609268284697775,60,0.05634328368706909,-0.09926611347758295,-0.09926611347758295,-0.11624728328255271,-0.09816048429828839,1.3734261727065107
016360,삼성증권,securities,KOSPI,2025Q4,2026-01-23,16:36,장후,2026-01-26,1,1.0209539966220953,0.4635419495211284,29.67077673626255,-0.001518491591168509,0.7406187479796836,60,0.014556683510693558,-0.026711092191033507,-0.026711092191033507,-0.015554823756895913,0.03554658158689407,0.3450396922259795
005940,NH투자증권,securities,KOSPI,2025Q4,2026-01-29,16:16,장후,2026-01-30,1,4.082876512415229,1.5759123155097394,29.91078369830809,-0.0007715426630625791,0.7149910655754967,60,0.09714543524446151,0.038015045968290126,0.038015045968290126,0.004575137050655799,0.0223708070605266,0.7921827201721783
086790,하나금융지주,bank,KOSPI,2025Q4,2026-01-30,14:40,장중,2026-01-30,2,0.3980389099729943,0.1089533491075862,30.97687949809693,0.0012201725426087275,0.3049262922552701,60,0.00816694566410325,0.01094762724722232,-0.03576938114836647,0.01094762724722232,0.0689070345405635,0.5705790427587365
039490,키움증권,securities,KOSPI,2025Q4,2026-02-04,08:08,장전,2026-02-04,2,0.5420312632661544,0.6879350109843482,30.09720592863116,-0.0001425785159800564,1.253509017516651,60,0.1044577048510649,-0.0263595947047933,-0.04385681677486579,-0.0263595947047933,-0.027388034078466857,0.525113277404408
323410,카카오뱅크,bank,KOSPI,2025Q4,2026-02-04,07:40,장전,2026-02-04,2,1.3018297573467834,0.2456871544099364,30.029478247154906,-0.0012189000815313717,0.4536292005610498,60,-0.024586494920405957,0.16367966243896798,0.07319569780774,0.16367966243896798,0.14510060342541894,2.8517301310618954
024110,기업은행,bank,KOSPI,2025Q4,2026-02-05,14:28,장중,2026-02-05,2,0.0260339414995281,0.0055173703077284,30.53360582788507,0.001109245022711708,0.22327307035422123,60,0.03530600184967133,0.016364355007385013,0.014231835295783766,0.016364355007385013,0.05380042247292184,0.25802797012186485
029780,삼성카드,card,KOSPI,2025Q4,2026-02-05,09:43,장중,2026-02-05,2,0.493933796314946,0.1164537941397445,29.43994112291853,0.0017196357399014515,0.11427916234574174,60,0.0011435659787746022,0.032010294689399976,0.020114943092170736,0.032010294689399976,0.05234889460351588,0.4119997644540687
055550,신한지주,bank,KOSPI,2025Q4,2026-02-05,13:31,장중,2026-02-05,2,0.966034508486071,0.2573762983319297,31.388990175477556,0.000725019302004689,0.3925518450289618,60,0.056161056840996953,0.05561079637977101,0.021365862333593187,0.05561079637977101,0.08301498118798159,0.4929877407190446
105560,KB금융,bank,KOSPI,2025Q4,2026-02-05,15:50,장후,2026-02-06,1,0.1123246784164298,0.0543349238091896,31.543503760086626,0.000980685463039747,0.4531592654913679,60,0.012391812167146913,0.07349196511479614,0.07349196511479614,0.06824919626449316,0.14447022031329562,1.484280374832574
175330,JB금융지주,bank,KOSPI,2025Q4,2026-02-05,15:50,장후,2026-02-06,1,0.93266898257738,0.1511794638641649,29.316071506596444,0.0007690856039980875,0.2964232992973478,60,0.12097868925464011,0.0035347679532908407,0.0035347679532908407,0.030535745637175326,0.10237818118528583,1.1122985686851514
138930,BNK금융지주,bank,KOSPI,2025Q4,2026-02-06,15:12,마감직전,2026-02-06,2,0.3037646568013014,0.9195529773076266,29.345949484271074,0.0019995240743323054,0.2080563761031252,60,0.05606636397491759,0.07873904869664948,0.03903193996346688,0.07873904869664948,0.11284262671063508,0.4890536826161753
139130,iM금융지주,bank,KOSPI,2025Q4,2026-02-06,16:42,장후,2026-02-09,1,1.1334929996757286,1.5052790383271155,28.66509884256236,0.001043614790396012,0.34684697512857987,60,0.1252382871519301,0.00592585120584538,0.00592585120584538,0.03983116781315579,0.11344894856398122,0.2361644037549393
316140,우리금융지주,bank,KOSPI,2025Q4,2026-02-06,15:43,장후,2026-02-09,1,-0.291378460701141,-0.1896120414523335,30.797371592070277,0.0008717077732741353,0.3776635953369932,60,0.075749340210083,0.046642724080719386,0.046642724080719386,0.07544901519500138,0.15336553785092447,0.5559233211935659
003540,대신증권,securities,KOSPI,2025Q4,2026-02-09,17:16,장후,2026-02-10,1,-0.457648143310579,-0.4180356414616972,28.38624876181501,-0.001914296358694753,0.8140520586855757,60,0.015127058582794114,0.12726827523291215,0.12726827523291215,0.10120010494722906,0.2558284988415837,1.29189569894565
006800,미래에셋증권,securities,KOSPI,2025Q4,2026-02-09,10:00,장중,2026-02-09,2,1.633857333662951,1.187889929483838,30.95755944432308,0.0035521885401466552,1.255793094950697,60,0.13099615369945938,0.01962850469910208,0.05254694497917092,0.01962850469910208,-0.010164835082869934,0.4974393883583712
138040,메리츠금융지주,securities,KOSPI,2025Q4,2026-02-09,16:09,장후,2026-02-10,1,-0.1757465906576881,-0.0760016617494472,30.655218968198188,0.00010826071303309719,0.11216568441177104,60,0.020379007035052476,0.010518588819971458,0.010518588819971458,0.08118127520287996,0.11594989931324998,0.2845647025400666
071050,한국금융지주,securities,KOSPI,2025Q4,2026-02-11,14:44,장중,2026-02-11,2,1.744897350699652,2.1445256753716184,30.252237227742917,-0.0012978095517133586,1.1849830774079382,60,0.07836808892730364,-5.722176846827132e-05,-0.04941119722937401,-5.722176846827132e-05,0.10959062538094316,0.7159033861543138
005940,NH투자증권,securities,KOSPI,2026Q1,2026-04-23,17:39,장후,2026-04-24,1,4.28105373037982,1.2844045949632137,30.204684398788537,0.0027451862447445997,1.0973505150667617,60,-0.06401413384403733,0.00156800743981094,0.00156800743981094,-0.020284610170479698,-0.056901102278424966,-0.33354335588285444
055550,신한지주,bank,KOSPI,2026Q1,2026-04-23,13:48,장중,2026-04-23,2,1.3368868573953254,0.0901994563092184,31.47692397455641,0.001624364757586894,0.5495136955555752,60,-0.0489139891252873,0.005931927022310915,0.0065405021719393205,0.005931927022310915,-0.012175866250658328,-0.3304154868899678
105560,KB금융,bank,KOSPI,2026Q1,2026-04-23,15:22,마감직전,2026-04-23,2,0.5837937415837028,0.1149669086433457,31.66422949480851,0.0008502775181546164,0.6053499973844497,60,-0.04093208551346966,-0.007118570000050429,-0.0024804382617638464,-0.007118570000050429,-0.015230649688242882,-0.09103578028899406
175330,JB금융지주,bank,KOSPI,2026Q1,2026-04-23,16:07,장후,2026-04-24,1,0.2541394372038701,0.0206388900836246,29.3725450224105,0.0019451865300073932,0.5678737310986061,60,-0.06479748172966246,-0.04789492463483243,-0.04789492463483243,-0.10464604145216139,-0.12966476842822908,-0.04659941193016337
024110,기업은행,bank,KOSPI,2026Q1,2026-04-24,16:35,장후,2026-04-27,1,-0.9363846941085192,-0.0740787003485096,30.511481031604433,-0.00047037567331470356,0.5721147540327642,60,-0.03218799560471609,-0.01844879578223541,-0.01844879578223541,-0.006798815548276306,0.0022192613527245685,-0.5260512008208451
029780,삼성카드,card,KOSPI,2026Q1,2026-04-24,13:38,장중,2026-04-24,2,-0.8929671049864484,-0.1523861171366594,29.391587926201975,-0.000927913472674758,0.3616868434914717,60,-0.013249174902600906,-0.03374625549704848,-0.011989257713834318,-0.03374625549704848,-0.036015134039536614,0.0297363558970396
086790,하나금융지주,bank,KOSPI,2026Q1,2026-04-24,14:32,장중,2026-04-24,2,0.9524889048536384,0.0729803447951747,31.110250558989076,0.0015316517648317199,0.5868920712579867,60,-0.043888955261690996,0.009770960962140657,0.018141330048173046,0.009770960962140657,0.02470730623207868,-0.008742544474385383
316140,우리금융지주,bank,KOSPI,2026Q1,2026-04-24,15:46,장후,2026-04-27,1,-0.0580041322589988,-0.0208986348106263,30.874508053771482,0.002068986153150135,0.5792900222710394,60,-0.0546725920374366,-0.06863268484895296,-0.06863268484895296,-0.06397766002095259,-0.06891488445109305,0.9071498240585534
139130,iM금융지주,bank,KOSPI,2026Q1,2026-04-28,15:44,장후,2026-04-29,1,0.0028116748724282,0.0013155507167483,28.761403979440278,0.002485132654330619,0.5011587897733255,60,-0.01617346057897939,-0.020864518952044872,-0.020864518952044872,-0.011159276735283254,-0.07880889048973337,-0.20759233483913242
039490,키움증권,securities,KOSPI,2026Q1,2026-04-30,07:51,장전,2026-04-30,2,2.048934080046206,1.0243286772423816,30.02579718807462,0.00015609402603235668,1.149815778380015,60,-0.09594446905892814,-0.04420716088092671,-0.046332723713978764,-0.04420716088092671,-0.03472259834199924,0.776659030423815
138930,BNK금융지주,bank,KOSPI,2026Q1,2026-04-30,14:14,장중,2026-04-30,2,0.7606933849339486,0.2690183459802132,29.403232664174816,0.00070201996889626,0.5400816159778892,60,-0.02281955888622101,-0.056533264177436274,-0.00013868293998107843,-0.056533264177436274,-0.09936558786047507,0.0816430860056725
323410,카카오뱅크,bank,KOSPI,2026Q1,2026-05-06,07:55,장전,2026-05-06,2,3.103807234153933,0.3629853874366886,30.084228761926315,-0.0013834615062088432,0.6554496933982416,60,-0.0744133898102604,-0.06821562516578687,-0.015304753412036031,-0.06821562516578687,-0.12577597494082868,0.5865610737861191
003540,대신증권,securities,KOSPI,2026Q1,2026-05-08,16:05,장후,2026-05-11,1,3.0139958534104876,0.9429242101986824,28.61385518314412,-0.0001854328498003886,0.9616014258817657,60,-0.09061539756162452,-0.04562569826398901,-0.04562569826398901,-0.08651415418717873,-0.1540122107775968,-0.25631837094037735
016360,삼성증권,securities,KOSPI,2026Q1,2026-05-11,16:07,장후,2026-05-12,1,3.266795916568002,0.8149379664592172,30.12202248843773,-0.0009537302895231553,0.9772839015186441,60,0.06782380374585553,-0.03113612160990261,-0.03113612160990261,-0.056315027462214326,-0.04712978528319992,1.1338316010280156
006800,미래에셋증권,securities,KOSPI,2026Q1,2026-05-12,09:54,장중,2026-05-12,2,5.099493596816419,2.8504493014087773,31.46388043384538,0.002001237635599622,1.285284738642996,60,-0.02540507433705163,-0.09298422261130188,-0.038619943724230874,-0.09298422261130188,-0.08019909851505169,0.1532544981733004
071050,한국금융지주,securities,KOSPI,2026Q1,2026-05-14,16:15,장후,2026-05-15,1,4.084954973665471,0.995648342443821,30.343485899208062,-0.002060755305523172,1.1509920946880674,60,-0.1302711508131165,0.07471345983228465,0.07471345983228465,0.003028669228977543,0.021335184411982743,0.7120457879062894
138040,메리츠금융지주,securities,KOSPI,2026Q1,2026-05-14,15:43,장후,2026-05-15,1,0.9466051360634012,0.0936894302383927,30.53015281808247,-0.004028987857121611,0.5191171584133166,60,-0.04060671058449386,-0.003041921709527509,-0.003041921709527509,0.004120543200279615,0.051550128734419914,0.427567440202548
005940,NH투자증권,securities,KOSPI,2026Q2,2026-07-23,16:01,장후,2026-07-24,1,2.4403166578128355,0.90681877490292,30.050139573398443,-0.003569733712961957,0.5754712301372337,60,-0.003153599949872205,0.005314931225872038,0.005314931225872038,0.01017091741531908,-0.0008857282448854198,-0.4210390926653069
055550,신한지주,bank,KOSPI,2026Q2,2026-07-23,13:16,장중,2026-07-23,2,3.2587325224715373,0.1749985313607733,31.524015212031955,0.0008695513702409223,0.10816791233693922,60,-0.02236883925367846,-0.0009790317965676747,-0.012249696142721651,-0.0009790317965676747,-0.025459009083506946,-0.24970643403082615
105560,KB금융,bank,KOSPI,2026Q2,2026-07-23,15:16,마감직전,2026-07-23,2,1.133212233974163,0.1459754881150836,31.74971156455877,0.001764545790053048,0.19620054795010833,60,-0.03472306745839968,-0.02118783406840874,-0.00338551057755186,-0.02118783406840874,-0.04154001947390233,-0.2677639771039386
175330,JB금융지주,bank,KOSPI,2026Q2,2026-07-23,16:03,장후,2026-07-24,1,0.8619756247334033,0.0572907388237559,29.185833112049135,-0.001871008757099769,0.03368531578314665,60,-0.07775582242013637,0.0553457319942904,0.0553457319942904,0.12340189721055475,0.04211415164838865,-0.2336751194405693
086790,하나금융지주,bank,KOSPI,2026Q2,2026-07-24,14:38,장중,2026-07-24,2,0.2998979016060765,0.0166515240103436,31.18666002813108,0.00113729386992029,0.2686168649180109,60,-0.045827776265941936,0.01172419035909639,0.029152118266140184,0.01172419035909639,-0.024486661058644405,0.04193295260521168
316140,우리금융지주,bank,KOSPI,2026Q2,2026-07-24,15:36,장후,2026-07-27,1,0.3216624226266924,0.0740991395531834,30.742363994031653,-0.002303437743552853,0.13487918806576027,60,-0.006738410352978997,0.07139333693127406,0.07139333693127406,0.04752671485578039,0.09160767547480476,0.6887011534237271
024110,기업은행,bank,KOSPI,2026Q2,2026-07-27,16:30,장후,2026-07-28,1,-0.1543299530883024,-0.0142210096599618,30.465706450219486,-0.0011017552846363042,0.04620092065722564,60,0.010891857039067719,-0.039115887829336116,-0.039115887829336116,-0.04501588457692877,-0.02781993266203369,0.16635314534552847
029780,삼성카드,card,KOSPI,2026Q2,2026-07-27,12:36,장중,2026-07-27,2,0.0965050893667063,0.0198412698412698,29.28111753739188,-0.0024651546761422444,0.0284997773181804,60,0.049393581455454486,-0.02013067439695042,0.030473778885021067,-0.02013067439695042,-0.015198831831349504,-0.22941098680753758
139130,iM금융지주,bank,KOSPI,2026Q2,2026-07-27,15:50,장후,2026-07-28,1,-0.2046238457669396,-0.089565531662235,28.683517578945988,-0.0011862130693093772,0.1122268833236339,60,0.012439174410151034,-0.06290252573495274,-0.06290252573495274,-0.11825651250455096,-0.05765160285839674,0.07712794762669795
138930,BNK금융지주,bank,KOSPI,2026Q2,2026-07-28,14:49,장중,2026-07-28,2,-1.9025326545074936,-0.3519085105144343,29.357908824138125,-0.0014589175743243063,0.14375730363849096,60,0.025557779743520387,-0.16336002281747386,-0.030097683387265536,-0.16336002281747386,-0.16840865666487967,0.525681692989358
039490,키움증권,securities,KOSPI,2026Q2,2026-07-30,07:52,장전,2026-07-30,2,3.196716913820877,1.1957568263049647,29.536599996020264,-0.007142279722740503,0.8365790807989577,60,0.020207871404754087,0.021552402158461867,0.025266376866037013,0.021552402158461867,0.033482707025189073,0.05192823399737545
016360,삼성증권,securities,KOSPI,2026Q2,2026-08-04,16:05,장후,2026-08-05,1,3.3758925847113788,1.080700976798895,29.806338586437455,-0.0016510538223402157,0.8165138364980717,60,0.022497931411817537,-0.03870689295576267,-0.03870689295576267,-0.021616516295864304,-0.0420705401353729,0.08933594141786116
323410,카카오뱅크,bank,KOSPI,2026Q2,2026-08-05,07:59,장전,2026-08-05,2,0.7336297302646589,0.1148055157337811,29.973890625426478,-0.002412983288700437,0.13721107123345766,60,0.030126284931992046,-0.005324834958102405,-0.016481061226278536,-0.005324834958102405,0.024573848127885795,-0.050903047623467756
071050,한국금융지주,securities,KOSPI,2026Q2,2026-08-06,14:49,장중,2026-08-06,2,3.2778561412258966,0.8471828086223974,30.135250053648637,-0.0031987838757963467,0.6795185651442912,60,0.04466593978215038,-0.06599050307882137,0.008417637465937388,-0.06599050307882137,-0.016617815963633927,0.18998558733118642
003540,대신증권,securities,KOSPI,2026Q2,2026-08-11,16:09,장후,2026-08-12,1,5.6312716590022145,2.496585392240388,28.218988056357837,-0.005563496006886254,0.4995476393243993,60,0.03268240571510253,0.041177619631255304,0.041177619631255304,7.6084072251556e-06,-0.01740449254713726,0.34870037620378547
006800,미래에셋증권,securities,KOSPI,2026Q2,2026-08-12,09:18,장중,2026-08-12,2,6.639153781397159,3.701124487038024,30.658914762073657,-0.011901815510321939,0.7788602841401375,60,0.10285724418477506,0.03777025525325643,0.011534732098224802,0.03777025525325643,0.00943600344871574,-0.09359901515733426
138040,메리츠금융지주,securities,KOSPI,2026Q2,2026-08-12,15:45,장후,2026-08-13,1,0.8274666636026532,0.0688841509496411,30.606965211949962,0.0014991568715869543,0.16579640579878638,60,-0.018708179688443634,-0.010667974574589869,-0.010667974574589869,-0.03227485506764119,-0.0357094378836266,0.1444842005171143
