design,sector,ticker,fiscal_q,timing,sue,n_controls,treat_ret,ctrl_ret,did_ret,pretrend_ret,treat_abs_ret,ctrl_abs_ret,did_abs_ret,pretrend_abs_ret,treat_abn_vol,ctrl_abn_vol,did_abn_vol,pretrend_abn_vol,es_-5,es_-4,es_-3,es_-2,es_-1,es_0,es_1,es_2,es_3,placebo_did_ret,placebo_did_abs_ret,placebo_did_abn_vol
A,securities,005940,2020Q4,장후,-0.3963179191398464,1,-0.010950090414409442,-0.0315534987804923,0.020603408366082862,-0.009367432886825565,0.000685621987441043,0.008299088145425064,-0.007613466157984021,0.010329988523295633,0.42003314097695144,-0.4005947529553996,0.820627893932351,0.10208043199711325,0.05983713803433589,-0.0002042627649245024,-0.051079710969911804,-0.013032756240651405,0.0,0.0197074899778525,0.033632559860041794,-0.030449886026909408,-0.03158967639598831,0.023768766359693976,0.0006019066014655433,0.05076566147318751
A,securities,006800,2020Q4,장후,0.5707198652216164,1,-0.024764630531020137,-0.0315534987804923,0.006788868249472165,0.0104552658324061,0.012488225997404017,0.008299088145425064,0.004189137851978953,0.0123902796033581,0.3183725056817394,-0.4005947529553996,0.718967258637139,0.3923056620444596,0.0388714758670794,-0.0284341732967004,-0.06581667066749461,-0.016009047066598205,0.0,-0.007488814783270598,-0.015960534237986893,-0.030678743292233107,-0.046423702459097806,0.021813362096013394,-0.013662008012495917,-0.15059875330724426
A,securities,005940,2021Q1,장후,2.2690367618729463,2,0.0428589426278495,0.021890548333687698,0.0209683942941618,-0.001636015171089713,0.03638106825985718,0.00868892210731732,0.02769214615253986,-0.01844539481703486,1.1226416040440246,0.5974890558342325,0.5251525482097921,-0.5047792719376092,0.0012942871689044025,-0.00848994217381185,-0.012622659543958449,-0.016484240041423348,0.0,0.013707883376103944,-0.021493089499807102,0.002004986676447551,-0.004788454943669002,0.0014390926206033802,0.0003349068491135597,0.11822814908903836
A,securities,006800,2021Q1,장후,3.043282443299612,1,0.00759692154532086,0.01811355146698188,-0.010516629921661018,-0.006646462507689618,-0.009795654474330858,-0.01101291080037752,0.0012172563260466618,0.02153399462623952,-0.01748503367380927,-0.44829982983064054,0.43081479615683127,0.5300484733515518,0.0117648350282114,-0.0185132542225367,0.007472092802554994,-0.012810475943226103,0.0,-0.012933990388660298,-0.0015235084680291014,0.010963018145561804,-0.024828940995233105,-0.0005608345686272595,0.005467387350406102,0.340438494443363
A,securities,005940,2021Q2,장후,0.3360203513684768,2,0.02334736399699008,0.008048200429005361,0.01529916356798472,0.002350071400888741,0.012168991840766122,-0.0039514799470357406,0.016120471787801863,0.008613449166202556,1.052152120497296,0.010214712394413378,1.0419374081028825,0.12306432718053922,-0.0128390686783541,-0.003086709828637294,-0.011433317002784295,-0.013539254204739646,0.0,0.007119493625081654,-0.022311186469026148,-0.008914940146812749,-0.0004279379612421967,0.01062527213846622,-0.010504838743471561,0.2330125412128472
A,securities,005940,2021Q3,장후,-0.2096967685331189,2,0.00985274767601144,0.0015258208843727604,0.00832692679163868,0.001190704199624134,0.00529861878596128,-0.0026015546629112405,0.00790017344887252,0.0022575875565395338,0.5915210726260174,-0.1978120456389183,0.7893331182649357,-0.04540102683193192,0.010298927682770301,0.012258712370919649,0.003912557994377501,0.0200282070979599,0.0,0.017626607820844152,0.015380388396423802,-0.0030777495376783995,0.0190764276047037,-0.019203605387073892,0.011201135023634233,0.0068132822183333275
A,securities,016360,2021Q3,장후,0.3016086020923573,1,0.00912381263917784,0.01238101316084722,-0.0032572005216693813,0.00011644803389678437,0.0040336404727114,0.003796115422392901,0.00023752505031849908,0.013025663029199417,-0.0989892895885614,0.23244978159797008,-0.3314390711865315,0.13619520184424314,-0.005064349775947902,-0.011408344041123902,0.020571475749098997,0.0029654173558116993,0.0,-0.0018443606641016033,0.0233003309388182,0.0182554644361302,0.0006517123230620984,0.004693154926065601,0.00015936089642287982,-0.07088625920802305
A,securities,005940,2021Q4,장후,1.0841947217244567,2,-0.001869047058917099,-0.013400621780418991,0.011531574721501892,-0.012806778311984016,0.001869047058917099,0.008653096900382271,-0.006784049841465172,0.0009379661118922157,0.09886957186898293,0.21935384665056645,-0.12048427478158352,0.26171134885659036,0.01803817176702255,0.014407607531659,0.00912234148435675,0.0020985238980574996,0.0,0.020264903657721052,0.0187939088277548,0.015034952685477998,0.020806683345942698,0.01262624886387562,-0.0137690595595307,0.16665124944673926
A,securities,006800,2021Q4,장후,0.0291048419922026,1,0.06196166553513746,0.02916759181515148,0.03279407371998598,-0.0140448095358057,0.0326263860411007,-0.018219914257112522,0.05084630029821322,0.022238198030920038,0.39650467769091263,0.5701773386594091,-0.17367266096849648,0.16712693781786925,0.0337893422664859,0.0109433039971823,0.0164422166673735,0.012693622882416405,0.0,0.0475677708826776,-0.017320061269103293,-0.0018381960973401987,-0.001833091073356198,-0.018984455614748437,0.004306752927553283,-0.2612001031287804
A,securities,016360,2021Q4,장후,0.1636709279309423,1,0.04680995958372124,0.05834916572831472,-0.01153920614459348,0.0015058053144780328,0.01830214268820036,0.02252077152262548,-0.004218628834425118,0.0050037472561133,0.10465403180083754,0.6631297123050736,-0.558475680504236,-0.3851307669376016,-0.007222874895257199,0.006217187026894895,-0.006242999106238,-0.0018208473541108036,0.0,-0.0133531130103357,-0.0018857837246367996,-0.0090796500881377,0.0182541391547488,-0.00852806219621126,0.0051426432400866195,-0.23645884003885553
A,securities,005940,2022Q1,장후,-1.277066889202345,2,-0.010080098591331339,-0.00775403167510632,-0.0023260669162250194,0.0049108821398563,0.00644370991083006,0.0028931167157631595,0.003550593195066901,-0.0008014918423619169,0.06778126576546484,0.30797480268031574,-0.2401935369148509,-0.3564176410835269,-0.005583521110229299,-0.0015668306407759982,-0.0055435314964142,0.0013591754480995998,0.0,-0.004593008476088997,-0.0218928360295338,0.01294352709230305,-0.0021919312966830473,-0.00806427723625144,-0.0039827585225905805,-0.05427379356312906
A,securities,005940,2022Q2,장후,-1.203358812856282,2,-0.0029757593994766997,-0.0027405756849965598,-0.0002351837144801399,-0.002781706050714065,-0.0106142343381855,-0.007534588173574641,-0.00307964616461086,0.01602108581442148,-0.4756748455694012,-0.37282337340496685,-0.10285147216443435,0.3155301710795101,0.003911362011492399,-0.012819793139690252,-0.01079645808119255,-0.0187000049076884,0.0,-0.007916162537895899,0.01000265023626835,-0.0068639345338131,-0.0023998649369402977,0.026327998193804648,-0.029681198272221328,-0.21955132408141081
A,securities,071050,2022Q2,장후,-0.7026899072686907,2,0.00031294863004412013,0.0025502866563531,-0.00223733802630898,0.0032663288092877833,-0.00669976909764676,-0.0081275490780694,0.0014277799804226395,0.000415609047017651,0.23660340621565332,-0.3866046817726335,0.6232080879882869,-0.4160633144943681,-3.5759477521400684e-05,-0.01082376760232145,-0.00953678367290315,-0.007064882883255101,0.0,-0.0077295767535092,-0.029933992250763847,0.005480353802246603,-0.00960310128427005,0.021995638114313258,0.005229627509946716,-0.08110757146952033
A,securities,016360,2022Q3,장후,-1.0102393472743632,2,0.052286563640292216,0.062427090025874044,-0.010140526385581827,0.002513087959507672,0.0232682200820637,0.02942768454313706,-0.00615946446107336,-0.007596974202272972,0.03954006281883449,0.00847734788467347,0.031062714934161018,0.10339062760556439,-0.006731584514477994,-0.008286414087239949,0.004851567527319703,-0.0017514447972501491,0.0,-0.012524101559911502,-0.0083654620910094,-0.005283188017178099,-0.0042942943123839995,0.0074747525449382814,0.0009961840453633604,-0.1672422999379798
A,securities,005940,2022Q3,장후,-1.4352372494994696,2,-0.0018104858628586397,0.0015144296771796998,-0.0033249155400383395,-0.007786439001954484,-0.011759852360016802,-0.01517550047459796,0.0034156481145811574,-0.004482783866959153,0.048635023685651646,-0.34895649603720286,0.3975915197228545,0.42538723732335093,0.019178903254167642,0.012845506880070703,0.024522475519713552,0.0221250457653923,0.0,0.0124094707438305,0.014739348588691699,0.0135670060953572,0.016496496343712804,-0.011779487565217461,-0.007629535358371858,-0.21973494296606902
A,securities,006800,2022Q4,장후,-1.0245115441232795,2,0.011852612803252402,0.00611778458738142,0.0057348282158709825,0.004063657697539593,0.0077620000897202016,0.0009460807897060199,0.006815919300014182,-0.0011967129880321573,0.37968547141833503,0.2149205385411271,0.16476493287720792,0.13912456905300205,0.01408945975887825,-0.0148177549110997,-0.01668535572612205,-0.003481785190483151,0.0,0.0015557410021056518,-0.0165624763747169,-0.0017475772638223981,0.0131609278091869,0.0031240075810758453,-0.003157165093937136,0.274638402576762
A,securities,016360,2022Q4,장후,-0.8339852744520093,2,-0.03618452949893036,-0.01249192032241854,-0.023692609176511822,0.011768090602964592,0.02713841058438112,-0.00447128363437114,0.03160969421875226,0.0012604058412353913,0.6056546475217349,-0.0819433389952316,0.6875979865169666,-0.13362090521082592,-0.008017354628291652,-0.0087401996623127,-0.032013892127549605,-0.00897811640617345,0.0,-0.035242521741377306,-0.03728667241888395,0.003365207921169698,-0.020124293043616,-0.0015255159613421602,0.007297506293468623,-0.19882849314776327
A,securities,005940,2022Q4,장후,-0.8043510860208224,2,-0.005164018035599919,0.01314877739090892,-0.01831279542650884,-0.005354368752442108,-0.006790607712397519,0.0024012795359219406,-0.00919188724831946,0.0042814861309654435,0.03156430893422915,0.46152290327712836,-0.4299585943428992,0.02079414430098947,-0.0024045484359103506,0.0086503213478357,-0.017762183961864703,-0.018386344871510453,0.0,-0.024293346610798797,0.008630861605425302,0.019846594487500348,-0.020344817351582497,0.020616813933650207,0.0023773556875130095,-0.10614670586423358
A,securities,005940,2023Q1,장후,0.5341201176131178,2,0.05395912227413248,0.030239885177386343,0.023719237096746136,0.001793498763598276,0.03348649975352952,0.00738404225071056,0.02610245750281896,-0.001793498763598276,0.6345038262583849,0.4163427096481202,0.21816111661026466,0.07576597592792805,-0.0137326471821959,0.0007393057728232975,0.0006367185706670983,-0.004650751031940452,0.0,0.020317762322616943,-0.017073398691427252,0.0006247075856870982,-0.0019098831702679519,-0.01036129200918266,-0.01036129200918266,-0.29655783907151234
A,securities,071050,2023Q1,장후,-0.0174401020571488,2,0.0498676112743808,0.01959492517160169,0.03027268610277911,-0.011079536007210233,0.027763949710232078,0.006648052308924528,0.02111589740130755,0.006939771498932167,0.5692657758650792,0.3306092594315329,0.2386565164335463,0.3202579054967028,0.016007653503782703,0.025862980313936752,0.022534573448736803,0.020777732829883704,0.0,0.0473092741220471,0.026527696872527453,0.010029527391657802,0.043719795767858054,0.007369330132015529,0.00021427220784072873,0.07057690698057562
A,securities,005940,2023Q2,장중,0.5070037348482517,2,0.01424293419436124,0.02146090382102333,-0.00721796962666209,-0.005041158174679276,0.008390471594465999,0.007879480636204313,0.0005109909582616864,0.003436194968241609,0.028619613365864355,-0.15401827179733651,0.18263788516320087,0.2224057285237664,-0.0004264161142453482,-0.0029416004628490984,0.008996202767998552,-0.006330192222089149,0.0,-0.013105121166906299,-0.0016116204988918977,0.000762150741153704,-0.013825546500031698,-0.0016947912493651407,-0.0010660580700334824,-0.20805806177532465
A,securities,071050,2023Q2,장후,0.4008817379909172,1,0.03456021159842668,-0.004646900867537379,0.039207112465964054,-0.003157756637452651,0.02980768044372544,-0.01090235960268374,0.040710040046409185,-0.005422280124023116,0.8132315144843766,-0.38880296919151436,1.202034483675891,0.044414653201288956,-0.0019687700811081,0.0175585496206664,0.006335126073414698,0.008301090467076699,0.0,0.045252311681974,0.003486904484308301,0.0068154264362405,0.0134362352505181,-0.008346204380701381,0.008346204380701381,-0.09111578781268008
A,securities,005940,2023Q3,장후,0.7009554331118546,2,-0.0003419658292298008,0.006655119303159471,-0.0069970851323892715,0.008622845837900796,-0.006509587075956681,-0.00643664653321935,-7.294054273733128e-05,-0.0025113212475817177,-0.10868912033965863,-0.33803312468769275,0.22934400434803412,-0.37009904551997963,-0.0208885842764869,-0.008441790254841496,-0.013017915663685799,-0.010986501787541202,0.0,-0.01766404352890035,-0.021037194193189154,-0.007795022321688251,-0.03119285986909495,0.0008979514205675991,-0.003994963283638799,0.30481934257328686
A,securities,016360,2023Q3,장후,0.2799929063021669,2,0.007500378500265001,0.016883054067711838,-0.009382675567446836,0.01350582899396485,-0.0003657152550985577,0.0162913376597627,-0.016657052914861255,-0.001083618284847267,-0.13727577586883513,0.020576036106457002,-0.15785181197529213,0.032161035924456516,-0.013345907221300852,0.00019262113498280014,-0.017383661294468552,0.006653693067405299,0.0,-0.014159326430123097,-0.03037269679988864,-0.008318475491766852,0.006233313104030698,-0.01632881628782179,0.009616046425572993,-0.35924357862887324
A,securities,005940,2023Q4,장후,0.2715077212835494,2,0.017832094075424403,-0.01904106050763843,0.03687315458306283,-0.020627305377753157,0.017832094075424403,-0.02266631536773257,0.04049840944315697,-0.014585213944262924,0.9661034666826864,0.25530856749878605,0.7107948991839004,-0.48465861668988247,0.04705448059600744,0.007224615241784497,0.0308643949945351,0.01550771646604505,0.0,0.05700339604273725,0.00021362496581554466,0.04844974784644129,0.02097672739645605,0.0022712972949776086,9.450952161781101e-05,-0.3177811556326388
A,securities,016360,2023Q4,장후,-0.179279789018544,2,0.014380753861336618,-0.01904106050763843,0.033421814368975046,-0.019490305336206624,0.012682237508756378,-0.02266631536773257,0.03534855287648895,-0.016279074490350126,0.36472409459903155,0.25530856749878605,0.10941552710024549,-0.6787965763911874,0.033556227099956544,0.004619827937813296,0.022067766130013503,0.0011819367727756488,0.0,0.04570696595708685,0.0021629717283966447,0.0406312760641495,0.014352091279952149,0.014551106516390487,0.01421617308862509,0.023365667452716288
A,securities,006800,2023Q4,장중,-3.258924154073239,2,-0.012952074804366599,-0.01997579599118885,0.007023721186822252,0.031703946980343414,-0.009814424698421056,-0.017292888854052182,0.007478464155631127,0.020699463449274865,-0.474854687533927,-0.49843069940185103,0.023576011867924018,-0.26547426056393697,-0.028809965192812613,-0.0089071738063388,-0.05426860826158189,0.0020840624535312935,0.0,-0.0070574330874500005,-0.0148557984617863,-0.011334431876604403,-0.04290098764756324,0.03233765809751854,0.0020174641968369175,0.03215412142602897
A,securities,005940,2024Q1,마감직전,0.3362900499816408,2,0.012101383831585478,-0.00046947808360103425,0.012570861915186513,0.008296794410988982,0.0057012472930084365,-0.009015603797048258,0.014716851090056694,-0.009192220178864716,0.4844074446787257,-0.3001462477842993,0.784553692463025,0.4317738247893758,0.0246485832886441,-0.006641276713143952,-0.019562397881738698,0.015556861284485602,0.0,0.011571964427567149,0.019170467394104697,0.0028082425794427003,0.007034852409284449,0.007445741726617133,-0.0012170891945743716,-0.4518078088872517
A,securities,039490,2024Q1,장중,-0.315167029266605,2,-0.01815982683662059,-0.013569807104912606,-0.004590019731707983,0.002165018553210775,0.006822415276289989,-0.0005390738302733663,0.007361489106563356,-0.013420475603734156,0.22446270611765035,-0.02162036838439313,0.24608307450204348,-0.40268117210309623,-0.00536022572608975,-0.02575411938060925,-0.008516905372089403,-0.02209079654610405,0.0,-0.0019959764201730006,-0.03187288185319995,-0.003572246729184648,-0.021456001847410748,0.028053363383812698,0.006755107558176105,-0.08477625531811173
A,securities,003540,2024Q1,장후,0.0669304302762306,2,0.01745268365223642,0.01015387078644011,0.007298812865796311,-0.008366142370048277,0.00976013888108122,0.0009557059858037705,0.00880443289527745,-0.005856775654246375,0.11933103352415553,0.16248881629855824,-0.043157782774402714,-0.38622740682615064,0.0111034249120818,0.0203088033145429,0.009169897205847353,0.01032246554821815,0.0,0.017479731061934352,0.01665583056714845,0.00020363362105779714,0.00969117163080385,-0.03273923255770722,-0.01965346419915974,-0.384727203011351
A,securities,071050,2024Q1,장후,0.1800618606880112,2,0.04830965645043504,0.01015387078644011,0.03815578566399493,0.005148024748506924,0.03319069876714808,0.0009557059858037705,0.032234992781344306,-0.004719963389244107,1.051256281578913,0.16248881629855824,0.8887674652803548,0.0920975030270837,0.0015865487382766994,0.018621404299028397,-0.020414610313913752,0.01015827797927475,0.0,0.040146109804528145,0.006123510469838552,-0.005625415482494001,0.00014032067722164962,0.028755603581821332,0.02930399695505058,0.8822044581864388
A,securities,005940,2024Q2,장후,0.1240717464258521,2,0.02859481296376628,0.03307033074388273,-0.004475517780116449,0.0037612401876265817,0.013965502964264999,0.010970856055640629,0.0029946469086243703,-0.004049977748028048,0.21891308829297101,-0.005739632656803904,0.22465272094977493,-0.13415257805818037,0.0021166827246732016,0.0014500669520902511,0.0014532766063863473,0.010869164564019703,0.0,-0.0012976796106825492,0.019090919410555955,0.003740857235271653,-0.010434921484556204,0.0011523980277468402,-0.002597440562089098,0.09278601463997038
A,securities,039490,2024Q2,장전,0.684153668408054,2,0.004035142618963069,0.0036145392631985397,0.0004206033557645297,0.03081805313376739,-0.005703368427200688,-0.011332916404594589,0.0056295479773939006,0.0047619584166575055,0.15496889420451296,-0.11345731623181159,0.26842621043632453,-0.048283188089080054,-0.0130726328366605,-0.036764872040586004,-0.0370668975981186,0.0036998379506247014,0.0,-0.0414389063805306,0.0089982872821635,-0.06988921761063585,0.03443908760177304,-0.01947869829993769,-0.0049990359495477804,-0.41534449742893
A,securities,071050,2024Q2,장후,0.2666630526128565,1,0.06835320922216959,0.03938881175114088,0.028964397471028705,-0.016114951404883428,0.007261811374991101,-0.01292959705442484,0.02019140842941594,0.022354070069330823,0.49960775535294816,0.2996297084716645,0.19997804688128368,-0.047832163181904974,0.022846730406172397,0.021177942840782893,0.048148440590845,0.02921883974876669,0.0,0.05324278818834209,-0.015893396567937687,0.049147784404143,0.0409581424376366,0.004119975210152902,-0.006582119561050622,-0.23757981012953805
A,securities,003540,2024Q2,장후,-0.4453510335879918,1,0.008343359740341777,0.004878109025805301,0.0034652507145364764,-0.04084204240229695,-0.01873355430164562,-0.03689008163184726,0.01815652733020164,-0.018392204849119353,-0.6199631908076263,-0.8169956733767563,0.19703248256912997,-0.08770385394488284,0.014427959318249299,0.029190014335485508,0.000744522966524299,-0.0521090870577545,0.0,0.001915932627037398,-0.012611050257341001,0.011116616107015599,0.0014227503644902986,-0.00537196717925436,-0.008214877685593841,-0.3236351535746568
A,securities,006800,2024Q2,장중,0.6358338425097332,1,0.047350316776322884,0.0172139210910872,0.030136395685235684,0.011985445333518308,-0.013265872286377753,-0.03269338939547153,0.019427517109093774,-0.0058626856267182045,0.28656252933377824,-0.5123240467185965,0.7988865760523748,0.08858415003796632,0.018844522081122903,0.002626233335556505,-0.02541240502268141,0.021343124263035303,0.0,0.027970235757710002,0.0392631454755747,0.014766031727324599,-0.006033048624743596,0.00872762934318887,0.0033466371492527885,-0.1308158658588999
A,securities,016360,2024Q2,장후,1.184454674967904,1,0.038178899763415264,0.004878109025805301,0.03330079073760996,-0.018650313309350644,-0.011681955471921458,-0.03689008163184726,0.025208126159925803,-0.03213808760549092,-0.02081681200982144,-0.8169956733767563,0.7961788613669348,-0.13850488799838168,-0.028712847897152095,-0.0023239363295370907,0.0030192238630135024,-0.055979000194485096,0.0,0.016501478625977804,-0.015439880563862498,-0.013568063400466299,0.0022638465718021004,0.005505755592992018,0.0004822411838332572,0.053256835627801286
A,securities,005940,2024Q3,장후,0.5057288153704883,2,-0.0020925844045958397,0.00415867578460806,-0.006251260189203899,0.008172174622736127,-0.003458219198581561,-0.0053004472619756614,0.0018422280633941003,-0.006454920822796376,0.01307051411509122,-0.3223021425431506,0.3353726566582418,-0.2616840618244323,-0.0176795160113431,-0.0070128788669635,-0.0312822734368579,-0.020972096297970748,0.0,-0.02164061311183095,0.026066409109586346,-0.040010805099372444,-0.01070937467872905,0.00553478222098697,0.0005854285529695909,0.07833948839642418
A,securities,039490,2024Q3,장전,0.0594210136208012,2,0.0027871127289254196,-0.01065166073183302,0.01343877346075844,0.0060806583962511075,-0.00040220849363609926,0.004228520375341661,-0.00463072886897776,-0.0018450263457643907,0.43024060857094354,0.3483141368416175,0.08192647172932604,-2.914078243043683e-06,0.0064157793923262495,0.0064380174409812505,-0.016313704896488,0.009854711417048549,0.0,0.0140094928222156,0.0154259754408485,-0.0158784095011589,0.024315443624012598,-0.003378773399171393,0.009040890777260313,-0.3458881841886134
A,securities,071050,2024Q3,장후,0.4373657841001173,1,-0.0268579813284716,-0.017566240330872042,-0.009291740997599558,0.002554497621706984,0.015585865445500922,0.0052694026117805605,0.010316462833720362,-0.00775048356459815,0.23156010110454622,-0.05980708478416086,0.2913671858887071,-0.0769697136059806,-0.008123085727451199,0.016062445125824002,-0.0016772956514080964,0.009283704408057102,0.0,-0.006182587366595202,-0.005650439114377898,0.017568198183989005,0.0078226230316467,-0.0119982274619502,-0.012727186018832241,-0.40694515328473213
A,securities,003540,2024Q3,장후,-0.3900944900276112,1,-0.0198279970002925,0.00888845712526384,-0.02871645412555634,-0.0065180309607114,0.0177377405706519,0.00432132853673332,0.013416412033918579,-0.0134700726378272,0.6672137847597671,-0.03288371483227548,0.7000974995920426,-0.7933760962781854,-0.0030873450003971008,-0.0137392372830334,-0.0032742018513777,-0.026436584677961603,0.0,-0.0380239278881103,0.0060195460675983,-0.0078730707626101,-0.0218201698467021,0.018626276332001562,0.02210151365509952,1.300978449366043
A,securities,006800,2024Q3,장전,1.738929707685971,1,-0.018278054740393263,-0.005675605585541791,-0.012602449154851472,0.00971618860869905,0.0026461531701915814,0.005742215885784509,-0.003096062715592928,-0.02436480984456588,0.0004503121290179435,-0.06802873593777792,0.06847904806679586,-0.36594602933150533,-0.012929924571650899,-0.025732135395923398,0.0244053190382498,0.009927883264515103,0.0,-0.012100023672738602,-0.0148364177028881,-0.0097287635306866,-0.002207474262149796,0.00208625882523158,-0.00023124020216494078,-0.031646836406825515
A,securities,016360,2024Q3,장후,0.957939278377771,1,0.0014991353625198802,0.00888845712526384,-0.00738932176274396,-0.01575992728742885,-0.005374580924316719,0.00432132853673332,-0.00969590946105004,-0.013624541540365817,0.03626229448519136,-0.03288371483227548,0.06914600931746684,-0.3346770525791358,0.0037033147951887006,-0.004410440005941001,0.0251636291285013,-0.015215518629691699,0.0,-0.005541124705132499,0.015712828741983997,-0.013141214802427501,-0.0159319627227763,0.0046081681980566815,0.005542323417833441,0.4638601695256796
A,securities,005940,2024Q4,마감직전,0.3697871169977691,2,-0.00834225881161661,-0.0029491594403582796,-0.0053930993712583315,-0.014765821536304092,-0.00722328935930269,-0.0023173080140116405,-0.0049059813452910495,-0.006984308213686374,-0.1980748997314823,0.04242332774400212,-0.2404982274754844,-0.24306719388116138,-0.010195960500780603,0.01510605093326585,0.01913968093417125,-0.013498462161503851,0.0,0.0066163004590906495,-0.01318197551954625,-0.015221114766089401,0.0096197688731854,0.006086620518552271,-0.00667524891099886,-0.6652355417554907
A,securities,016360,2024Q4,장후,1.9707754179727537,2,0.015834735352257157,0.02176864037378966,-0.005933905021532505,-0.007445324238525418,0.014041010373325198,0.018502619577166618,-0.0044616092038414195,-0.006732628959867116,0.36260561502913974,0.40137538985019067,-0.03876977482105093,-0.12735994173932422,0.0176467375003354,0.00015696742188079987,0.016150067344626352,0.0077451997008442,0.0,0.0024058893720048484,0.034173874650056245,0.0067150833961119516,0.008119981064897499,0.004079091764359239,-0.005482260167294762,-0.255686638328185
A,securities,039490,2024Q4,장전,2.3165926321517394,1,-0.04516306704233583,-0.0043844192860002,-0.040778647756335634,0.011062226815299116,0.03713228692900363,-0.01354512500067404,0.050677411929677674,-0.0005944390558833852,1.0103488763341342,-0.34858652531774154,1.3589354016518758,0.3640252868272599,0.010170688170774201,-0.002926758334623799,-0.0137258046686987,0.017803203742232702,0.0,-0.060792944804059904,-0.0162358191447376,0.001897756742282701,0.0420920409116707,-0.00313944153190692,-0.011500238533232284,0.496333144949417
A,securities,003540,2024Q4,장후,0.8373695553339848,1,-0.006850872170954441,0.009453649640120779,-0.01630452181107522,0.0021607701440223004,-0.00424126958491544,0.00029294392544693994,-0.00453421351036238,0.015820248731555703,-0.11758633065504148,0.46383258224881774,-0.5814189129038592,0.36100789037300807,-0.0119928133653283,0.0206338728793813,-0.0086283513787092,0.004330012378273801,0.0,-0.0154359777083517,0.022624510164785498,-0.0123317047790347,-0.0027704441042893007,0.00982347832959208,0.016379094794694283,-0.3741119894254634
A,securities,138040,2024Q4,장후,-0.112656258743612,1,0.00253817160446408,0.009453649640120779,-0.006915478035656699,-0.019879870968770086,-0.019578738936780162,0.00029294392544693994,-0.019871682862227104,0.009306965360921422,-0.39287241879775436,0.46383258224881774,-0.8567050010465721,0.5008941414677558,0.051372569716175195,0.031074547535702202,0.030664649103478103,0.0356481022993635,0.0,0.0228364956952871,0.0602426647100439,0.037072163996725596,0.0388989224357113,-0.014689148151673957,0.003982065576525485,-0.11829506958058533
A,securities,006800,2024Q4,장전,2.3629353854976003,1,-0.02005696087651654,-0.01197340855760947,-0.008083552318907068,0.0029109034845727173,0.0003369745152541799,0.007926679990840688,-0.007589705475586508,-0.0002637737596993435,0.01079352619038279,0.39146060737438726,-0.3806670811840045,-0.14925423625828227,-0.00012799297571500223,-0.0046279199925028,0.0016278103818371976,0.0037364052448917,0.0,-0.0292045173101076,0.013280733735697898,-0.0013779394209834008,0.010521589422871997,-0.0004981642053880379,-0.0013487923357404586,-0.40898750620983504
A,securities,005940,2025Q1,장후,-0.6555205998735426,2,-0.013528094356528762,-0.006204186152864348,-0.007323908203664414,0.00041615264840694395,-0.013528094356528762,-0.0066090324748748295,-0.006919061881653933,-0.0005959631566192572,0.1268386305746979,0.3060552407082149,-0.17921661013351697,-0.5046612905804868,0.002460416991064052,-0.0250329256899677,-0.0038407172736496485,-0.01677651201822165,0.0,-0.0159618558018194,-0.006847606026622149,-0.012583705665771303,-0.03723504714671215,0.00873520225205417,-0.004772092809012231,0.005342749890605569
A,securities,039490,2025Q1,장전,-0.0542061506323022,2,0.009511160891760741,0.006806621396008268,0.0027045394957524727,0.008534384076683698,0.009511160891760741,0.007199860417194088,0.002311300474566653,0.008883607087498165,0.7242340153117185,0.4382083494354186,0.2860256658762999,-0.15260945425743289,-0.014930373677840347,-0.009522814957755147,-0.009984759394751751,-0.0058898638668641,0.0,-0.00808434269240885,-0.00263770307497075,0.017795570046398,0.013249796542686001,-0.005741963873087782,0.009594676523500158,0.32629233678287517
A,securities,006800,2025Q1,장중,0.4835283089912572,2,-0.03249330425908134,-0.009606845363815342,-0.022886458895266,-0.016184345363196535,-0.00835348099992644,-0.00748203595988689,-0.00087144504003955,-0.017994848246672534,-0.2824934915999431,-0.27855062247949364,-0.003942869120449444,-0.0350834193163516,-0.0088792349374733,0.019903947492063704,0.04766365468729995,0.006756887434867151,0.0,0.013607433721509701,-0.0332022496413387,0.0217617369046482,0.00343871864898755,0.006865655590006337,0.0065250044101646185,0.8551727482921496
A,securities,039490,2025Q2,장전,0.4268555771832909,2,0.00639323841249856,0.01204080360068013,-0.0056475651881815695,-0.0016576727367349515,-0.01386152886314886,-0.014959582028173782,0.0010980531650249224,0.01768032757570779,-0.026654944063534636,-0.14161337249058262,0.11495842842704798,0.2121474704273526,0.004428186363979198,-0.01638578138005815,-0.01602443674828275,-0.021970033316377702,0.0,-0.009264013855457252,-0.02201194255320165,-0.022011501157238378,-0.017104940701393002,0.028185855402364384,-0.004266515254068983,0.13756204274538786
A,securities,005940,2025Q2,장후,1.8527493520114209,2,-0.07537871471028619,-0.05762885100419334,-0.01774986370609285,-0.0015031541459471507,0.06747641684185271,0.04962773316619824,0.017848683675654467,0.009501220924607102,0.7916544378998044,0.5003907411952302,0.2912636967045742,-0.08612803771054534,-0.01416727043784675,-0.006617288853125597,-0.017688363985888148,-0.028654923809801298,0.0,-0.031175433123425203,-0.0108024729212532,-0.0084237639728179,-0.03159149545674895,-0.0013399658023970258,0.0028755459527637084,-0.23184307053309094
A,securities,071050,2025Q2,장후,3.5467022897702605,1,-0.015521536537269339,-0.0016176088837684985,-0.01390392765350084,0.014969338075479434,-0.00827082742558398,-0.008993092849602743,0.0007222654240187643,-0.002364008307650902,0.6256732636329169,-0.02066788695711458,0.6463411505900314,-0.2575081809720121,-0.0059972616569209,-0.0391071768304148,0.0026570860272058985,0.0016404411775389986,0.0,-0.022065309910019003,-0.024832406742831405,0.0008601061731550036,0.0130024025172729,-0.0046067859582148395,0.01085347431293572,-0.4022324889316472
A,securities,006800,2025Q2,장중,1.0297481690281378,1,0.00879428066154801,-0.002955963576907849,0.01175024423845586,0.014620931288134187,-0.01671695432987047,-0.007654738156463392,-0.009062216173407078,0.0018925325326364512,-0.07023871493921502,-0.044538095938174205,-0.025700619001040814,-0.4464654690876344,-0.008018109101172403,-0.0415426883387742,-0.014837671791024602,-0.013690450244379102,0.0,-0.0004270449322999019,-0.007308034380928502,-0.0308890590370563,0.004214494070312798,0.01255296094476013,0.021640489552474135,-0.325521926057797
A,securities,005940,2025Q3,장후,4.064345881549437,2,0.014833316188288101,0.0032062547888761592,0.011627061399411942,0.004527143521836566,7.149341410793951e-05,0.002811891445509039,-0.0027403980314010994,0.012807963576985168,0.19500817991867903,0.07950833434036453,0.1154998455783145,0.436146098042799,-0.019377671652145753,-0.018924770099335502,-0.017009937829969,-0.0278206326772937,0.0,-0.004999541052336848,0.020145396049049902,0.005452630872355348,0.016992096273352103,0.0009544335100988982,0.013076824634283717,-0.5096740388826513
A,securities,039490,2025Q3,장전,0.599060739511938,2,-0.020922514493327764,-0.0066748037331219034,-0.01424771076020586,-0.008745793128765098,-0.02286537838249174,-0.013884022636736427,-0.008981355745755312,-0.007055958695645938,0.16454225977876186,0.09999348975247752,0.06454877002628434,0.21987733359590217,0.00800606348455795,-0.00041377070765334645,0.04496707315467935,0.01754799103019245,0.0,0.01504824063236115,-0.015500719368062299,0.00023560827732174716,0.012203863892870509,-0.007158211576734375,-0.004872682586512165,-0.18242503340705987
A,securities,003540,2025Q3,장후,1.1676361961813393,1,-0.024530304035009443,-0.02778015864496756,0.0032498546099581187,0.0023587701917726998,-0.00041745710417444293,0.0005732063986513616,-0.0009906635028258046,-0.009207096953689504,-0.266170616795419,-0.1857982885206358,-0.08037232827478319,-0.6047212753012161,0.010619234098871898,0.0382114219342284,-0.08893846904842191,-0.022021001626669,0.0,-0.00917590831844,0.0107174944802076,-0.0114706966236379,0.038523179013658704,0.024317164734789877,0.016201432636793713,0.3000458442455397
A,securities,006800,2025Q3,장중,0.2516771776891207,2,-0.02580421137165413,0.007317136742326995,-0.033121348113981125,-0.07274296133805763,-0.001270496852129828,0.013272250635623005,-0.014542747487752833,0.009612615929445949,0.8683662909483296,-0.0049618515883899095,0.8733281425367195,-0.17021709577870664,0.0313470496926519,0.055027949045001454,0.075979587106488,-0.037249532113354356,0.0,-0.0458587552574379,0.029658080521790454,0.018476428492339006,0.006833810481793056,0.0023638915589083292,-0.007853055387166775,-0.03675821867598275
A,securities,016360,2025Q4,장후,1.0209539966220953,2,-0.04015524187512648,0.014252343263281668,-0.05440758513840815,-0.02508171891526379,0.018683182089677078,-0.0017514100083826098,0.020434592098059687,-0.014551635542887069,0.1604307006033668,0.18333073266705016,-0.02290003206368335,-0.22011257151694924,0.03394246770843,0.014957714651087653,0.03317079307700244,0.004550545793819149,0.0,-0.037083280892340295,-0.0087000597017112,0.051437827032516245,-0.022470472132022502,0.011940760584530322,0.005664881283683018,-0.07938948150616804
A,securities,005940,2025Q4,장후,4.082876512415229,2,0.011455906921283714,-0.03951351273050212,0.050969419651785836,-0.01516438924929164,0.008108607053077276,-0.02282648446862974,0.030935091521707016,-0.01097554367732884,0.4343064161794956,0.18622579402003614,0.24808062215945947,0.25208543288174434,0.02817118786774495,0.08967768856145328,0.07295619127047995,0.09687459996786883,0.0,0.10850535318529525,0.07744840925982735,-0.002510814071674951,0.08208016033868669,-0.0015460231783943502,0.00563525713310613,-0.04602403799862531
A,securities,039490,2025Q4,장전,0.5420312632661544,2,-0.05882999506591301,-0.013895592816511195,-0.04493440224940181,-0.020986996673146935,-0.026962416782903266,-0.020201847233254702,-0.006760569549648564,0.015232484572226052,-0.13779097645853577,-0.14048872919520072,0.002697752736664949,-0.2140001915424687,-0.020445020101158604,-0.004283229782984647,-0.0029138065292838022,-0.06040203095524524,0.0,-0.051976575252638144,-0.07310986419363441,-0.0726219808821087,0.023029757654839538,0.011258567505199503,0.028662122552974637,0.2837492924651876
A,securities,005940,2026Q1,장후,4.28105373037982,2,0.005708184576846799,-0.0027496002306019304,0.008457784807448729,-0.01849447719862412,-0.0072793998910785996,-0.00840372715121907,0.0011243272601404704,-0.0011184982545933819,0.16411174720445026,-0.1357679475444618,0.2998796947489121,-0.15587393210478107,0.03676848591679405,0.0228808872781751,0.046339625358768795,0.0336703779719104,0.0,0.0363896601125784,0.027684556423938654,0.0360749303930995,0.0483805041033109,-0.026685148907250874,-0.01682803236348617,-0.05818228569152312
A,securities,039490,2026Q1,장전,2.048934080046206,2,0.008272176020582863,0.07639972792388283,-0.06812755190329997,-0.013476294245635637,0.04343824027188464,0.08374156728074995,-0.04030332700886531,0.013815358246244067,0.9008833714586271,0.8415187240787134,0.05936464737991365,0.24669333780968472,0.0133833043610165,0.028144749214220503,0.020517726507363554,0.014411264897129107,0.0,-0.017591008734384246,-0.08808127708032384,0.0637494697353311,0.023532958283753153,-0.009270990099821168,0.015102388840029957,0.2908238994822556
A,securities,003540,2026Q1,장후,3.0139958534104876,2,-0.00869650036478116,-0.012673944114925461,0.0039774437501443015,-0.023694400054804582,-0.03376378651534964,-0.03207423258285932,-0.0016895539324903244,0.01564495323266763,-0.41728341517300366,-0.10652341727253861,-0.31075999790046505,-0.13512558247698353,0.003981874900270898,-0.0072403856690854,0.002249547267246535,-0.0480614424439878,0.0,-0.0058366374389668485,-0.01801742449297441,-0.03274001310643005,-0.03657474820141885,-0.01089604710215884,-0.000999003785089781,0.0007152483221140593
A,securities,005940,2026Q2,장후,2.4403166578128355,2,-0.024976810859628197,-0.03464256115224773,0.009665750292619534,-0.016232998915120866,0.00872970405558856,0.01926891927776251,-0.01053921522217395,0.013919532140863998,0.10393874175355333,0.6329996779816383,-0.5290609362280849,-0.03949751457172829,0.024009170646245956,0.00283530103008095,0.005661877081658752,-0.010795098658251297,0.0,0.01400800031256641,0.006044523275649603,0.03412695928552355,-0.0011151276238807878,-0.001332398015929541,-0.011978861356202936,0.001991233847580716
A,securities,039490,2026Q2,장전,3.196716913820877,2,0.1010250765064096,0.09159023999181651,0.009434836514593092,-0.004338121866036035,0.01747789516512377,0.021334480259890206,-0.003856585094766437,0.001480096157909054,0.10252149310616279,0.25780950706918215,-0.15528801396301936,-0.16296379928187155,0.008153800828191365,-0.006802415207827751,0.00415953839637135,-0.005002294387582089,0.0,0.0026526535129532958,0.01642047136789404,-0.027293111100113402,0.0170696457647245,-0.006745636418063132,-0.007077679215023995,-0.1479014127028857
A,securities,016360,2026Q2,장후,3.3758925847113788,2,-0.02188812188060998,0.011257924296321727,-0.033146046176931704,-0.012270271862537478,-0.0354433428119879,-0.021540023076762088,-0.013903319735225815,0.001289733672040022,0.4130707243496655,-0.8895408794696993,1.302611603819365,0.10083614035590927,0.00046017785644010545,0.0289785236886519,-0.003171474022777551,-0.007029058710198655,0.0,-0.02929841241450855,-0.013114688913511856,-0.02692383279617515,-0.0160973323933522,-0.018787295516832683,-0.008811937154590055,-0.15981678337677058
A,securities,071050,2026Q2,장중,3.2778561412258966,2,-0.08064270263963506,-0.013479035476089758,-0.0671636671635453,0.010146497796804644,0.0046542263532055456,-0.013172468199894923,0.01782669455310047,-0.002873513055375223,0.3511189213850695,-0.16455275877359998,0.5156716801586695,-0.06909774182040396,-0.04217090241910779,0.0474394403255394,-0.026905810947651355,0.005868146899462802,0.0,-0.05244801774328679,-0.08818696704050659,-0.007091091125039048,0.019110081385575104,-0.01962504858943735,-0.017845279679466794,-0.0896193888164834
A,bank,316140,2021Q1,마감직전,0.6850731338852311,2,0.0038208682208848697,0.0037303842326375405,9.048398824732917e-05,-0.0004162082642216597,0.022341728655252708,0.00047835087985586937,0.02186337777539684,0.0025806570338451082,0.8403471416693777,0.29445355800495143,0.5458935836644263,-0.18893246147877343,0.0037198515406860998,-0.01208029141289825,-0.00541579266649975,-0.010016571554251251,0.0,-0.0299048450012327,0.020568691340542095,-0.0150885190404963,-0.0030017959026258003,0.01388760590355612,0.020783786927813075,0.5630643728831461
A,bank,105560,2021Q1,장후,3.3571139685382505,2,0.01670305157039064,0.01096399147103314,0.0057390600993575,0.0022633796779785425,-0.00140015339532692,0.0033267971066791397,-0.00472695050200606,0.00693725687720061,0.6007290359297336,0.3064233697446236,0.29430566618511,-0.25639739510672027,-0.02126481434874789,-0.03000758462370265,-0.009775621744666799,-0.03617192112212115,0.0,-0.013704928268490199,-0.010797988960851199,-0.04218253970358085,-0.0340500166140156,0.008857430040380969,-0.008716581490923051,-0.1348496546664343
A,bank,055550,2021Q1,장중,2.792796925018082,2,0.01525698923354757,0.00849371444454009,0.0067632747890074806,-0.011552182774193242,0.00017236039120317043,0.000856520080186089,-0.0006841596889829186,0.009706605291688425,0.695312505770486,0.3961917326811065,0.29912077308937945,-0.05467336395484762,-0.003086855293827396,-0.01649767906414905,0.0024914358345044987,-0.034499764564034446,0.0,-0.0132450256675813,0.006134430010593702,-0.01415992689176895,-0.011441441575289698,-0.005845267482233836,-0.0014103451402653756,0.20636047411680403
A,bank,086790,2021Q1,장후,1.4568434262886054,2,-0.006731662086341641,-0.00030681817687841983,-0.006424843909463221,0.010299473266572132,-0.01437559054874316,-0.00030681817687841983,-0.014068772371864739,-0.0024404075040970674,0.41883530527828794,0.4647018780854557,-0.04586657280716777,0.07466526134816853,-0.01626346289667685,0.014824390487285002,-0.033445855296183644,-0.0026576719372393993,0.0,-0.0139333638380262,-0.014123041660201247,-0.015379573601148198,0.0074439498266717,0.0014852226106815396,-0.010446360799715955,0.10739704962655938
A,bank,316140,2021Q2,장후,2.604243654353731,2,0.03670797441667834,0.02578423136936612,0.010923743047312223,0.004945775538519407,0.03316812830588526,0.01654016884985414,0.01662795945603112,-0.002075441439356258,1.1894561434529236,0.5846865447597699,0.6047695986931537,-0.06970229222805097,0.00013455018877639967,-0.00267949314022695,0.00160579479800565,0.00926545230807555,0.0,0.012589003878238351,-0.0421977601393805,-0.009254602571736801,0.0009437697559029484,-0.0016969974969612406,0.0009603883872448008,0.10032029824099098
A,bank,086790,2021Q2,마감직전,2.12446907878749,2,0.02624033591896401,0.01648734823079897,0.00975298768816504,0.0021049924337575663,0.009930563533586689,0.00820915715630789,0.0017214063772787985,-0.0029236932482083304,0.4915567886095443,0.345530416372484,0.14602637223706033,0.17988774386694834,0.0018703829006653499,-0.01623976486049355,-0.0215709048235631,-0.019750206321412403,0.0,0.004956117956063648,-0.00772633982165505,-0.00919586261002775,-0.005070108015554499,-0.002752551104589031,0.005779977084002011,0.47473852559525875
A,bank,105560,2021Q2,장후,1.0113250853403206,2,0.00769234562315538,0.0012947500437023498,0.0063975955794530305,0.0027909027284563417,-0.0070522916985077,-0.004341426957485531,-0.0027108647410221693,-0.008522700301297825,0.06278434913582309,0.2604401262690555,-0.1976557771332324,-0.2562869060122594,0.008282663582726899,-0.01440445430575285,0.003139775333238448,0.003593795197054349,0.0,0.006519951540906399,0.0010371649482961015,0.003844989921839549,-0.00845342912041415,-0.012022865236435195,0.015491548844711094,0.4252698427505127
A,bank,105560,2021Q3,장후,0.6003196917944059,2,-0.006523819738607618,5.4241796946647575e-05,-0.0065780615355542655,0.026305142324209756,-0.01011773430173366,-0.0019216362590647514,-0.008196098042668909,0.0043865608963759425,0.2622186365956825,-0.4559732876555739,0.7181919242512564,-0.11244187968145253,-0.0424742336501235,-0.0566502021033796,-0.055051042614924446,-0.050173367597198856,0.0,-0.047447830728679544,-0.022733335945991497,-0.03798436625522765,-0.046000494982098995,0.02546233016623095,0.02479938309646099,0.48221274039347384
A,bank,086790,2021Q3,장후,1.4969851367897296,2,0.0159789001759833,0.0002274643844468495,0.015751435791536452,0.015342782615366791,0.015529209291071301,-0.007023147439210271,0.022552356730281574,-0.0035332317519626744,0.2594729797101795,-0.41572266467450786,0.6751956443846874,0.11475344473628638,-0.00400578214338765,0.00048004722584779874,0.009386606018679801,0.034592812631493546,0.0,0.02384217253806315,0.010742688524208802,-0.01333909218142795,0.010767702516332654,-0.003998299078498482,0.010233651696977819,-0.034105572831196446
A,bank,055550,2022Q1,장중,1.2091031433029,2,0.00547016611806244,0.001223991303090345,0.004246174814972095,0.012055075263826074,0.0019121044293291013,-0.0021828328877525442,0.0040949373170816455,0.006143835887935241,0.9990989671378181,0.3594665120376396,0.6396324551001785,0.7299246113281881,-0.013522923660470702,-0.0061900031986316505,-0.012035952585798652,0.002944230897718149,0.0,0.00477473974625655,-0.007804249535185501,-0.0035001010319185497,0.004086126361729201,0.007837393212596513,0.0034217408080438718,-0.11726210519631472
A,bank,086790,2022Q1,장후,0.5530207426973597,2,-0.0347661767862436,-0.005649088620858181,-0.02911708816538542,0.0027492229768440925,0.01758176367864228,-0.0036000179734024793,0.021181781652044762,0.006608277584928893,0.641521222153898,0.27204560328601557,0.3694756188678824,-0.39458328841672974,-0.0068100242117940975,-0.005399290419972199,-0.0013379765138240001,-0.003533081476705351,0.0,-0.03253316268984455,0.0005587466704506973,-0.005317729965961148,0.01032379718654225,0.009472934663956566,-3.788526726879009e-05,-0.2439612060618451
A,bank,105560,2022Q1,장후,0.9180068638246306,2,-0.03942080813283888,-0.005649088620858181,-0.0337717195119807,0.010610984992845041,0.02293042680405892,-0.0036000179734024793,0.0265304447774614,0.017319046785850375,0.5004002160828666,0.27204560328601557,0.228354612796851,-0.09369036220412108,-0.010900179661566,-0.0345364545850986,-0.011196754309500198,-0.016533622385086447,0.0,-0.04840512170023095,-0.0069423961432209,-0.03127873155765215,-0.009658974189150647,0.01940202680447399,0.010196731144452308,-0.28314891733569386
A,bank,316140,2022Q1,장중,0.6952882601890296,2,-0.0226293976664596,0.001223991303090345,-0.023853388969549943,0.0066524555264646755,-0.002856928087983197,-0.0021828328877525442,-0.0006740952002306528,0.00191542796840591,0.4971322878166921,0.3594665120376396,0.13766577577905253,0.551213005087405,-0.0181925433215237,-0.0018788082655119501,0.008316179964716647,0.00546812997138335,0.0,-0.01708943205984245,-0.03313216253963169,-0.0041929799243112485,-0.012360793972804998,0.00395999658032496,0.0012165557268596994,-0.038735823293804594
A,bank,105560,2022Q2,장후,0.5794178512173104,2,-0.03272106811944896,-0.0089737536464019,-0.02374731447304706,0.002464511169874858,-0.007009514380480999,-0.019719079347989235,0.012709564967508236,0.003113430295701521,0.11172585135546456,-0.3352746392004393,0.44700049055590385,0.33526494513442573,0.0030676908320783486,0.018909769091328202,0.01904050771137365,0.032274334096269855,0.0,-0.009088854126837052,0.01801888598909055,0.01086782569036155,0.004632461703972801,0.02227628500243413,0.014808360677764948,0.4360805734012102
A,bank,024110,2022Q2,마감직전,-0.3835525214901542,2,-0.0078185851582553,-0.0121452273656156,0.004326642207360299,-0.011375952049136209,-0.009179868348761418,-0.015797417941158087,0.0066175495923966685,-0.00250435708721501,-0.4879049807300113,-0.2831230805690228,-0.20478190016098852,0.035549681726328664,0.013150674295377252,0.002222859498108,0.016810675063824748,-0.0012957648600657509,0.0,0.0019938163081754494,0.01901484570544285,0.0021256223432271504,0.0045296599514186,0.017949551962450815,-0.002681733629909925,0.08017397326774395
A,bank,055550,2022Q2,장중,0.3898705106922044,2,-0.00850892278065291,-0.0121452273656156,0.0036363045849626893,-0.0034659277478870567,-0.010613969877624151,-0.015797417941158087,0.005183448063533935,0.0037404286934172738,0.08373475651276543,-0.2831230805690228,0.3668578370817882,0.26906630888861977,0.009032490269725548,0.003764586070110102,0.009036063888011349,0.00762357132279055,0.0,-0.0013259327146890529,0.020381226504869447,0.0017234762711328486,-0.0034840606835411002,0.023210387794097256,0.010798161511384189,0.35469828111797186
A,bank,086790,2022Q2,마감직전,-0.7486371611293396,2,-0.030026325087912812,-0.0121452273656156,-0.017881097722297214,0.0005370409971086915,-0.007103924241058289,-0.015797417941158087,0.008693493700099798,0.0021235846274762892,0.017989817861637114,-0.2831230805690228,0.3011128984306599,0.5104471529341289,-0.014060325735699451,0.004210345699768001,-0.001335436754223148,-0.006382862532552349,0.0,-0.042944321561863646,0.00015481438818645138,-0.01422899343601005,-0.008346421776013597,0.010819159807439568,-0.0008118781218223355,0.6327174047191395
A,bank,316140,2022Q2,장중,0.4031847731189017,2,-0.025678981885028047,-0.0121452273656156,-0.013533754519412447,0.0011014849257481255,-0.017457722451064785,-0.015797417941158087,-0.001660304509906698,0.00033459695800146065,-0.41820715012381093,-0.2831230805690228,-0.13508406955478813,0.4910117337992093,-0.012371600582002748,0.0121324050648823,-0.006122237004458249,-0.002037985162889548,0.0,-0.020404066897221147,-0.010023209215391047,-0.0078019952381200505,-0.017194733505482895,0.016218861363549743,-0.007016744652978097,-0.1644469444161326
A,bank,175330,2022Q3,장중,2.318109769056546,2,-0.00491909063594002,-0.0005863005703777395,-0.004332790065562281,0.0022065633634541157,-0.0032947503407426207,-0.00778169407996601,0.004486943739223389,0.007514464763913149,0.1187814179009754,0.11268174876499895,0.006099669135976454,-0.6279651929294905,-0.0012191980285374965,-0.0029447728652699026,0.01347402765376135,0.010619831233544194,0.0,0.003707962013069499,-0.004401586946794801,0.004148215324144951,-0.002476575801373497,-0.009139170782810974,-0.009086538153435126,-0.09448179827369556
A,bank,055550,2022Q3,장중,3.139659761049484,1,-0.00356089375443108,-0.02626882710182672,0.02270793334739564,-0.007013751417513684,-0.00013619270107696063,0.007441822758632598,-0.007578015459709559,0.02291927004925748,0.06498428018866259,-0.21258024907795736,0.27756452926661995,0.6717731296622901,-0.0023840664358534963,0.014612818876109603,0.0365758990697422,0.0185089315049715,0.0,0.047800482830389304,0.0245408170703899,0.0190729905578201,0.060886079886657105,-0.020208242879820853,0.014808714616488892,-0.32074191791995776
A,bank,086790,2022Q3,장중,1.3429377477979332,1,0.02081198079764799,-0.02626882710182672,0.047080807899474705,-0.016903648913433066,0.003215353085034428,0.007441822758632598,-0.00422646967359817,0.027714805671771797,0.2482534179457941,-0.21258024907795736,0.4608336670237515,0.5348948070418638,0.0189203756640648,0.017085177205798302,0.0493304439555331,0.023083366723398,0.0,0.0594981600364227,0.0780312011820444,0.0548084391645637,0.0570988524236549,-0.020423048980732994,0.00908270293843141,0.006839484919837546
A,bank,105560,2022Q3,장후,-0.1690771965952576,1,-0.0030097536504299187,-0.014632770817179902,0.011623017166749983,0.010165143945011218,-0.006890325006897799,0.01000844185674938,-0.016898766863647177,0.0030444596577207834,-0.2505957577055963,0.02805910075043805,-0.2786548584560343,0.23764876223346132,-0.0373840104026434,-0.0349155151877961,-0.042230390363270504,-0.056022989412450895,0.0,-0.0224875639064822,-0.019165383110173802,0.0044295734534589015,-0.10806434005278462,-0.02753659236417678,0.012732209042760102,-0.16718354863329313
A,bank,316140,2022Q3,장중,0.6185860721180869,1,-6.617067572600027e-05,-0.02626882710182672,0.02620265642610072,-0.023938876146366635,-0.005703647149033838,0.007441822758632598,-0.013145469907666437,0.03843867806216443,-0.25348978442780706,-0.21258024907795736,-0.0409095353498497,0.6746218119342746,0.0030958479104406036,0.026881470395702295,0.0579830600120327,0.0107624999193838,0.0,0.054391176886689,0.0375032872605362,0.033317867129325,0.0678086066118071,-0.01676285653352158,0.021009889830338777,0.02713756416312771
A,bank,024110,2022Q3,장후,1.4354448761629022,1,0.05089717076023982,0.03603635494281996,0.01486081581741986,0.019089922850220015,0.033176171680223375,0.0012318041469676425,0.03194436753325573,-0.009188851867509515,0.4707896758703264,-0.21792007633139718,0.6887097522017236,-0.19872570755013338,0.022239093803452896,-0.0087706815671513,-0.0344517163491655,0.0241909762918641,0.0,0.015502350253219901,0.0198162315864535,-0.09056269755664191,-0.021508493613778094,0.043614537016994484,-0.041987073957250244,-0.07493191924175696
A,bank,138930,2022Q4,장후,-0.0100375246206253,2,0.0176986539595798,0.01811406130628087,-0.0004154073467010702,0.018126583443932254,-0.006070714228740201,-0.024102326131968988,0.018031611903228786,0.0006142810802572795,-0.35892875766155824,-0.5673823593486699,0.20845360168711163,0.3283550364645803,-0.0065865188874684,0.0376110718056131,-0.016328821230969903,0.04605032134598105,0.0,0.011733803259930103,-0.014498450254534598,0.008609364120589505,-0.007011281366851904,0.007601608057928869,0.007379915251717953,-0.3461938590827255
A,bank,316140,2023Q1,장후,0.440817058183492,1,0.01947503432016468,-0.014366217675753419,0.0338412519959181,-0.004121012043832332,0.0164020358513582,0.014366217675753419,0.0020358181756047825,-0.006737922132763866,0.6169718197117234,0.1366205627362881,0.48035125697543535,-0.0780915072521774,0.0015152627320718995,0.0133477144131307,-0.006634299110937001,-0.0027562387314876017,0.0,0.0349357398564737,-0.013732178245742702,-0.012682229362491602,0.0033556325946903012,0.028564058455805945,-0.01079485431905454,-0.23014482357660704
A,bank,024110,2023Q2,마감직전,1.222055386048733,1,0.004413474531577279,-0.005250315048971301,0.00966378958054858,0.009715555238438632,-0.003034675914511081,0.003417059431954401,-0.006451735346465482,-0.012302827389992135,0.7574606492710514,0.7379550325224591,0.019505616748592303,-0.34992177783452316,-0.0230355328249843,-0.022907460886168497,-0.027808021073402998,-0.0297362327128266,0.0,0.005852900434254101,-0.027920220272109903,-0.0746071397392144,-0.013080492474905801,-0.03299169802181899,-0.01681105085767776,-0.4060456283447426
A,bank,105560,2023Q2,마감직전,1.953604122584212,1,0.024207937521696518,-0.005250315048971301,0.02945825257066782,0.0038101564213236174,0.011767997953822919,0.003417059431954401,0.008350938521868518,-0.004984539625453385,0.5715616907218604,0.7379550325224591,-0.16639334180059873,-0.1937591472747524,-0.0116295724599329,-0.010964260877297998,-0.011877568218164398,-0.015360621527616303,0.0,0.0158304964207331,0.0231531994873979,-0.03769036381949681,-0.010864848335458602,-0.030060020690685488,-0.01494596679228785,0.13838293228448906
A,bank,138930,2023Q2,장후,-0.3624309893215531,1,0.03262832115571612,0.0755724737381186,-0.04294415258240247,0.005792345562254619,0.025996669634551564,0.048244991931217444,-0.02224832229666588,-0.008364693031480719,0.7512504206097166,0.5876918682891727,0.16355855232054384,-0.31599107518897007,0.011564043091304401,-0.0047043907471967005,0.022663657049355003,0.0312668973868177,0.0,-0.030786111226346398,0.0044200249388540985,-0.016299934685212902,-0.1131475272980289,-0.008231214015483303,-0.016139123287902582,-0.43542518549489556
A,bank,175330,2023Q2,장중,0.5433929250531562,1,0.02366705573554879,0.045669468661451454,-0.022002412925902663,0.018179708748658315,0.013755044136154072,0.016776427126096047,-0.003021382989941975,-0.01947851860960305,0.7951834324289597,0.7474436950271695,0.04773973740179027,-0.24467477495389023,-0.007850985521672703,-0.005141697541843203,-0.025071626528921608,0.010983211102358299,0.0,-0.005496597406541001,-0.04934066784129601,-0.0169412378082203,-0.0449222432585062,-0.02041226715706541,-0.00928034273287185,-0.14707696419806257
A,bank,055550,2023Q2,장중,-0.2765797214483954,1,0.02286165729987073,0.035589599951987,-0.012727942652116273,0.009030046981240636,0.019252531265358672,0.02394871431278464,-0.004696183047425969,-0.0019570516960373697,0.5636027438949812,0.2388010492794434,0.3248016946155378,-0.25449770737616395,0.0009291584990122007,-0.0138046871290278,0.007858391971812102,0.014715336190345603,0.0,-0.0216679228706642,9.13173792885004e-05,-0.0314608477559073,-0.11446960647591631,0.0014961105664111699,-0.006658414749467469,-0.21143552896151066
A,bank,086790,2023Q2,장중,0.674991894442208,1,0.0004656735937224885,0.035589599951987,-0.035123926358264515,0.01874893234629565,0.030855869798829275,0.02394871431278464,0.006907155486044633,0.0019521868971378812,0.5761934168736518,0.2388010492794434,0.3373923675942084,-0.4613077419248374,-0.012622146664460597,-0.0243864711342975,-0.000827714762545298,0.012273642985055701,0.0,-0.0393395837026809,-0.0411333448443472,-0.0571516834556468,-0.1359466547513612,0.00111184140023967,0.003112818108080631,-0.024247164333029037
A,bank,105560,2023Q3,장후,0.0374570597251848,2,-0.01896185594514464,0.005447683221943571,-0.024409539167088212,-0.004924227648278226,0.006958550751733877,0.001910884940267689,0.005047665811466188,0.0037360117174255235,0.18720572576660466,-0.23275926147532947,0.4199649872419341,-0.19835284305638506,0.0053629106713976495,-0.01435330113354365,0.0008285834037558993,-0.015289660002149846,0.0,-0.0290998325791962,-0.00769526741829735,-0.0017806083443065515,-0.02624038681555335,-0.024102263137243472,0.0036790464516379563,0.3408192877846334
A,bank,175330,2023Q3,장중,0.0168796853808332,2,0.011495017324280179,0.006963588640500849,0.00453142868377933,-0.004731003689681702,-0.0238844108190678,-0.0016314617035701191,-0.022252949115497682,-0.026306071936026465,-0.422718363940515,-0.5977788995366153,0.17506053559610035,-0.6360035324653623,0.03557055961885765,0.01916671316243775,-0.049926484256757546,-0.006254815029671498,0.0,0.02175138333438465,-0.013266136568879448,0.0056215607811358,0.018318257578211802,-0.0019213864513639,-0.01815703300526973,-0.30216499770224053
A,bank,316140,2023Q3,장후,-0.002237363147461,1,-0.0067143490348300005,-0.0056565244805977175,-0.001057824554232283,0.009194244616799782,0.0037934435606693604,0.0056565244805977175,-0.001863080919928357,-0.0018919809313981831,0.4915525618134932,0.7091750450651642,-0.21762248325167094,-0.1972997098224098,0.0165955768530904,-0.012786015091737697,-0.0340314940475518,-0.0017594656238665018,0.0,-0.007454104136245402,-0.030239594485358498,-0.015150551104060401,-0.0523672724119777,0.04502372720385134,-0.032933107803929496,-0.26164929409315646
A,bank,024110,2023Q3,장후,-0.2873689823982721,1,-0.026715819494716415,0.012637254497575117,-0.03935307399229153,0.018320403307821018,0.024662778204108095,-0.012637254497575117,0.03730003270168321,-0.021742138792168218,1.0145100053730718,0.07618550861727047,0.9383244967558013,-0.21843253625115366,-0.012671633479099395,-0.0389474695656986,-0.005380105772562999,-0.0013586659292652986,0.0,-0.05102464894161679,-0.015594238394889798,-0.059149033652914795,-0.1197985157357911,0.00414151855624488,0.0107125147800878,0.13748318265931408
A,bank,055550,2023Q3,장중,-2.2263235870646527,1,-0.00866842045827312,0.004817693594149283,-0.013486114052422404,0.014853432708567416,0.004688288117005642,-0.004817693594149283,0.009505981711154925,-0.004903101855398715,0.5147533347718589,0.45960345151769655,0.05514988325416237,0.02310517803358153,0.012875017719702302,-0.022689579260145296,-0.041386017974215095,-0.004426854259303899,0.0,-0.0018258201280901007,-0.0473973814863395,-0.0032659053689201994,-0.06387002991812629,0.03087505610956745,-0.019222171319524844,-0.38383887034786196
A,bank,086790,2023Q3,장중,-1.2164543618279091,1,-0.01728364107034496,0.004817693594149283,-0.022101334664494245,0.011487728351003767,0.014453440583865159,-0.004817693594149283,0.019271134178014442,-0.004412227134804266,0.6049560024813694,0.45960345151769655,0.14535255096367283,0.13222241501640902,0.014103582649127602,-0.015173243992346996,-0.030454944614166996,0.0019590527304166015,0.0,-0.0055956146854434004,-0.050433275934333,-0.0243015577480001,-0.0516254113060306,0.03084385839974066,-0.02190709328362388,0.0952636190175278
A,bank,139130,2023Q3,장후,-0.1576825172901491,1,-0.00992260020948838,0.00892162755712994,-0.018844227766618322,-0.00498927535457179,0.00406168949474086,-0.00892162755712994,0.0129833170518708,-0.0047789091700074105,-0.06024991629868914,-0.07659528729246046,0.016345370993771313,-0.3591390517273556,-0.0022420064371325,0.036566034229071495,0.0289306752436555,0.0321912513145861,0.0,0.00024496310341779945,-0.027142977456843898,-0.0925646447304177,-0.021918259412405702,-0.0023072444127809795,-0.002288839281576858,-0.16492125144766945
A,bank,138930,2023Q3,마감직전,-0.629955167825345,1,0.00766077517952649,0.03336684071037434,-0.02570606553084785,-0.0074632263215423395,-0.00634988360590963,-0.0008612703054435393,-0.005488613300466091,-0.0001559042275397285,-0.1780085564932133,-0.10496509596689063,-0.07304346052632266,-0.28014315223524167,-0.018355422319114502,0.030077179861693698,0.0358504268978876,0.016788336983893197,0.0,0.006462557851177599,-0.0321304803431293,-0.0991725396312403,-0.032324976628540704,-0.00018037401106177006,0.008929869663560951,0.8895351410639414
A,bank,086790,2023Q4,장중,-1.4392050282119893,2,0.04279685171297537,0.030044837319343713,0.012752014393631658,-0.0015269773631388672,0.04193385245696725,0.029050634774939334,0.012883217682027916,-0.0018549855841295156,0.7962041947495935,1.006714458608171,-0.21051026385857763,-0.17566608387239546,0.0012633218908639499,0.0014829687172310995,0.0206317565515697,0.012531410046832097,0.0,-0.0018701527731525974,0.04173796444301465,0.057889442328352,-0.028431774417273653,-0.00233401328816727,-0.006822596554273669,0.19016432299761798
A,bank,175330,2024Q1,마감직전,0.5219033742289344,2,0.04278923549643187,0.025841752149638034,0.016947483346793836,-0.00910487337707994,0.034132490282143914,0.011598653811847614,0.0225338364702963,0.0031848292748744922,0.3643515253118659,0.2226692647529342,0.14168226055893168,0.3322351595633434,-0.014551235127250898,0.01465270267069835,0.0050286565084861,-0.014789664052870848,0.0,0.0063769194075336474,0.0236542312856791,-0.006711426089179048,-0.0090967172684219,-0.0022283582964991704,0.005123003616913171,0.006786636966559123
A,bank,105560,2024Q1,마감직전,-2.8278456022850205,2,0.03145149943886927,-0.0049068281758514395,0.03635832761472071,-0.026850507089053198,0.02209523792138679,-0.0071160318391595805,0.02921126976054637,-0.007171282586566012,-0.008363610351233675,-0.32004826116583923,0.31168465081460556,0.4715989883960317,0.01960867701231,0.028763635224812897,0.07130578302885045,0.02608438266587585,0.0,0.0316843856126771,0.099337260789504,0.01572550150408595,0.0171799359165484,-0.007354711819677666,-0.007493932146309806,0.2951468902276918
A,bank,055550,2024Q1,장중,-0.2463851815551619,2,0.029600013061587216,0.008199976867755135,0.02140003619383208,-0.009055151235778235,0.019032645992038497,-0.0015780810626843068,0.020610727054722805,-0.0005888392625501126,0.37437899446516576,-0.02548671441088192,0.39986570887604767,0.06239188037231064,-0.000628180147485999,0.012944858267820554,-0.023511493287735052,-0.0255735125831568,0.0,0.04859818381646179,-0.02050544252902055,-0.004461312436100101,-0.014780025887309999,-0.0007015149960338442,-0.004918476918989969,-0.2352217125363712
A,bank,086790,2024Q1,장중,-0.4139605356933427,2,0.015396051333273788,0.008199976867755135,0.007196074465518653,-0.022306058371170952,0.004385796307052929,-0.0015780810626843068,0.005963877369737236,-0.01373172190369073,0.1853747703502952,-0.02548671441088192,0.2108614847611771,-0.131318288419996,-0.014976911061773398,0.04064426505060065,-0.001129880421025551,-0.028253801030474097,0.0,0.037720399218817396,-0.02481478127284905,-0.0142355685800756,-0.0229396926841456,-0.022788617116670067,0.0009838440084427545,-0.0893076032595081
A,bank,316140,2024Q1,장후,-0.4019100368050003,1,-0.02283278597797852,0.01065207164742928,-0.0334848576254078,0.008184276166988167,-0.005510717110930203,0.0025119766802191995,-0.008022693791149402,0.004725110984951831,-0.024983300565894595,0.33303054556093414,-0.35801384612682874,-0.21892982917571285,-0.008225648957806003,-0.0014138258084256013,-0.0268511510350126,-0.007958531533519799,0.0,-0.0423746890923606,-0.0102563714798336,-0.018771774738938804,-0.0223595750814098,0.015247209943814118,0.01499209697020804,0.2302267055302551
A,bank,024110,2024Q1,장후,0.4600221609438972,1,-0.004494571170411641,-0.0032129205007614,-0.0012816506696502407,-0.002077324518963898,-0.00860319129914368,-0.01135301546797148,0.0027498241688278004,0.004641800211832832,0.3885449898083351,0.3561723508503907,0.0323726389579444,0.22858629268112196,0.0234159765170236,-0.0052950607392644004,0.0209068356989821,0.0218638519465664,0.0,0.0108966700150113,-0.0024888525435553047,-0.0046620111468893,-0.0033155568433986017,0.03792213788094604,-0.032492243559183676,-0.6732802573476274
A,bank,105560,2024Q2,마감직전,0.9903492199033768,2,-0.012963391329647328,-0.008890743884568623,-0.004072647445078705,0.02290191334220895,0.022303946218156727,0.006677840992858196,0.01562610522529853,0.006487663121044515,0.5867109310781566,0.8233445219659454,-0.2366335908877888,0.1274404334151618,-0.04062831559373495,-0.03391881743456435,-0.02353074510569015,-0.019581425404908398,0.0,0.015883663509787,-0.07109267981550355,-0.05506725847449885,0.008548379736910552,-0.02559181328760425,-0.002429893687407367,0.3040785194018871
A,bank,175330,2024Q2,장중,2.1136598745337025,2,-0.027484804363876153,0.024476616514244307,-0.05196142087812046,-0.0052278370299081766,0.010360660000256393,0.019462161857021626,-0.009101501856765233,-0.02246926909015864,0.5681407983377967,0.5788079354530545,-0.010667137115257797,-1.3578204684048352,0.02063955777295315,-0.0074313952764849,0.02791037046475775,0.016956681247667648,0.0,-0.0606543111314836,-0.02003844494119985,-0.035579576623829004,-7.117517717949821e-05,-0.008174540446100985,-0.03108196685204518,-0.5385074362903565
A,bank,316140,2024Q2,장후,1.5008202947374094,1,0.11258958112199931,-0.00892299568059476,0.12151257680259407,-0.05508566073190381,0.10092054654269622,-0.012185018711430838,0.11310556525412706,-0.0003689426341843185,2.3116870372152394,-0.16132069286720352,2.473007730082443,-0.5352355996110235,0.0577634066172052,0.0755898683751556,0.0913977179231277,0.039662673813184696,0.0,0.1743953101483287,0.0364733912387293,0.0470269835538559,0.0518746234674907,-0.01753832035808538,-0.01268127558231418,-0.6108763807364397
A,bank,055550,2024Q2,장중,0.712948561978961,1,0.05313620325226539,0.01087174442614119,0.0422644588261242,-0.055102608083289414,0.042071205066900666,-0.0017800189545336895,0.043851224021434355,-0.018560074691921655,0.9268281611234425,-0.23096428195175012,1.1577924430751927,-0.7284150349662413,0.0389657558348872,0.0969858342745126,0.09381419882308589,0.042971976455078296,0.0,0.12497756268946769,0.0686464611178063,0.0635778678121728,0.048985121517569404,0.010699108335238787,-0.022087090471354147,-0.5082122068064321
A,bank,086790,2024Q2,장중,0.7091379476163505,1,0.01988481378739929,0.01087174442614119,0.0090130693612581,-0.072073003211427,0.01043787504242159,-0.0017800189545336895,0.01221789399695528,0.00016289664307513052,0.9951398120051008,-0.23096428195175012,1.226104093956851,-0.7648315785122693,0.0760765235227063,0.0876546212542431,0.0932087302395884,0.0271472435881712,0.0,0.1104811885338888,0.021179797630511,0.1052328138330284,0.0607730947986002,0.02260909344723897,-0.02427886143221817,-0.8761280988915651
A,bank,024110,2024Q2,마감직전,-0.423872515192229,1,-0.017725993909625412,0.001877948069967739,-0.01960394197959315,-0.02081770487636983,0.015941725854683668,0.007213777401639757,0.00872794845304391,0.005719754291151933,0.9411508299629237,-0.6776827101947254,1.618833540157649,0.5428145570319908,-0.024515227549970896,-0.005720363728343496,-0.0457030848908156,-0.092261193865493,0.0,-0.059062984702892396,-0.0474248472701431,-0.037244545954503994,-0.046334079552352,0.026585999739772333,-0.010322010798385052,0.03642698506463837
A,bank,139130,2024Q2,장후,-3.5200680597627714,1,-0.0339297341617992,-0.03718531607554888,0.0032555819137496805,0.01574376100259888,0.017123171633614438,0.003997405738070035,0.013125765895544404,0.02296103837408242,1.0498248572502238,-1.0255061991684518,2.0753310564186753,2.193448466167067,0.056711696718758996,0.003195258201822499,-0.0435381067454514,0.042400087455284494,0.0,0.015009369039832597,0.0197741726688748,0.021924554266810496,0.005124422104922095,0.0156589429592076,0.00023141892163100128,-0.08489247261661995
A,bank,138930,2024Q2,장중,1.5033971473957757,1,-0.013382083749971779,-0.0004887416901493413,-0.012893342059822437,0.03601519714499293,-0.018989652221703863,-0.0163245337755381,-0.0026651184461657616,0.002729336728365568,0.23699906180716002,-0.8578227750765371,1.094821836883697,2.111532287230517,-0.049378886643907396,-0.09470511006661819,0.017850298560720297,-0.012125404476551,0.0,-0.046986287879428996,-0.0341440372907584,-0.0445558442488581,-0.015495436096955403,-0.0053852548246886515,0.005562548392491332,0.5959896770997111
A,bank,175330,2024Q3,마감직전,1.3706036585214207,2,0.0008688551218815708,-0.00763138262133586,0.008500237743217431,0.012248124568577008,-0.006530651153145828,-0.0012195089380305094,-0.005311142215115318,-0.014934694209046744,-0.1527242526846203,-0.36864692627726525,0.21592267359264494,-0.3030872105446936,-0.0556270362064806,0.03286186345186165,-0.031243771691420747,-0.01150971382687245,0.0,-0.01558855453777935,0.006381566715049351,-0.019636190615947097,-0.005845184955189649,-0.006287125991007204,0.003288796992549253,0.04465026114633622
A,bank,105560,2024Q3,마감직전,0.981691003721796,2,0.03663914136389033,0.015626398639029548,0.02101274272486078,0.020973616050010177,0.03734859888508613,-0.00063782623153966,0.0379864251166258,-0.010632976459707476,0.6320911972356769,0.02947977181001854,0.6026114254256583,0.5216865471907555,-0.03037035787407645,-0.01386409991518345,-0.007479901485285352,0.007470992583656848,0.0,-0.025376937215520604,0.04970507598888681,-0.0662744319568602,-0.022003511413672704,-0.014847257187907909,-0.01604589773975359,-0.7178475528151096
A,bank,055550,2024Q3,장중,0.1724496387238447,2,0.001588041742940941,0.010194196968056062,-0.00860615522511512,0.005029290085202842,0.028150889971477074,0.00717468540586996,0.020976204565607115,0.005313147113512492,0.8112297324130966,0.3318785416832641,0.4793511907298325,0.3446920013723446,-0.012937022162549001,-0.005973685291786849,0.0187170404692418,0.00992946884700965,0.0,0.025419182015099302,-0.038737171720563304,0.012757439289199398,-0.033533205092985505,-0.00024113066143270113,-0.0031891722419920814,-0.22322223751308323
A,bank,316140,2024Q3,장후,0.0183397808839651,2,-0.06957993649349445,0.00802377863840088,-0.07760371513189533,1.3353342342051211e-05,0.0528503491001448,0.012533499013315281,0.04031685008682952,0.01273948694365053,1.1667528088959032,0.17709427744324913,0.989658531452654,0.663765269661759,-0.009290387931923046,0.0084186629893255,-0.014830016719735648,-0.010441121090204699,0.0,-0.0828322876824029,-0.011067692066322998,-0.027789595826541204,-0.023355278703092154,0.02409002332918197,0.020593665449631853,0.8405993262608742
A,bank,139130,2024Q3,장후,-0.3232540181461721,2,-0.01244405901769618,0.0020152203619383294,-0.01445927937963451,-0.010898733593600933,0.0046097705335543795,-0.00949531587024079,0.01410508640379517,-0.0083607603342663,0.01581128095993911,-0.3181308746631212,0.3339421556230603,0.2755065321906111,0.0200381815936553,-0.0003439593561793495,0.012145480417587801,-0.0005709987504926984,0.0,-0.008205538598720299,0.004802032065958601,0.02915456599278875,-0.0027546840404228472,-0.003141832962595851,0.0006832435517141705,0.4960660716272686
A,bank,086790,2024Q3,장중,1.1975110708050407,2,-0.023413417129171922,-0.0008374719785020207,-0.0225759451506699,0.0032490799677457483,0.007460382617844444,-0.00767603760763159,0.015136420225476035,0.01621210144049555,0.5210886882610017,-0.1578008373640737,0.6788895256250754,0.5472507051665882,0.0308315473078178,0.021811387866215053,0.0160899919981245,0.0523201113835964,0.0,0.014525471831075503,-0.011256146710113801,0.0004968882026243522,0.03008920087149476,0.0037059265394761083,-0.0010320816328126593,-0.01452555403507727
A,bank,138930,2024Q3,장중,0.2447950255298708,1,-0.02485678594171762,-0.01663912348357512,-0.0082176624581425,-0.02683158345561283,0.0046662823047567,0.00660438971168148,-0.00193810740692478,-0.0217123786733288,0.8614836232091528,0.18818148017259984,0.673302143036553,-0.03281428151471747,-0.020551522384680602,0.0024997482737436003,0.031934635864264,-0.044407925742340995,0.0,-0.042042516221419704,0.013397165709529101,0.013347799204162002,-0.0705561556206752,0.024470347927035,0.01124296318603174,0.7954605176287248
A,bank,086790,2024Q4,장중,0.415633402696882,2,0.016213770138530134,0.0003746021840708852,0.01583916795445925,-0.002895961171879926,0.008200146525284092,-0.007989628694631094,0.016189775219915187,0.0013465337528395585,0.3189339048897981,-0.1887225122046865,0.5076564170944846,-0.10027942898182725,0.002314694506027049,0.008399127904322502,0.003119486856267048,0.0034302838339845473,0.0,0.0340256658989366,0.004558107250222352,-0.0038528278484059493,0.0034053066366084017,-6.59137445983757e-05,-0.0024273015788327653,0.5451863680271778
A,bank,323410,2024Q4,장전,0.8817999002976411,1,0.045832988947919845,-0.003443029327342401,0.04927601827526225,0.021486147049064565,0.037177396303287605,-0.011641976894200538,0.04881937319748814,-0.01333525229347043,1.157056175299738,-0.07842381096334386,1.2354799862630819,0.9085019541203321,-0.0303614724874279,0.0010873458354116999,-0.008212144822057,0.017981446448747,0.0,0.06515555080949471,0.0255945557308993,-0.024617326386693,-0.0051643118686276,-0.002879678613753391,0.00939555234257905,0.440735949738961
A,bank,105560,2025Q1,마감직전,2.3762168483687325,1,-0.001071536472772262,-0.00017121222289461033,-0.0009003242498776516,-0.00609265104787225,0.00364545340536644,-0.00017121222289461033,0.0038166656282610503,-0.00609265104787225,0.33943964967883195,0.5869717040051595,-0.24753205432632758,-0.423778856563452,-0.001375041127559401,0.023115675276329798,0.006893086548004098,0.006903845035438498,0.0,-0.0095869706504938,0.022001348443623697,-0.0104987263319902,0.013552259177460599,0.01792218269608093,0.0040781758973342,0.16498885493567866
A,bank,175330,2025Q1,장후,-0.5851040230743453,1,-0.04971072150466992,-0.00014538467449191905,-0.049565336830178004,-0.021865814158197747,0.03561030225128084,-0.00014538467449191905,0.03575568692577276,-0.017368898204574146,1.2465333701477204,0.627692319036511,0.6188410511112094,-0.7339916015061979,0.0057374839690798995,0.020616183280445496,0.0045535778343063,-0.0231267982605077,0.0,-0.0480092474655132,-0.0101885752088807,0.0101081490718489,-0.0107490348337398,-0.0020879122242089205,0.002265589776546409,0.4173214555551372
A,bank,024110,2025Q1,마감직전,0.2529741889619622,1,-0.0029131732056105293,0.0009636615322527802,-0.0038768347378633095,-0.018136443627390933,-0.00077849242517815,0.0009636615322527802,-0.0017421539574309303,-0.016784178377378133,0.10175153224669575,0.6052462751016566,-0.5034947428549609,-0.37983818470293473,0.0070934834731525,0.0103922603200992,0.0066083150910323995,-0.0202101813319258,0.0,0.0033709470109855996,-0.0095710654657689,0.017858421449613398,0.0046146792278706,-0.009694834660001752,0.017075430094502617,0.22640482424138142
A,bank,055550,2025Q1,장중,0.8509574262386692,1,-0.0005579534550601509,0.0009636615322527802,-0.0015216149873129312,-0.017594116963811298,0.004227187954553789,0.0009636615322527802,0.0032635264223010085,-0.0179530457613524,0.2994157249135192,0.6052462751016566,-0.30583055018813743,-0.8897157757055889,0.015790660143689902,0.031789041869878,0.002479085119509,-0.0018157091722379986,0.0,0.023425028754527198,-0.007171027544817498,0.0287861631119365,0.022890457290412097,-0.00026614158678430963,-0.001906876721640062,0.4546878107662547
A,bank,086790,2025Q1,장중,0.5653842175758401,1,-0.0006942250551285195,0.0009636615322527802,-0.0016578865873812998,-0.015238535237990916,-0.0006942250551285195,0.0009636615322527802,-0.0016578865873812998,-0.015238535237990916,0.4168881181691019,0.6052462751016566,-0.18835815693255475,-0.11891932047441578,0.011137084819155998,0.012193171681200701,-0.003690218265010199,-0.017383711652417498,0.0,-0.0033124725543770992,0.0008992300127861012,0.0091548968810908,0.015372884307629103,0.0057145289680595995,-0.00953978901981127,0.3257908663207302
A,bank,138930,2025Q1,마감직전,-1.4795129908828786,1,-0.04309460653193796,0.0009636615322527802,-0.04405826806419074,-0.010009129330430983,0.020186843415581038,0.0009636615322527802,0.019223181883328257,-0.010009129330430983,0.8072680180828005,0.6052462751016566,0.20202174298114384,-0.7576987933889516,-0.0010680125461578977,0.0005726123066001013,-0.004806357620832699,-0.0235527639011223,0.0,-0.019913602471863197,-0.07974474236112339,0.0015058732793509022,0.0084859814227035,-0.0019252248730057993,0.009263269120991785,0.4929180543704389
A,bank,316140,2025Q1,장후,-0.7926773492003456,1,-0.03483631417614374,0.0016482524331646797,-0.03648456660930842,-0.002491663615094783,0.022628793990274662,0.0016482524331646797,0.02098054155710998,-0.002491663615094783,0.636978441410837,0.3949688880302705,0.2420095533805665,-0.5674758532025506,0.0135129962482168,0.0034064977156785005,-0.014719090340928899,-0.0035163914815453,0.0,-0.0367477641810242,0.027548427719207,0.017749529919516602,0.0106493249279963,-0.0004907145397520622,0.011807763176396384,0.25990619195979614
A,bank,024110,2025Q2,장중,0.806110267190951,2,-0.0003751269246567504,0.0004246133809109906,-0.000799740305567741,0.008500166086005142,0.0030081269734459713,9.357615049662054e-05,0.0029145508229493507,-0.010784669663793624,0.295029735967873,0.07853678049537623,0.2164929554724968,-0.04062054863674058,0.014373598767515448,-0.02761891484948005,-0.01318811349042285,-0.0006219542095813506,0.0,0.0077223898095883,-0.0201440239335113,-0.019901873441678954,0.012008345798983848,-0.006054291061936959,-0.011561065055553273,-0.4966074130658343
A,bank,105560,2025Q2,마감직전,0.0180816550498187,2,0.01198120562917389,0.0004246133809109906,0.011556592248262899,0.0021111285206542093,0.005679438959403569,9.357615049662054e-05,0.005585862808906949,-0.00664852148486296,0.5431029453875282,0.07853678049537623,0.464566164892152,0.20465298134023288,0.00182421793260535,-0.02922765955401365,0.0020403038344882496,-0.012686501483304951,0.0,0.0055794488534672984,0.0023138799349684998,-0.05961514378215854,-0.004382795284946851,-0.023070876609143802,-0.04372394282028605,-0.7821034278334641
A,bank,175330,2025Q2,마감직전,0.5759783305269716,2,-0.01043210904118863,0.0004246133809109906,-0.010856722422099622,0.0048805323254779275,0.0012536739531235075,9.357615049662054e-05,0.001160097802626887,0.0026919556293310233,0.007944277726247152,0.07853678049537623,-0.07059250276912907,-0.16108474738909398,0.02426877500583915,-0.015249309197717052,0.02106039328248145,0.02981430404469155,0.0,0.0179608288620584,-0.0157166084521396,-0.018558361896911246,0.030812531331804244,-0.0050541032583768936,-0.01148573315534477,-0.4421121977157807
A,bank,055550,2025Q2,장중,0.5950195779076171,2,-0.013661680724594859,-0.011779506490319126,-0.0018821742342757328,0.020489945998268234,0.03314238509945378,0.013447491587111154,0.019694893512342628,-0.00018666946518758462,1.0173724721108988,0.08095969046954003,0.9364127816413588,-0.07459847612716317,-0.038069730208309754,-0.01722279868342445,-0.02756680917449455,-0.0142596667142827,0.0,0.009099570345450001,-0.05171152072620606,0.00523127277559615,-0.02929038821795595,0.011307703182535114,-0.003800227032316904,-0.8649229855587293
A,bank,086790,2025Q2,장중,0.9018719809983168,2,-0.03627051618556187,-0.011779506490319126,-0.02449100969524274,0.005733762673665151,0.0499947429911852,0.013447491587111154,0.03654725140407404,-0.002639111939720301,0.7645649748361247,0.08095969046954003,0.6836052843665847,-0.1231112427422166,-0.012754843937534151,0.000956403949884649,-0.008283529577218049,-0.0019204543625813992,0.0,0.013668268255695901,-0.07145125721716095,0.016933678741889252,-0.01547534916748185,0.02411658441526562,-0.007383782154990524,-0.6769628987026681
A,bank,316140,2025Q2,장후,0.0116982841197541,1,-0.04141632898242974,-0.0007596679972976788,-0.040656660985132057,-0.005013177380966432,0.03030450333959926,-0.006823155110750158,0.03712765845034942,0.007947862211237534,0.48911022405960447,-0.3204508805971905,0.809561104656795,-0.08095442119084831,0.00015008260158919963,0.0164760734665119,0.0332759316514649,0.0232417037177778,0.0,-0.0260279026976633,0.015146377222412896,0.0064087499137439,0.011912749632577102,0.03585471290153836,0.010428283071676203,0.14423964389585858
A,bank,139130,2025Q2,장후,2.5741024395232364,1,0.0571754603865603,-0.0033338316530290187,0.060509292039589324,-0.04924906077697272,0.01628002401407082,-0.0008620110153792597,0.01714203502945008,0.04222899310274021,0.12963660436851115,-0.22048739458799815,0.3501239989565093,0.42164997468264936,0.0910734611032388,0.09310082725564331,0.0708237756355814,0.0715005877756969,0.0,0.1258090223936214,0.061992852864572,0.096548129805786,0.0863478450412156,0.01374411336236923,-0.02914006912678564,-0.14804956819331105
A,bank,138930,2025Q2,마감직전,1.0568266769040335,1,-0.014446937595521972,-0.02930955265724434,0.01486261506172237,0.025429727468485867,0.012917789368572631,0.0201970545842137,-0.007279265215641069,-0.021759624883267867,0.2021206688496237,-0.08703892304325489,0.2891595918928786,-0.246440686665899,0.0155309448938237,-0.021984895162224898,-0.0386563670635648,0.0207859100489944,0.0,0.0282241692877907,-0.008228702077534601,0.0213141608143613,0.025562592072121998,-0.01171851065666176,-0.006645267564133821,0.10722421481583366
A,bank,055550,2025Q3,장중,0.5995945978058835,1,-0.0009402284825283002,-0.0011274548373350402,0.00018722635480674006,0.0004359513580714826,-0.0012454112189123996,-0.01576848642835384,0.01452307520944144,0.013105645813553819,0.35338197526770665,-0.11259853600543135,0.465980511273138,0.5728247587321775,-0.030207533905119904,0.0009248943497244984,0.0303325393577812,0.0015718359177334992,0.0,-0.006422659169057602,0.007845806166718799,0.0199294360329478,-0.010649360782180001,-0.0010432797071618493,0.026357238911232633,-0.3385031528935013
A,bank,086790,2025Q3,장중,-0.1535856260506455,1,-0.01015915327307267,-0.0011274548373350402,-0.00903169843573763,-0.009428593817241633,0.008574791282655172,-0.01576848642835384,0.024343277711009012,0.009687225827203605,0.5025530689484642,-0.11259853600543135,0.6151516049538955,1.289417549254186,-0.007445778451733902,0.018764443605141,0.048128008136495995,0.0207739278921188,0.0,0.018600180664525998,-0.004575337063192502,0.0531400950778591,0.0018336897725052992,0.007043299151707481,0.0027067634765971793,-0.23497264182904978
A,bank,175330,2025Q3,장후,0.8115365486479575,1,0.01126501936490876,0.00255591150939124,0.00870910785551752,-0.016847331515598384,-0.0030541829854023213,-0.012085120081627564,0.009030937096225242,-0.0011936878311453493,0.11403609271644406,0.4060613856871015,-0.29202529297065744,0.5816716104116371,0.009181394869118599,0.0344422601889266,-0.0022559692223021992,-0.006116205807368099,0.0,0.0157594038611925,0.0792222683844235,-0.019550879976455,0.0308319826997978,-0.0011726692023681408,0.0073243684467410594,0.2266116433649401
A,bank,316140,2025Q3,장후,1.3645119076414851,1,0.00541619172053414,-0.02896734643215302,0.03438353815268716,-0.009790233249439066,-0.01164199833697874,0.016871392356265582,-0.028513390693244323,0.012122030208256633,0.35254035858433674,0.20119291797040048,0.15134744061393626,-0.10288027582363818,0.031129962494949398,0.009404168878003102,0.0118665180342815,0.015353299772611202,0.0,0.0479343279886562,-0.0014690799128000993,0.0346673841308555,0.0379673275697472,-0.00972588507402218,-0.00686902890593802,-0.130455809373192
A,bank,024110,2025Q3,장중,-0.5726170212322961,1,0.003963507514181989,-0.00623028155136942,0.01019378906555141,-0.012017788174265819,0.00240467408027595,0.009368572047330482,-0.006963897967054532,0.017396418103621615,0.24354630599948718,0.049653579938382465,0.19389272606110472,0.11477926991775847,0.0377644645115857,0.0070367539615752,-0.0018835972856710986,0.0045761711097949,0.0,0.0343726903829661,0.0050124046670506,0.013010256785346102,0.0141450114269882,-0.006093729569848881,-0.0005286721356081193,-0.1601936297935689
A,bank,105560,2025Q3,마감직전,0.1984084757524303,1,0.00223441621151907,-0.00623028155136942,0.008464697762888489,-0.022277665247187516,-0.00984654854339609,0.009368572047330482,-0.019215120590726574,0.007603791799366048,0.12971981207318334,0.049653579938382465,0.08006623213480088,0.17520898770159268,0.0335017681729165,-0.0075530663442364,0.022354299667519104,-0.0123533294969089,0.0,0.0340865296710468,-0.0027772653455536995,0.0305512841900997,0.0293740303679167,-0.01282253286010543,-0.00767263861000457,-0.15667706323212335
A,bank,139130,2025Q3,장중,0.2969302004252044,1,-0.01202426778103699,-0.00623028155136942,-0.005793986229667571,-0.011881071677520035,0.0023383021153921928,0.009368572047330482,-0.007030269931938289,0.007674503934846432,0.06582908764733145,0.049653579938382465,0.01617550770894898,-0.35066051365301565,0.06368569924106621,-0.012461180519588597,-0.007755868643354199,0.005216956697042201,0.0,0.0375220193833491,-0.029635749132618,0.030094029406486002,0.003790619839948501,-0.02652073813117546,0.00042578251795338286,-0.016887427578364894
A,bank,086790,2025Q4,장중,0.3980389099729943,2,-0.00752589731514579,-0.020202929037720422,0.012677031722574632,0.007146676854145134,0.01798245289985783,-0.006165238156597378,0.024147691056455207,0.0034953761789152642,0.566542183652483,0.2017450477318132,0.36479713592066976,0.024843708756972283,-0.004763435138721051,0.008986674744004799,-0.013427800880118648,0.008156979525066999,0.0,-0.021511872688172604,0.0464469034334147,0.012281566086962042,-0.005383403516953303,-0.0013045778186353742,-0.0028643173468070743,0.15172497071427252
A,bank,055550,2026Q1,장중,1.3368868573953254,2,0.0094688465315163,0.01302013747914777,-0.00355129094763147,0.0027592414614728833,0.0026262683541337798,0.00096031521679077,0.0016659531373430098,0.0011083253683045174,0.3628910617550334,0.10674062837698586,0.25615043337804755,-0.1630084274730325,-0.003514850007892501,0.0078650957056433,0.0124373938426485,0.0167102426165453,0.0,0.006651649544385997,-0.0003550785768711012,0.0161013533635926,0.0040637329270314,-0.014426720014065208,-0.012004792794754124,-0.07933261356583565
A,bank,105560,2026Q1,마감직전,0.5837937415837028,2,0.0010139438700498403,0.01302013747914777,-0.012006193609097928,-0.006161320687664552,-0.00744381450118292,0.00096031521679077,-0.00840412971797369,-0.0036890427841346487,0.29764191955530067,0.10674062837698586,0.1909012911783148,-0.30105772693193433,0.027853504582294502,0.0176560545098816,0.006549389663185901,0.0223833244615789,0.0,0.0041413602824160005,0.0016231617861644995,0.0258893001241746,0.0176983748103314,-0.02030960488538463,-0.004769573246376088,-0.11990093800911283
A,bank,175330,2026Q1,장후,0.2541394372038701,2,-0.03941830873598736,0.01008845525229942,-0.04950676398828678,-0.023526237222060133,0.03556595151160344,-0.0019713670100575805,0.03753731852166102,0.0061031743730385335,0.4157548330704618,-0.12332649828031103,0.5390813313507729,-0.051765909132626464,0.015707787376788598,0.0245070400076014,0.0139139213732484,-0.010966641939028,0.0,-0.0408743426245647,-0.017158481207625996,0.0012071962602356002,0.012426008612607998,-0.0107920011763049,-0.021803009552821703,0.09800283325102227
A,bank,024110,2026Q1,장후,-0.9363846941085192,1,-0.0049522832035236,-0.01353570667520426,0.00858342347168066,-0.019378109175516234,0.00317049003430012,0.0031247085772939404,4.5781457006179374e-05,-0.005886303695457201,-0.16344867339732083,-0.05751222248646748,-0.10593645091085335,-0.09931859032317342,0.0158325808232308,0.011466141020898499,0.008885083821951401,-0.014633681240312002,0.0,0.012893448356834399,0.019119927334372698,0.024078631697543297,0.016091752043715497,0.013104236965339619,-0.01014142861918854,0.04994775660660339
A,bank,086790,2026Q1,장중,0.9524889048536384,2,0.01528835846495187,-0.00014226539487353007,0.015430623859825401,-0.019814411902041584,0.0011416431241439498,0.00165255028882567,-0.0005109071646817202,0.013411244183638881,0.47016251450281354,-0.10300565111676382,0.5731681656195774,0.15680401863009719,0.013802131105199698,-0.0032700436537078,0.0159536371951211,-0.021971674039674496,0.0,0.0131004618914466,0.019566406070979602,0.0207646333462197,0.008918688405501897,-0.00525645267371402,-0.010238930178518601,0.09699071855690347
A,bank,316140,2026Q1,장후,-0.0580041322589988,1,-0.05055072249715876,-0.01353570667520426,-0.037015015821954496,-0.012648678810039919,0.04714285013910744,0.0031247085772939404,0.0440181415618135,-0.00952114324137825,1.418401039307501,-0.05751222248646748,1.4759132617939685,0.2153470059601883,0.0115344871675393,0.0115957719365304,-0.011150069167774397,-0.0173105643292163,0.0,-0.038081090700538694,0.0112096362302498,0.0183760412786693,0.005906411564211598,0.01342538465100764,-0.02093674574857604,0.1712055773588762
A,bank,055550,2026Q2,장중,3.2587325224715373,1,0.0033128847707593998,0.025359752867146458,-0.02204686809638706,0.04278055149501815,-0.014008740403879841,-0.00717568475356122,-0.006833055650318621,-0.01170192271075062,-0.1514519164279564,-0.3446458464289647,0.19319393000100826,-0.34168318152580834,0.0015619498798303995,-0.0397725128803224,-0.0662400440240543,0.015927364973672097,0.0,-0.0597273185038762,-0.0197757145092476,-0.026598645746155197,-0.028504424879045604,0.004032019823177718,-0.018514725484605882,-0.1449125960976554
A,bank,105560,2026Q2,마감직전,1.133212233974163,1,-0.004867064023224741,0.025359752867146458,-0.030226816890371197,0.054382525647536754,-0.00649999482753022,-0.00717568475356122,0.0006756899260310003,-0.011943405601637248,-0.1796371569610594,-0.3446458464289647,0.16500868946790528,-0.6642168678979296,-0.0052860858792627,-0.0563198233344869,-0.0865940451528004,0.009965081717373498,0.0,-0.0543903542676833,-0.0613572285727297,-0.0341497949607099,-0.04070790619243771,0.0236372392349882,-0.02109696735058964,0.1794178398528798
A,bank,175330,2026Q2,장후,0.8619756247334033,1,0.06908684439360036,0.00220945292005514,0.06687739147354521,0.011085240626656537,0.02476522441608888,-0.01930789356999794,0.04407311798608682,-0.0017761484004937995,0.2737862015039084,-0.4342313618595529,0.7080175633634613,0.020389375218911154,0.0298477060276845,0.0499479860026354,0.06395884789951539,0.1180068412065366,0.0,0.1192296677008196,0.1274622771491653,0.0528550498352071,0.033322145181701394,-0.026505621099273596,0.008008296924330395,0.09615592821792263
A,bank,086790,2026Q2,장중,0.2998979016060765,1,0.00981235072493116,0.00560440353462629,0.004207947190304869,-0.0012828153050169645,0.004642066015228241,-0.018177949586278594,0.022820015601506836,-0.012222770234992698,0.02658346006973389,-0.5892349161094538,0.6158183761791877,-0.47071755228419754,0.016051274451507697,0.028186862375951603,0.04322330544311,0.0557419975703456,0.0,0.050315007473427306,0.0153822628435484,0.0127711464082675,0.0192979288278127,0.005048459618487759,-0.015462065507343102,-0.13780824819458604
A,bank,316140,2026Q2,장후,0.3216624226266924,1,0.07456669112765936,0.012961217405549482,0.06160547372210988,-0.02080418733030153,0.06101457281944965,-0.013992144998547921,0.07500671781799757,0.000455264365263601,0.9639353146058376,-0.6714400821167281,1.6353753967225657,0.21289954177807321,-0.011509283312069102,0.013359201987667,0.0339768780187803,-0.0177238435310176,0.0,0.06522606435478201,-0.003155706347101203,0.015826052172522802,-0.010837742844776298,-0.01603527846546586,-0.013016528607830494,-0.36508297820751245
A,bank,024110,2026Q2,장후,-0.1543299530883024,1,-0.0469269504237967,-0.035550909884256375,-0.011376040539540326,0.0015933671642669664,0.03165063093084122,0.023660235255360738,0.007990395675480485,0.008807699642220302,0.6710744274238415,-0.12935249083670897,0.8004269182605505,0.4927328624250936,-0.0109725690669773,0.0415141262558442,-0.003910037518590301,0.020941080775385,0.0,-0.001861520450408001,0.0017397653783728009,-0.013444891622814502,0.0005896927878588001,-0.015804424031018963,-0.0001180646268117997,-0.25755129150376666
A,bank,139130,2026Q2,장후,-0.2046238457669396,1,-0.0790727584482269,-0.035550909884256375,-0.04352184856397053,-0.004429922998416365,0.05718809221981902,0.023660235255360738,0.033527856964458286,0.008785484998494634,0.7166441906224662,-0.12935249083670897,0.8459966814591752,0.6280219975459813,0.0422921841303213,0.007699849158832699,0.012389593578527397,0.0327279052482882,0.0,-0.02449994214077661,-0.043066628827334696,0.0320930818478065,0.025964612385345996,0.007384102698112056,-0.0012222846810026645,-0.7823296134837381
A,bank,138930,2026Q2,장중,-1.9025326545074936,1,-0.10050849624126063,-0.019519281607920626,-0.08098921463334,0.0005875652364978681,0.0837677133851525,0.007628606979024989,0.0761391064061275,0.016295194134785668,1.1417317306422505,0.20228187182817603,0.9394498588140745,0.32589020143284697,0.0380901843803869,0.011978872760389399,-0.0256642712752109,0.017444987716706,0.0,-0.008814876062544302,-0.1364236437712271,-0.0409227474610832,0.011125082479644298,0.01630829199397764,0.0032414010908536958,-0.37619259655350845
B_high,bank,024110,2020Q4,장후,1.7909776381996954,2,0.031351571395694576,0.00527971072531856,0.026071860670376014,-0.012749092721414352,0.02932087746678896,0.0015592357886856254,0.027761641678103334,-0.004673597551074679,0.803688460354931,0.340739333632648,0.462949126722283,-0.20321411987176838,0.02672859807211908,-0.006900582872819872,-0.010056832908525506,-0.018984063915646235,0.0,0.02422928434540151,-0.0018474785015337274,0.0007166772082914706,-0.013287989887883959,-0.015079452473069509,0.007323010327224258,0.16082237314515277
B_high,bank,086790,2020Q4,마감직전,1.532512548640877,2,0.05005265247335886,-0.0034849055289672883,0.05353755800232615,-0.027327455511985076,0.02435837947004082,-0.0021942990204620594,0.02655267849050288,-0.033928244032507,0.3509867448573045,0.4027504712827899,-0.05176372642548538,-0.7936602374380846,-0.008032583724047707,0.08835485675235502,-0.01257915835126519,-0.00949283457260874,0.0,0.06249421589754991,0.06788101214887576,0.0032640770146563636,0.021676810632653958,-0.01913482727266909,0.002425275140825262,0.018896479741540434
B_high,bank,105560,2021Q1,장후,3.3571139685382505,2,0.015612292548154327,0.008278260067769114,0.007334032480385213,0.0077630907938893955,-0.0026486261805059533,0.013852579489462395,-0.01650120566996835,-0.006409378502090146,0.6007290359297336,0.6835385184541559,-0.08280948252442233,-0.10222774057529951,-0.030540210345008697,-0.029862982640882753,0.005405034148592964,-0.021139257637086864,0.0,-0.007893450814491857,-0.01967678122371043,-0.0051425618991665905,-0.024801994385319083,0.01675339146077167,-0.016334403509338458,-0.5175527934282909
B_high,bank,055550,2021Q1,장중,2.792796925018082,2,0.011578412170183874,0.010577100555273543,0.0010013116149103305,-0.006037156573998488,-0.0028913202812961645,0.012503605527323818,-0.015394925808619982,-0.0034388812376279694,0.695312505770486,0.5691753558042748,0.12613714996621117,0.09949629057657317,-0.012361438147552643,-0.016350208839162415,0.01766407935273253,-0.01943935823731866,0.0,-0.0074323762063952074,-0.0027597709123046103,0.022884088933196163,-0.002173308820349173,0.012704479620096165,-0.008890820461027849,-0.28589265879775344
B_high,bank,024110,2021Q2,장후,3.4252297265924345,2,0.008053218928542142,0.02560050245976326,-0.01754728353122112,-0.002739704972799345,-0.00033151918258246104,0.01783950366065332,-0.018171022843235782,0.0029386764250955654,0.36871163596498846,0.8593320718165405,-0.490620435851552,-0.38809895234111536,-0.007608846619700737,0.0014237673174123137,0.010225735232870896,-0.002785639325210372,0.0,-0.017296280210146696,0.018399384712987955,0.0019231434302559563,-0.0009191985137359652,-0.0047855058547036635,-0.004374211120951233,-0.2619064419520045
B_high,bank,055550,2021Q2,장중,3.0723856534055987,2,0.020100561459014236,0.0032741927475728036,0.01682636871144143,-0.002739657975870579,0.013279366205593885,0.016606643559016872,-0.003327277353422987,-0.007821306111196422,0.17173034905956702,1.4008466666715167,-1.2291163176119497,-0.922628989411503,-0.00730646045970798,0.009978572002960389,0.02001737865305207,0.00964701084579516,0.0,-0.010411850379270362,0.05699918821899309,0.01578413016125167,-0.006623131947125176,-0.010443047299577186,-0.0008093040122187584,-0.9371255114061895
B_high,bank,024110,2021Q3,장후,1.703039334724822,2,-0.013806239923096496,0.005622298175847857,-0.019428538098944355,0.004328289585014595,-0.004363073335364297,0.0033486794878384374,-0.007711752823202735,0.01224843846271628,-0.2722052450904112,0.02674339410979236,-0.2989486392002036,-0.44826568989883603,0.014693838184467784,0.021062767162122062,-0.006565692627461677,0.02811718764944797,0.0,-0.007966918025229124,-0.007611970674819985,0.025938891533392138,0.027118063152768348,-0.0038241774039582295,-0.019927918975849113,-0.7104383355526936
B_high,bank,138930,2021Q3,장후,2.6566643927292573,2,-0.0003181917120069627,-0.0011938947756476026,0.0008757030636406399,0.014400595306218589,-0.0036318894130344774,-6.446457734618017e-05,-0.0035674248356882972,0.001672670169100999,0.3027399559108034,0.06548298289052532,0.23725697302027807,-0.10981464138951329,-0.013514731786766872,0.010633403367486673,-0.01870354759626731,0.014411273268738846,0.0,-0.0005590174857210937,-0.01456153551251482,0.0032477587143392283,0.018595928364753572,0.009768593804212916,0.007892262094680302,0.6772137907901181
B_high,bank,024110,2021Q4,장후,1.6007971066795683,2,0.03611818946239553,0.005641203904316532,0.030476985558078994,-0.019184986035848985,0.026594443112666715,0.015889860556347966,0.010704582556318749,-0.0024355858707441422,0.9455134456381309,0.30152633627856673,0.6439871093595642,0.08640822717239649,0.02686170676152709,0.0026385800094180303,0.04916008764349911,0.014070277537931523,0.0,0.049023115948554144,0.025541724492929345,0.04288124127470357,0.03122570604283095,0.00807458337493437,-0.0033735812418658985,-0.3671506301834958
B_high,bank,086790,2021Q4,장후,2.9966774528697733,2,0.044880845917350025,0.005641203904316532,0.039239642013033496,0.009129753436432918,0.043319412965477935,0.015889860556347966,0.02742955240912997,0.016973606373038963,0.8584011791044034,0.30152633627856673,0.5568748428258367,0.6477111175815049,0.017635694682949656,-0.0016785473060261288,0.0017837009222534447,0.030086739072317147,0.0,0.048805159487332314,-0.01305885680415017,0.00766290475584213,0.013807803651345596,-0.017069604743295747,-0.01397633685132028,-0.1611665736149382
B_high,bank,175330,2022Q1,마감직전,1.5815055654005932,2,-0.015155287489140601,-0.0047788073885927885,-0.010376480100547814,0.01566814565290019,2.5822020902581747e-05,-0.0062431991064950424,0.006269021127397624,0.012371463026446752,0.05682857984125267,0.2172520387015659,-0.16042345886031323,0.006611075040846626,-0.006598273655418851,0.0016929002499437218,-0.006081781742091297,0.02401152120742276,0.0,-0.007514505676295448,-0.00802870810085765,0.003249358577044328,0.00822509408783701,-0.009636236280560009,0.00018541955010187988,0.13962024891938668
B_high,bank,139130,2022Q1,장후,1.684755313760142,1,-4.65609187933415e-05,0.001452914009848399,-0.0014994749286417405,0.0003824686200576549,-0.007892375396207145,-0.011440453839086897,0.0035480784428797516,-0.0034776121747747066,0.14077865452890703,0.3969847373374595,-0.25620608280855245,0.16516059082995022,0.0019911467971672845,0.007420196180590229,0.003383128405419586,0.009294584828900046,0.0,0.0029183363137736894,-0.005225696792609319,0.0061995419336860254,0.008726926479313942,0.008815385435450213,-0.0026428844234244134,0.01948769863342542
B_high,bank,105560,2022Q2,장후,0.5794178512173104,2,-0.02199814518677109,-0.005108930937664039,-0.01688921424910705,0.009796355818959308,-0.012445451204653537,-0.012483301155133918,3.784995048038142e-05,0.0039408913853641574,0.11172585135546456,-0.2840490422405482,0.3957748935960128,0.18295694982695151,-0.007562875174561289,0.015130516691948166,0.00703455435381403,0.02932750888538589,0.0,-0.008103273297789688,-0.0012740281670705939,0.009393794140665263,0.004790181443954351,-0.0051719798709661605,0.006532782165957533,0.08772790158612677
B_high,bank,316140,2022Q2,장중,0.4031847731189017,2,-0.017662791972155617,-0.00237650221933696,-0.015286289752818656,0.008238860076678315,-0.015536243079136865,-0.00975087243680684,-0.005785370642330026,0.0020195716107976897,-0.41820715012381093,-0.20208511210862296,-0.21612203801518798,0.3387037384917351,-0.021995899650798737,0.006638565736915122,-0.016125732842870256,-0.004510991017812613,0.0,-0.01653834482057105,-0.02843185779489286,-0.008292675119004347,-0.015551634219662668,-0.004661802720616283,-0.0006031947913161997,-0.3818830716089905
B_high,bank,175330,2022Q3,장중,2.318109769056546,2,-0.00828966701033911,0.013675838257317358,-0.02196550526765647,0.005112324549103563,0.0011345254030002121,-0.0002885650471715082,0.0014230904501717203,0.0040563589395854385,0.1187814179009754,-0.046562163353771266,0.16534358125474669,-0.09023342394614425,0.0008455049463890196,-0.01337686940798689,0.014051589679503346,0.011238132576810778,0.0,-0.034467772083913224,-0.0043598953335132196,-0.0038433562871350545,-0.007527751800993382,-0.008505259761242955,0.004184440289621307,-0.18517601210514273
B_high,bank,055550,2022Q3,장중,3.139659761049484,2,-0.004922687862346966,0.00854480169909926,-0.013467489561446225,0.014734929834706437,0.004184532567117533,-0.003416112904531714,0.007600645471649247,-0.008677588953859727,0.06498428018866259,-0.002618183241006475,0.06760246342966907,0.06701482017422088,-0.01241217066843918,-0.01228871595063645,-0.022959154738887936,-0.002303501235896177,0.0,-0.012491720489623118,-0.03442867567081323,-0.022851680980786708,-0.007525723581598587,-0.00546506236267,0.0019226907215007232,-0.3377304424614404
B_high,bank,024110,2022Q4,마감직전,1.4954416975306764,2,0.01669091196503792,0.013676247854880629,0.0030146641101572915,0.015983426834455812,0.0020555282811840977,0.010748056571499125,-0.008692528290315027,-0.007460446549763187,0.16614799552876,0.17310058151427282,-0.006952585985512821,-0.12791479060516914,-0.029861535993197068,-0.009983954042738769,-0.04299970101418432,-0.02326327369783515,0.0,-0.040073236499326925,0.003659178820459394,-0.02182902565211499,0.00827100474131118,-0.011493398525125417,-0.0033721647853728227,-0.8130494267800079
B_high,bank,323410,2022Q4,장전,1.6442656765187205,2,-0.04406561051311165,0.013676247854880629,-0.057741858367992276,0.009989142080545774,0.03305967646614057,0.010748056571499125,0.022311619894641442,0.0012440759303202855,1.1074177175958464,0.17310058151427282,0.9343171360815736,-0.029098019741025105,-0.021471021503600436,-0.012989072178192953,5.9817927456721e-05,-0.0029552330084662327,0.0,-0.09332407246279291,-0.037101847778312796,-0.021341088690051087,-0.027542082705981137,-0.019256180514294157,0.007437108406037814,-0.6090741717964425
B_high,bank,175330,2022Q4,장중,1.4097801229281304,2,-0.008843030279235728,0.013676247854880629,-0.022519278134116357,0.019665789656747985,0.027322135075404645,0.010748056571499125,0.01657407850390552,0.006449859311602132,0.6620903824967466,0.17310058151427282,0.48898980098247374,0.4733296170058493,-0.09129306765074358,-0.05540737696838844,-0.024107458782463162,-0.07454035628756749,0.0,-0.14132571445750255,-0.0018521456863952214,-0.055375470876721275,-0.10731669332466516,-0.021873524136318323,0.0031957960439363813,0.33179240773451896
B_high,bank,024110,2023Q1,마감직전,0.6953759894700977,2,-0.0062244307237724625,0.0015096212032921865,-0.0077340519270646495,0.0003776749643753011,-0.005780859044077319,0.010261058401520175,-0.016041917445597492,0.004410334463788473,0.0780953563234231,0.4150732246220888,-0.3369778682986657,0.3716594306497768,-0.006315229425308742,0.00018613978974482345,0.005241624687606243,0.00016370663011214953,0.0,-0.010364411288476406,-0.005393195892791099,0.005582837126076683,-0.0020633419082773993,-0.009902849418192864,-0.005167655259155615,0.17678422563782403
B_high,bank,086790,2023Q1,장중,1.3989269754817466,2,-0.01005325057702214,-0.004521106552205838,-0.005532144024816302,0.010980031974353717,-0.0013621321915755526,0.005887439523253694,-0.007249571714829247,0.009551743509817618,0.5964893003221695,0.4594873306825751,0.13700196963959443,0.26646055407498004,-0.0013353872135934367,-0.011660515713587158,-0.008918433136675763,0.0073505065728031935,0.0,-0.025382494645812218,0.00849267479975835,0.003837536090921056,-0.014790221696461393,-0.0013792350005326802,0.01983022151830283,0.18532743487586545
B_high,bank,323410,2023Q1,장전,2.4409009288802723,2,0.031119012835597627,-0.008032999225968715,0.03915201206156634,0.009374131329967646,0.044911977300200016,0.001289459021855472,0.04362251827834454,-0.0006860150077600121,1.7217220364309083,0.41878001924601616,1.302942017184892,0.014592841565829573,-0.044295490931833215,-0.03316885006718495,-0.02760095291979685,-0.05129526661927472,0.0,0.0732148260787313,-0.05745502617083452,0.007080993615833607,0.004878377693801799,-0.02592342365661266,-0.023537471197821045,-1.1402528074169582
B_high,bank,024110,2023Q2,마감직전,1.222055386048733,2,0.008812107543712904,0.01212389281516121,-0.003311785271448306,-0.003923071266713886,0.0013620142807094409,0.019967594749142156,-0.018605580468432716,-0.002884749715028399,0.7574606492710514,0.6856884246513058,0.07177222461974564,-0.41634445874061854,0.011553038385554095,0.019246371491394017,0.03722956484668645,0.0375065072823286,0.0,-0.005669847580178888,0.041260469839667545,0.05835035292612985,0.0256899576582791,-0.001396643186259006,-0.006081290088548504,-0.531836496404051
B_high,bank,105560,2023Q2,마감직전,1.953604122584212,2,0.0326865314454658,0.01212389281516121,0.02056263863030459,-0.013991325074226992,0.02228306546689292,0.019967594749142156,0.002315470717750765,0.004386461511410318,0.5715616907218604,0.6856884246513058,-0.11412673392944539,-0.2601818281808478,0.02909993115404976,0.0348827424645147,0.05861931406399411,0.05375200830658506,0.0,0.0065219903682641085,0.10514488528800253,0.09673794458132705,0.03080303510476369,-0.007519291826879895,-0.0020468183755242625,0.012592064225180777
B_high,bank,323410,2023Q2,장전,1.6097915499625768,1,-0.04677689789142973,0.0011915395788993264,-0.04796843747032906,0.01630305680261719,-0.024102003251937367,-0.0024313045174982513,-0.021670698734439116,0.026926188601803576,0.9465444528209785,-0.006279371092398733,0.9528238239133773,0.45463705764155105,-0.0615747175143591,-0.013532388480470482,-0.08623666855959333,-0.0749564027643809,0.0,-0.10625962564713412,-0.08419732022104551,-0.0869286767920176,-0.08457428137305059,-0.0027502284243392083,-0.012078814324605822,-0.432916695393037
B_high,bank,105560,2023Q3,장후,0.0374570597251848,2,-0.018315899371022924,-0.020484398899680997,0.002168499528658073,-0.021886427123434936,0.00992778390641943,0.017096332137927113,-0.007168548231507683,0.00818405108569154,0.18720572576660466,0.7530312835932825,-0.5658255578266779,0.0838447410256154,0.020085340857731695,0.0013906467814754145,-0.0110492935021118,-0.036821724822139676,0.0,-0.0031105066083508028,-0.015944440147700852,-0.029116287151162903,-0.03425491576705059,-0.02756632823358319,0.0129810878699731,0.4980414779608699
B_high,bank,175330,2023Q3,장중,0.0168796853808332,1,0.008656571860503197,-0.012441015614303991,0.021097587474807188,-0.012423663825208313,-0.024428985745409,0.007561818090856688,-0.03199080383626569,-0.022451627025234108,-0.422718363940515,0.6243016814531439,-1.047020045393659,-0.29845205883768366,0.03161462299255668,0.058127451978486996,-0.0505119826105534,0.0013060672565768892,0.0,0.03218537999639373,0.026224258800047508,0.005369393455032104,0.006470685684291875,0.0073061939190919994,-0.00573951587149124,0.27009413789668507
B_high,bank,105560,2023Q4,마감직전,0.9244475631708112,2,0.007476373094528321,-0.016831370070397606,0.024307743164925927,-0.01848181209699378,-0.010754937121275503,-0.015134285163727477,0.004379348042451974,0.0022525223517747273,-0.24575865968945054,-0.41699620480919575,0.1712375451197452,0.24233237145577535,-0.03857800557704964,0.05728325693418017,0.0005570656623131234,-0.024122079514358435,0.0,0.011956461892031582,0.034715119439854364,0.00514767265427837,-0.026535061705954478,0.007509132839942994,0.004518754995583541,0.40728059506508585
B_high,bank,323410,2023Q4,장전,1.041561337031084,2,0.0288633966718446,-0.016831370070397606,0.04569476674224221,0.03173468661292608,-0.017948367022622175,-0.015134285163727477,-0.002814081858894698,0.005415254742030234,1.2540788326993317,-0.41699620480919575,1.6710750375085275,0.24083438055388545,-0.05371560983080792,-0.05051978696343716,-0.012709282405479923,-0.014493746240631156,0.0,0.020400857298885328,0.01841330600945662,-0.0092177598627278,0.031033137183663708,0.0012958187943135488,-0.02004882207896786,-0.4272299461329693
B_high,bank,055550,2023Q4,장중,0.7262721154424955,2,0.010386446294576785,-0.016831370070397606,0.02721781636497439,0.03190025545567777,-0.010838755227655716,-0.015134285163727477,0.004295529936071761,-0.018506918838613575,0.003459105748107927,-0.41699620480919575,0.4204553105573037,-1.0958664194008838,-0.020158272326761616,0.04494352948436897,-0.08855697758146663,0.021286030628782697,0.0,0.0358531932671986,0.0015881635447195456,-0.01084531373330346,-0.01245246784169873,-0.02644036606298533,-0.010646781416228698,1.0886076839467884
B_high,bank,024110,2024Q1,장후,0.4600221609438972,2,-0.002029714720745335,0.008158854432907958,-0.010188569153653293,0.01534408276072323,-0.008963745147669412,0.013767442000056081,-0.02273118714772549,-0.014374410524543354,0.3885449898083351,0.3419787554796107,0.046566234328724365,0.701310842898105,0.006843330594320447,-0.01623210874175808,0.05707548539654383,0.06247930368751726,0.0,0.011844633033671394,0.015964533762714346,0.047765284868351264,0.016973183987751432,0.018189160811876735,-0.0016309635093661075,-0.7072803895180559
B_high,bank,323410,2024Q1,장전,0.6648959294006461,1,-0.033243701405420545,0.009923378048473841,-0.043167079453894384,0.017997915145293655,0.019591273881857,-0.0062754394699053515,0.02586671335176235,0.023463147011434746,1.1178639394793408,-0.22141246136585,1.3392764008451907,0.22887115660749185,0.02190541233441047,-0.03976449898504203,-0.010345438167598659,0.0171928137451005,0.0,-0.02028675404724744,-0.07045208928979321,0.008593799328352074,-0.01781646145377916,0.011044580098602895,0.014103303601814488,-0.48980772696946234
B_high,bank,175330,2024Q2,장중,2.1136598745337025,2,-0.02811112237444711,0.048081748984439954,-0.07619287135888707,-0.010148968501076591,0.008853532961902923,0.039273702042765084,-0.03042016908086216,-0.00889130609818977,0.5681407983377967,1.5290536004194974,-0.9609128020817007,-0.5839526648881589,0.03105870764616747,-0.026543783762828076,0.02864358811055609,0.0018077376604438092,0.0,-0.11215776768689935,-0.026241475169139057,0.025684118205885897,-0.003705906427257975,0.0036400811462977993,-0.024614891977596684,-0.20284470965233514
B_high,bank,138930,2024Q2,장중,1.5033971473957757,2,-0.014718078134670461,0.048081748984439954,-0.06279982711911042,0.027883479288339626,-0.01834641543355813,0.039273702042765084,-0.057620117476323215,0.01819464416383405,0.23699906180716002,1.5290536004194974,-1.2920545386123374,1.3435014992650944,-0.00895028644720716,-0.0365204052255974,0.04214121789621733,0.05354730939228777,0.0,-0.08861469616515129,-0.016897823826789324,0.002377477438644547,-0.0721460329485647,0.0017857445393433336,-6.195719426386461e-05,0.8616889099943681
B_high,bank,175330,2024Q3,마감직전,1.3706036585214207,1,-0.0027863052726718063,0.03891394796726559,-0.041700253239937396,-0.01473163653382168,-0.002535217850392485,0.02693273919414714,-0.029467957044539625,-0.006178494102926733,-0.1527242526846203,0.6320911972356769,-0.7848154499202972,-0.902246491835798,-0.03242688048942623,0.007576719882025105,-0.02763869314405554,-0.06445584223528114,0.0,-0.04345090317998658,-0.08672748169458334,0.06183366391764354,-0.034170180806461295,-0.0036781817047620013,0.009969794710694407,0.5300036035998874
B_high,bank,086790,2024Q3,장중,1.1975110708050407,2,-0.019678777440935612,0.013504944410953271,-0.033183721851888885,0.011408756907263947,0.0027593316026635686,0.014472817632554003,-0.011713486029890434,0.03133394013817348,0.5210886882610017,0.7467874102224148,-0.22569872196141305,0.8095678664408439,0.05363948896961396,-0.0013540360980352807,0.011434491825270813,0.0652974769457609,0.0,0.03533500975318713,-0.05009548479992075,0.0091517322552219,0.07564673471783137,0.004180673462027989,0.00537788648779292,-0.007457787140918187
B_high,bank,323410,2024Q3,장전,2.9140914857272477,1,-0.008713223049533588,0.0031566106036004134,-0.011869833653134002,-0.004990423315766336,0.006519470477194247,-0.002371561613225371,0.008891032090419618,-0.009919986098750304,0.6865214146059484,-0.29077169548562054,0.9772931100915689,0.19463201465102797,0.047812171214438454,0.015599283823573373,0.030834196372430837,0.05284958764209578,0.0,0.04106783421949535,-0.0059694059047479715,-0.0025921044757105417,-0.011404875632823198,-0.00029952546330727506,0.0008510247803392625,-0.07276924368413074
B_high,bank,105560,2024Q4,장후,1.7595715883593228,2,-0.08505017710123935,0.03212588784161945,-0.1171760649428588,-0.013923582104076331,0.062187631234191895,0.028089922158933446,0.03409770907525845,-0.006563584135652661,1.0696138158148663,0.9246253435727224,0.14498847224214384,-0.691592293469097,0.012365037532597493,0.04418656764851184,-0.008965757601041216,0.00387673417855941,0.0,-0.1068835485911333,0.027252338179082465,0.017659893376968848,-0.00882128593567659,-0.02079084484025108,0.004492197134389568,-0.36299346275248234
B_high,bank,138930,2024Q4,장후,2.904756364869693,2,-0.002498708071058107,0.00836010023063992,-0.010858808301698025,-0.013111605287782095,-0.007990481450875803,0.03335630178912753,-0.041346783240003335,0.002086355277193747,0.6111965070360743,1.0984080686186135,-0.4872115615825392,-0.5872951325963726,0.03257960119277532,0.026792805850645123,-0.018423092686838193,0.0010763323288239778,0.0,-0.0024536789646167727,0.015761643501186633,0.010344817075264596,0.017201427678318438,0.006969694629788381,-0.013900915704665558,-0.5248540344564794
B_high,bank,316140,2024Q4,마감직전,1.585011415792659,2,0.024932972468879735,0.013779236358118459,0.011153736110761276,-0.02056663836384382,0.022430595869114407,0.012424924079087485,0.010005671790026921,-0.010681920464125836,0.5708423951644797,0.737995040094768,-0.16715264493028836,-0.5965715331626352,0.045142266502860684,-0.007781300782891975,-9.008352768075448e-05,-0.016286021932829013,0.0,-0.0378282956549561,0.06852971198026224,0.0321765544158923,0.03158623753739176,0.01541566511897589,-0.003074484648368348,-0.6316585199689011
B_high,bank,105560,2025Q1,마감직전,2.3762168483687325,2,0.0005304160066718182,-0.0014410871407782603,0.0019715031474500785,0.008839770642310545,0.002062452347415653,0.0009925287270750342,0.0010699236203406187,0.004911881029453219,0.33943964967883195,0.35815192154131054,-0.01871227186247859,-0.11567021527387161,-0.017074152524001136,0.0017437367750320378,0.0012915466294368813,0.008320295204932946,0.0,-0.013298288498539606,0.014953865227600054,-0.020275490860183557,-0.01923807406933055,0.012382232645373224,-0.004987364884604655,0.35766518653326185
B_high,bank,139130,2025Q1,장후,1.117113240175333,2,0.0504477358985963,-0.004554840783116429,0.05500257668171273,0.00045945404158044025,0.04471901618845669,-0.006033312193051454,0.050752328381508144,-0.0001737568945364711,1.5017925342542704,0.3758296254596994,1.125962908794571,-0.5637825805030511,0.011155019094159373,0.0018969137750570633,0.01814078922922408,0.021714056148787894,0.0,0.06558393233115842,0.021107879460332685,-0.004985154638960126,0.014809120638143283,0.026640775618635225,0.02024762522280331,0.7995636202537906
B_high,bank,086790,2025Q2,장중,0.9018719809983168,2,-0.03982576118952602,-0.009149299315656483,-0.030676461873869538,-0.015261411240150298,0.049622958490977406,0.01685608674216177,0.03276687174881564,0.006071847399704864,0.7645649748361247,0.6562011040393859,0.10836387079673881,0.08523029320147836,0.0023879361592101743,0.01259039385819587,0.020394411620988727,-0.006940994721370747,0.0,0.0025009842271435465,-0.05248120920807302,0.030824056231948928,-0.005932075395387381,0.010395170149433607,-0.014056032552391537,-0.10730339662111843
B_high,bank,139130,2025Q2,장후,2.5741024395232364,2,0.05142721060475687,0.019355848565366,0.03207136203939087,-0.047596710644179016,0.0023586480571015506,0.0013040689018490696,0.001054579155252481,0.034858823802384684,0.12963660436851115,0.5269465671485417,-0.39730996278003056,0.33833398507825585,0.10423399141826566,0.09369854333732501,0.08225623471197045,0.09159909169001604,0.0,0.1064289342709063,0.12173552066955647,0.10662255724080305,0.0920307512185821,0.0004678531538323469,-0.0020031693861453006,-0.18721902487236675
B_high,bank,175330,2025Q3,장후,0.8115365486479575,2,0.006591418622496747,0.008372847653772232,-0.001781429031275485,0.008335749932969202,-0.006591418622496747,-0.01150312753928391,0.0049117089167871626,-0.0036347550947153267,0.11403609271644406,0.013550049322385141,0.10048604339405892,0.5736147916631933,-0.024476914639296844,0.0033217752770445218,-0.02807373515842682,-0.01614774981451436,0.0,-0.014856753898314184,0.04422138614419879,-0.017394858848947932,-0.02863819431911226,0.019143949782087888,-0.017104490058025758,0.28112386111818033
B_high,bank,316140,2025Q3,장후,1.3645119076414851,2,0.012127588750809954,0.008780588942681465,0.0033469998081284893,0.01267306799032924,-0.014690017928444207,-0.009978005927931632,-0.004712012000512574,0.004230503496893041,0.35254035858433674,0.09018326893761372,0.262357089646723,-0.08923848360321948,0.004413369815958471,0.012946366537585435,0.0020153412056943577,0.03826285435348399,0.0,0.014874586190672941,0.011844807002396032,0.011275965512301065,0.03901970598014994,0.01743815916974236,-0.015643506840431327,0.0905985766799473
B_high,bank,138930,2025Q3,장후,1.1983949635901916,2,0.010228238653344813,0.008372847653772232,0.0018553909995725811,-0.00018157317469887557,-0.01040957940837732,-0.01150312753928391,0.0010935481309065891,0.004580333421231907,0.009537262883022979,0.013550049322385141,-0.004012786439362162,0.21839963063611362,-0.036711874884049096,0.007502476910924225,-0.00014195625783167305,-0.019930715836702112,0.0,-0.008001023013959151,0.022552521787796532,0.042161099102412496,0.009188080320798202,0.00973543172845217,-0.013820065455390822,0.17172127537293563
B_high,bank,323410,2025Q4,장전,1.3018297573467834,2,0.0867571302035652,-0.002543720270774925,0.08930085047434012,0.01323408856789182,0.07030851970606614,0.009455826269113727,0.06085269343695241,-0.011706364432464566,2.2152421995261906,0.5692508610412133,1.6459913384849774,-0.4426909361528355,-0.004408281414970216,-0.012203312601109562,-0.05739994608471395,-0.02287284959807885,0.0,0.08776798894145883,0.052079956127672376,-0.05127136213252458,-0.035298649229388294,0.0011694991581053821,-0.002960581692353389,0.22469931423201778
B_high,bank,055550,2025Q4,장중,0.966034508486071,2,0.01657318682168611,0.009614193260500432,0.00695899356118568,0.019261861312843742,0.011969085577768303,0.007799910122286912,0.004169175455481391,0.014612164470003259,0.12314444747406128,0.4381777031608106,-0.31503325568674934,-0.04860437639834772,0.01090807377511582,-0.02587046369599037,-0.04102659109569354,0.0011977352813087629,0.0,-0.004403446817081158,-0.0035950643546512062,-0.032181704116086854,-0.002359028241341595,0.015182451822258063,0.0013356783983748963,0.48091854939461226
B_high,bank,139130,2025Q4,장후,1.1334929996757286,2,-0.01912180622454064,0.00357884863542309,-0.022700654859963733,0.0012333251186661225,-0.01912180622454064,0.0017645654972095678,-0.02088637172175021,0.004257130349021993,-0.37898889863481067,0.5542608108936294,-0.9332497095284401,0.08583692123162548,-0.020711713914522034,-0.029306554369882786,-0.03297734305189024,-0.052863757320197796,0.0,-0.0498725285912623,-0.03396375243995195,0.006116577335224275,-0.054501855042904564,-0.011683710222858409,-0.008829715935048384,-0.22033483296427223
B_high,bank,055550,2026Q1,장중,1.3368868573953254,2,0.01274876133621292,-0.017368196138739744,0.030116957474952664,0.004755025856393601,-0.006208259164273504,0.013532934295442388,-0.01974119345971589,0.0016370772157686606,0.3628910617550334,0.4990080566311408,-0.1361169948761074,-0.032658732758490655,-0.01670077517741144,-0.0039797418408077274,0.0217544814333695,0.01022602798955409,0.0,0.0331980232019226,0.031555888709864505,-0.0022555319281745705,0.0036528211507056707,0.001311284008042174,0.0028079495448316318,0.033311258495427626
B_high,bank,086790,2026Q1,장중,0.9524889048536384,2,0.013663271533408529,-0.017368196138739744,0.031031467672148275,0.00840398895108269,-0.001390395550166918,0.013532934295442388,-0.014923329845609306,-0.0037149880943111637,0.47016251450281354,0.4990080566311408,-0.02884554212832724,0.37927795998011615,-0.015333937424909492,-0.03406464030258328,-0.014179482315371748,-0.0255773954597443,0.0,0.023702754723974408,0.00269799841927861,0.013053525458438834,-0.02080429040136429,0.00048087229675406774,0.000764137085353233,-0.056240827497426704
B_high,bank,323410,2026Q1,장전,3.103807234153933,1,-0.019225134620841355,-0.023702720311473937,0.004477585690632582,-0.00434890438567751,0.018312576428695364,0.02044142464090549,-0.002128848212210127,0.006127167314477452,1.16880596123983,0.1948678003677541,0.973938160872076,0.6492561389922132,-0.001686872532009387,0.018797640968086605,0.030874932006171304,0.023292658190144,0.0,0.009408367439231433,0.028058147394990744,0.05307050627386841,-0.01864965654329865,-0.004902073546920746,0.022363874259191473,0.183728668564682
B_high,bank,055550,2026Q2,장중,3.2587325224715373,2,0.0039842519524518555,0.020069344965611285,-0.01608509301315943,0.022969231887263533,-0.0068472965955314775,0.02300219404819568,-0.029849490643727158,-0.006499825458620116,-0.1514519164279564,0.409056154153967,-0.5605080705819234,0.06526205099146368,0.00022814665522122605,0.018211563244521622,-0.05162461779043487,0.023815191847399057,0.0,-0.06517921776124376,0.02926114531760772,0.006282611256917841,-0.04001123118412887,-0.054737556243652896,-0.011316415256488481,-0.05857032697165385
B_high,bank,105560,2026Q2,마감직전,1.133212233974163,2,-0.003649303542524433,0.020069344965611285,-0.023718648508135716,0.031215212804004987,-0.00963228200561403,0.02300219404819568,-0.03263447605380971,-0.011030044624602626,-0.1796371569610594,0.409056154153967,-0.5886933111150264,-0.2572716353806575,-0.01129844143769236,0.008102482186484483,-0.06731369086490956,0.015423992197265009,0.0,-0.06298737493024162,-0.006484185253570788,-0.001474698656523111,-0.041470814857577566,-0.03477762925581502,-0.01747013542463704,0.26576010897888136
B_high,bank,175330,2026Q2,장후,0.8619756247334033,2,0.07089689647831768,0.05552934626059921,0.015367550217718469,0.012031699808678211,0.030019267963632808,0.03781492035191488,-0.007795652388282073,0.0133647414822726,0.2737862015039084,0.6412878506067248,-0.36750164910281635,0.3306954456101577,0.02243834292500229,0.010788006292757064,0.022314521192976187,0.06109064655784678,0.0,0.038693853611434945,0.12232428942338472,-0.0072693865952625425,-0.010711715135842063,-0.06897224047322906,-0.0009242671980693624,0.3484459311797786
B_low,bank,105560,2020Q4,장후,0.2445309899697632,2,0.041357935726553274,0.008013085000450407,0.03334485072610287,-0.014439069583272898,0.035868893119607816,0.0032430561423261632,0.03262583697728165,-0.015992153337178554,0.4634555833419817,0.5973182772611838,-0.13386269391920208,-0.5947495616547258,0.0006428625159984915,0.030396096355166765,-0.03758090042750954,-0.033239433537441986,0.0,0.02538857570734561,0.026378854118842665,-0.00491048223714962,-0.0014886071177195696,-0.021107396089107944,-0.00523177896788752,0.4084254734684974
B_low,bank,055550,2020Q4,장후,-0.4546873617168339,2,0.04076543065714411,0.008013085000450407,0.0327523456566937,-0.015594440515447474,0.03702799442712038,0.0032430561423261632,0.033784938284794216,-0.011086996813932229,0.617067970346793,0.5973182772611838,0.019749693085609143,-0.3437310356199798,0.008983640397077993,0.01991644513870959,-0.024345564286414528,-0.028152533531312918,0.0,0.02803274320030573,0.0023913012002785596,0.013541849882745646,-0.023192841630023806,-0.02611067943781253,0.009076148954933902,-0.07325175138737111
B_low,bank,316140,2021Q1,마감직전,0.6850731338852311,1,0.00936658137571869,-0.00259476356437207,0.01196134494009076,0.002126769229437473,0.01814458325670764,0.0012582463797284772,0.016886336876979165,-0.003785478652165811,0.8403471416693777,0.22386334331676616,0.6164837983526116,-0.7379107833440328,0.013349348330331665,-0.019611325937860056,0.00020529568663280387,0.0002157505116112176,0.0,0.00035433711234645476,0.02123198020412131,-0.010661267305863456,0.0019422019832075928,0.028917794371321425,0.02684471530512073,1.133669202080104
B_low,bank,024110,2021Q1,장후,1.0932194635660764,2,0.0031105443268812983,0.03444134601977887,-0.03133080169289757,0.0003034238653302915,0.002168659687659842,0.0331673643086354,-0.030998704620975558,-0.0024698458503466737,0.21898862720873957,0.9247229143437179,-0.7057342871349783,0.55953929800307,-0.0022676662126171533,-0.005469103395779841,-0.010234568443768143,-0.011374044304116177,0.0,-0.03719987816415383,0.013206302173619837,0.009775803523189033,-0.024317565152880194,0.017465087050725574,-0.014878857285329799,-0.8204476413311096
B_low,bank,105560,2021Q2,장후,1.0113250853403206,2,0.0033629802996344017,0.02560050245976326,-0.022237522160128857,0.006478237935151546,-0.0024165636659814237,0.01783950366065332,-0.020256067326634743,-0.003908246844433862,0.06278434913582309,0.8593320718165405,-0.7965477226807174,-0.24047098413719925,0.012942081903367542,-0.02053825151910467,-0.0015524814419058553,0.006857375165207771,0.0,-0.022695777338615896,0.019432398680741463,0.0025937022766040763,-0.002940672682358553,-0.02750547595671291,0.016809732602179692,0.5887900981949494
B_low,bank,139130,2021Q2,장후,1.9460632912606275,2,0.01643678262768603,0.02197361095153421,-0.0055368283238481815,0.0076134965288868865,0.0154847110700496,0.018441532941953144,-0.0029568218719035443,0.008156300147512726,1.2308652320935938,1.2282799658945311,0.0025852661990626302,0.8254939485313749,-0.003000138247697917,-0.017492039719985975,-0.019287258314563318,-0.011292631130391029,0.0,-0.01575124180637583,-0.02406137113171912,-0.02913995594040124,-0.004921805737646638,0.01366222011662171,-0.0007612134328353936,-0.14169852704753577
B_low,bank,105560,2021Q3,장후,0.6003196917944059,2,-0.00541554652632819,0.005622298175847857,-0.011037844702176046,0.025705265337350767,-0.011805953494830757,0.0033486794878384374,-0.015154632982669194,0.01740665912296999,0.2622186365956825,0.02674339410979236,0.23547524248589013,0.40018177073389316,-0.014983491294122167,-0.018795552355504126,-0.049880641925549404,-0.004362593042082267,0.0,-0.02864230042562764,0.005179643650188058,-0.007297215546096979,-0.017263361746430783,0.014657044870363345,-0.0021275501344333574,-0.2429784319187343
B_low,bank,055550,2021Q3,장중,-0.1730404462792308,2,-0.01755126196354958,-0.001921807126103241,-0.01562945483744634,-0.0007930681820659232,0.0034238175984123605,0.0004795745140394776,0.002944243084372883,0.004514346318039593,0.22076631539077846,0.08122561548113287,0.13954069990964557,0.004696943306790019,-0.02102853377226813,0.010961952662960616,-0.003939700033780075,-0.010923657126190242,0.0,-0.01799417631912853,-0.023236708663475276,-0.004436537871591078,0.0036246954051406197,0.00258918449351367,-0.006049011312259425,0.2314941582705269
B_low,bank,055550,2021Q4,장중,-0.0265710863509177,2,0.006532844156400879,0.0009793083648624717,0.005553535791538407,-0.0032670747582593607,0.003584437055334004,0.011765265796822855,-0.00818082874148885,-0.000487758782859787,0.42932692296364205,0.8045014474418366,-0.37517452447819455,0.12154040956179779,0.003366497334049888,0.004377485657898214,0.027811321444729163,0.017169386774599456,0.0,0.02189787050828493,0.010299077559302577,0.0414543727587634,0.016732885659046473,0.00711893391974739,-0.0002635125605303995,-0.31892944256961286
B_low,bank,138930,2021Q4,장후,-0.3747357395189122,2,-0.005233452231213126,0.011724649401121265,-0.01695810163233439,0.009126137130203466,-0.010366052578637933,0.005932501364920356,-0.016298553943558287,0.011708677948431452,0.5648601418792246,0.8700628875347209,-0.3052027456554963,0.059702636420096766,0.0065097191681460845,0.01797452041166491,-0.006398799057116827,0.030309234608869702,0.0,-0.007279166606021618,0.011521618775690003,0.009800865212367902,0.00039646245201571065,-0.01082202770842272,0.001774093040642303,0.4922180304462879
B_low,bank,086790,2022Q1,장후,0.5530207426973597,2,-0.023238964142684115,-0.01424775544903082,-0.008991208693653295,-0.0018937359104268352,0.008868777211333218,0.0005663144825412128,0.008302462728792006,-6.535497208774287e-05,0.641521222153898,0.47103988616209125,0.1704813359918067,-0.4878673306533735,-0.00046695962282589445,0.015395654195073735,-0.012129737883522416,-0.0019215006950367187,0.0,-0.00881571749491555,0.002270199397676552,0.005270097978740763,0.02628094143783166,0.005580747765264973,0.001981478948857332,0.15461763393437752
B_low,bank,024110,2022Q1,장후,0.4505318305885066,2,-0.04376845394710296,0.008830591212060406,-0.05259904515916336,-0.0027591099857799603,0.025466126832840087,0.004413831682415434,0.021052295150424654,0.004602155896961658,0.4003996288951154,0.6235372012467943,-0.22313757235167897,-0.6708988531350514,0.017821395326421907,0.015522915965450251,-0.008865423930473671,0.010801038269372409,0.0,-0.04554306003300919,-0.005902893258167801,0.028534319994159837,0.008647608438689218,-0.007393634363806249,-0.002814613252234673,0.405387510419315
B_low,bank,086790,2022Q2,마감직전,-0.7486371611293396,2,-0.022814314066015817,-0.00237650221933696,-0.020437811846678856,0.007776723510369602,-0.00851427554529455,-0.00975087243680684,0.0012365968915122889,0.001372192816274419,0.017989817861637114,-0.20208511210862296,0.22007492997026007,0.3581391576266547,-0.024214006106902723,-0.00038147625367324425,-0.012392394183824132,-0.009105137342194196,0.0,-0.04059379676282677,-0.01871903248516866,-0.01523699925455817,-0.007484757444451405,-0.009953016774893731,-0.005153528087491165,0.4152812775262816
B_low,bank,139130,2022Q2,장후,-3.669967769600453,2,-0.006696735893669483,-0.004837228903684062,-0.0018595069899854204,0.0082607380683984,0.002040431303425466,-0.006772377862206186,0.008812809165631652,-0.009281859196339682,0.8559889129263837,-0.07657092126635728,0.932559834192741,-0.007046345281945449,-0.0067995492574899645,-0.02314646076032542,-0.008511672862022392,-0.009116979116428385,0.0,-0.011374439389238652,-0.006859818697416482,-0.013201234264443707,-0.010268953053718569,-0.0059710221168237584,0.00748245339752095,0.3491941751885467
B_low,bank,105560,2022Q3,장후,-0.1690771965952576,2,-0.011835777640187114,0.012638022182169646,-0.02447379982235676,0.028675713448300267,0.0002781416617234911,-0.010557678818276114,0.010835820479999606,-0.012867725880080783,-0.2505957577055963,-0.17488472149252807,-0.07571103621306821,-0.16736661208946196,-0.038560177162266174,-0.08640038753559999,-0.06660534799162102,-0.0703591815630576,0.0,-0.07685881867286572,-0.034209824739959066,-0.041054601700369356,-0.08194913945004759,-0.002819014479161372,0.005198023517872331,-0.05254489933488228
B_low,bank,138930,2022Q3,장후,-0.2477089826612889,2,0.013649997727882005,0.025707557249254887,-0.012057559521372881,0.03198556613495258,-0.0028856558050815405,0.0005083675479512356,-0.003394023353032776,-0.01359015449438164,-0.15249905009968642,0.08943682578598491,-0.24193587588567134,-0.1948277709602849,-0.06948826960202077,-0.06228640236711229,-0.029601379904028943,-0.043612902312202856,0.0,-0.05305535035844586,-0.05429833980706275,-0.04964420793393498,-0.05855044953690069,0.0009502755059305986,-0.0029967703406152757,0.11968367887526411
B_low,bank,139130,2022Q3,장후,-1.0038490090338654,2,-0.000980650541182476,0.025707557249254887,-0.026688207790437363,0.02721074348713653,-0.0010784852497027313,0.0005083675479512356,-0.0015868527976539669,-0.01585243259577702,0.3054028679350143,0.08943682578598491,0.2159660421490294,-0.14981937890645738,-0.05411344796123754,-0.056233923003419825,-0.024104050674366467,-0.03521279411840949,0.0,-0.060621050941924035,-0.05957216821313966,-0.04438337230499957,-0.043206064037658684,-0.0020601301441200734,-0.002909902336255185,0.06773272244493213
B_low,bank,105560,2022Q4,장후,-1.445069870401646,2,-0.00590206113141689,0.030559533022366567,-0.03646159415378346,-0.0038952855690988584,-0.0005782743988190179,0.012934261010653314,-0.013512535409472332,-0.00413231191601059,0.35940058690091875,0.26878224741998197,0.09061833948093678,-0.0738877923632793,0.009044390107481981,-0.01875358781797583,0.0024729273514476294,-0.012614751377561871,0.0,-0.04043179850110508,-0.023537085470861474,0.040233180143601395,-0.00275237750969695,0.027655026473869436,-0.013090382217020424,-0.22453928023833764
B_low,bank,055550,2022Q4,장중,-0.6716254733023319,2,-0.009684955870922527,0.013676247854880629,-0.023361203725803158,0.001644408191017961,0.008833201568333702,0.010748056571499125,-0.0019148550031654228,-0.00816110131644925,0.33231010945985506,0.17310058151427282,0.15920952794558224,0.033809591553197293,0.004659892595782915,-0.02949491884658472,0.0032570759019236173,-0.011096483850549543,0.0,-0.024787486515850207,-0.0350046946155272,0.038810917854669086,-0.004400400319363137,-0.005367359664367894,-0.01674268624075334,-0.2696974944716752
B_low,bank,139130,2022Q4,장후,-1.3086950648069593,2,-0.001741892777979077,0.030559533022366567,-0.032301425800345646,-0.004938895441354933,-0.010639766977916298,0.012934261010653314,-0.023574027988569612,0.0182542228140255,-0.1443397640656464,0.26878224741998197,-0.4131220114856283,0.8826888297312856,0.005981925612627063,0.02983274610065887,0.017269141237278247,0.025511417750999587,0.0,-0.016582379660032894,0.03427784763818423,-0.011533198432392715,0.004668608827057401,0.011399949342193934,-0.009370614437516684,0.145801533427114
B_low,bank,175330,2023Q1,장후,-0.2497441826885503,2,-0.049795464595326064,0.0030809488113960597,-0.052876413406722125,0.009047043863831167,0.026363678579776118,0.01489355759432003,0.011470120985456087,0.026570095787839552,1.3147930094134197,0.3841799797645564,0.9306130296488633,0.7402079784582245,0.02512415502421266,0.016283131266762424,0.012095355261691051,0.053762515429439765,0.0,-0.03142338201030094,0.044800950449492824,0.024532864699931642,0.01813787242885023,0.026706063435662494,0.020089974053354664,-0.23672204592458013
B_low,bank,138930,2023Q1,마감직전,-0.2884765745969015,2,-0.008201539718260098,-0.004521106552205838,-0.00368043316605426,0.0009457894557020337,0.0012990943006191535,0.005887439523253694,-0.004588345222634541,0.007692954510775309,0.06873827222331635,0.4594873306825751,-0.3907490584592587,0.16278286594046154,0.01406222925440841,0.007871890911626498,0.0023158688579442113,0.018058238260723482,0.0,-0.01651526642074671,0.02607769100251923,0.018625520720257496,0.006274554057173103,-0.009192788235538547,-0.00538211783168875,-0.5724586198886237
B_low,bank,139130,2023Q1,장후,-0.0404759456330682,2,0.02410285411019588,0.0030809488113960597,0.02102190529879982,-0.01784453921015055,0.010001695745607024,0.01489355759432003,-0.004891861848713007,0.006400239237840655,-0.03786582879987285,0.3841799797645564,-0.4220458085644293,0.7006422014130423,0.0018525282790321784,3.686859431584373e-05,0.027318063451063298,-0.016217438204026886,0.0,0.02361990972287671,0.02473744047359781,0.01805483894052801,0.017594547370310205,-0.003301625378505752,-0.002676221265321443,-0.3238850099787372
B_low,bank,138930,2023Q2,장후,-0.3624309893215531,2,0.028377111125136373,0.008039962750787088,0.020337148374349287,0.0036441115558686326,0.01924284636353045,0.005107006755396612,0.014135839608133837,-0.009273735832606964,0.7512504206097166,0.26945950672988184,0.48179091387983475,-0.1018538352700255,0.001993935846548568,-0.0047228282852866624,-0.017372685075538647,-0.006112828564447229,0.0,0.01509426715860449,-0.04143037934649594,-0.0029105712334290042,-0.0020489132328469547,0.014482873523096343,-0.009166752034934774,0.10158377966651509
B_low,bank,055550,2023Q2,장중,-0.2765797214483954,2,0.018230579418002546,0.01212389281516121,0.006106686602841336,0.011559251617184215,0.011806047945542828,0.019967594749142156,-0.008161546803599328,-0.0027463865265783295,0.5636027438949812,0.6856884246513058,-0.12208568075632453,0.11147463193539808,-0.012098923830922715,-0.02182511895110799,-0.030342980142644655,-0.019726178715415148,0.0,-0.0012800249241542265,-0.020103882526199303,-0.0030023771951847716,-0.00175372212692005,0.0026917028850243774,-0.0020513286220607708,-0.07299441057549691
B_low,bank,316140,2023Q2,장후,-1.7216766284917742,2,-0.06543079895784067,0.030370646237588516,-0.09580144519542919,0.026671550945316938,0.041273700242529826,0.019629433331798563,0.021644266910731264,0.00862573052425592,1.3255585072825649,0.785673195853591,0.5398853114289739,0.6978378704113838,-0.014219424820702936,-0.03431859471461311,-0.0069855444541982135,0.01632739256429103,0.0,-0.10364067948047384,-0.0023393228880220947,-0.0018473846493405749,-0.0014211894252877944,0.015179349008828315,-0.003804067016881797,-0.23102467267036655
B_low,bank,055550,2023Q3,장중,-2.2263235870646527,2,-0.015031640715273697,-0.010641988628773552,-0.004389652086500145,0.011646834597548525,0.005723808169843823,0.009308195566653039,-0.0035843873968092153,-0.0017162543194642519,0.5147533347718589,0.5837688748274354,-0.06901554005557653,-0.027097183478806464,0.00472912490964359,-0.01706648125173147,-0.01913640078336082,0.002311164444797919,0.0,0.01237708597721341,-0.03282142722247401,0.011044955286470582,-0.005974269412682414,0.007982119591481486,-0.009207979534973933,-0.2960502493903272
B_low,bank,086790,2023Q3,장중,-1.2164543618279091,2,-0.021723318623064255,-0.010641988628773552,-0.011081329994290703,0.006178378946708692,0.01865711159518244,0.009308195566653039,0.0093489160285294,-0.0002876292980223869,0.6049560024813694,0.5837688748274354,0.021187127653933935,0.08202005350402103,0.007581537575891497,-0.006462012990334444,-0.0022029223091866983,0.01163449274433095,0.0,0.013126590398329138,-0.031068812378630028,-0.007925886052783576,0.012135795076462327,0.005632758931703686,-0.009542275730299256,0.18305223997506256
B_low,bank,138930,2023Q3,마감직전,-0.629955167825345,2,0.0067859878268271105,-0.006439325745563024,0.013225313572390134,-0.012830793134042631,-0.013914701371911125,0.0006043253622290729,-0.014519026734140197,0.0031081222728092358,-0.1780085564932133,0.3178201028989377,-0.495828659392151,0.31207837826901186,-0.013662908094176052,0.01633713009805677,0.011106558222844874,-0.016474399450268205,0.0,0.01374104708016265,0.011632132375200572,-0.011757770782926034,-0.0005865169979478342,-0.006151931691643388,0.00039510322327084577,0.48780989751005305
B_low,bank,138930,2023Q4,장후,-2.01190766976063,2,-0.027435740831007655,-0.019872313024843685,-0.00756342780616397,0.004470188961300033,0.006591776137431008,-0.02209585311105007,0.02868762924848108,0.010185495867948393,0.08255611775496341,-0.32943994049874736,0.4119960582537108,0.5366403392119382,-0.021334295904289303,0.04599396646207109,0.023634823579604523,0.04113670734752428,0.0,0.01032281249081815,0.05004600908712478,0.031516451681608576,0.02203158820279199,0.0021148105705691804,0.004725392050303708,-0.1337160460181307
B_low,bank,316140,2023Q4,장후,-2.4280924543054487,2,-0.024819728040828784,-0.019872313024843685,-0.004947415015985099,0.016492764215784148,-0.0006924120574889024,-0.02209585311105007,0.021403441053561168,0.0012912840851830344,-0.09531171183589882,-0.32943994049874736,0.23412822866284855,0.007325841628373353,-0.0015422541688224697,0.04693861433885499,-0.019282114113521157,0.050395025802575884,0.0,0.01035443935583235,0.02222080449855967,-0.013397222681261284,-0.0019729685073950794,0.0044665825645575676,0.011229527662971868,0.9284095571681652
B_low,bank,024110,2023Q4,마감직전,-1.89465057998254,2,-0.014975582006475918,-0.016831370070397606,0.001855788063921688,0.013889600797109054,-0.023921727296816627,-0.015134285163727477,-0.00878744213308915,0.013729271277776123,-0.4879356736908709,-0.41699620480919575,-0.07093946888167513,0.10181619493326866,0.02544328251555983,0.07784299435529415,-0.00832076791276204,0.09108954089961274,0.0,0.03846044081257592,0.03967315525834932,0.029081976780302693,0.018640298230875044,-2.601901672617292e-06,0.0020860919209944977,0.38218450509209456
B_low,bank,105560,2024Q1,마감직전,-2.8278456022850205,2,0.053746606837479706,-0.00434850426389337,0.058095111101373074,-0.03311103932473371,0.017265444272338677,0.00040495393141033384,0.016860490340928343,-0.005764201815097792,-0.008363610351233675,0.18185044348273632,-0.19021405383397,0.4542994415330382,0.030518966717433357,0.09700942517442687,0.15649176516988378,0.12312469272502859,0.0,0.11346570822987524,0.16558245388757994,0.08118928307453668,0.06968373038422176,-0.028993314147254222,0.0030586768521923217,0.756869189840319
B_low,bank,086790,2024Q1,장중,-0.4139605356933427,2,-0.009832403005208898,-0.00434850426389337,-0.005483898741315527,-0.029335447241718077,-0.003249764373590258,0.00040495393141033384,-0.003654718305000592,0.019365173461222174,0.1853747703502952,0.18185044348273632,0.00352432686755888,-0.286799896673294,-0.029032944178396098,0.018695705980255786,0.014238459535809947,-0.056070080258323066,0.0,0.004515243545410573,-0.036350584596303,-0.024042523230612588,-0.037296835109939454,-0.02596149602754083,0.007895133609236906,0.06824960930095464
B_low,bank,139130,2024Q1,장후,-1.5715591057698572,2,-0.0005158206662846271,-0.013508099770796218,0.012992279104511591,-0.023844100567717238,-0.011079744047915358,-0.004142549036424207,-0.006937195011491151,0.016445771614627798,0.16561639488043622,-0.1808897897202673,0.34650618460070354,0.2912132846053134,0.024087452673305313,0.0061650998274757896,0.027130010396300218,-0.009433159204046932,0.0,0.02258215984311847,-0.0034016132714249792,0.03226923122171507,0.0005892435066003395,-0.03238614488773085,0.006339598104529091,0.19703267368344743
B_low,bank,086790,2024Q2,장중,0.7091379476163505,2,0.005913468469922209,0.011548752557450682,-0.005635284087528473,-0.030939775601312208,0.011273037717887652,0.023403185525216485,-0.012130147807328833,-0.001408006288056568,0.9951398120051008,0.7567695461007995,0.23837026590430133,-0.01900747716277306,0.052779015995963144,0.016849805291314572,0.003920672453564233,-0.01284655537539645,0.0,0.014059547749086816,-0.001048940577965559,0.04237112041223462,-0.0008674970144297283,0.03381195987583628,-0.008171829189297363,-0.4736194985196187
B_low,bank,024110,2024Q2,마감직전,-0.423872515192229,2,-0.019419526628548213,0.048081748984439954,-0.06750127561298816,0.02169307184196216,0.013513105470594432,0.039273702042765084,-0.02576059657217065,0.01606613250635133,0.9411508299629237,1.5290536004194974,-0.5879027704565738,0.5900034911167743,-0.01765482125100793,-0.054744230620784685,-0.021535458535047854,-0.019236863253969325,0.0,-0.09902572999366356,-0.08124537069663668,0.007384245692511459,-0.023941987014650456,-0.00477325915221851,0.0004075804754525652,0.33337843628239305
B_low,bank,139130,2024Q2,장후,-3.5200680597627714,2,-0.030352157734091275,0.07808759962149825,-0.10843975735558953,0.022788419102003927,0.015575955420468338,0.06927955267982339,-0.05370359725935505,0.019180662768383226,1.0498248572502238,1.5407590155547934,-0.49093415830456966,1.1233049695242763,-0.0032771714606139764,-0.03666484987559224,-0.009398127531162323,0.012683405625762164,0.0,-0.1157711060039108,-0.019118052022310726,0.029182039604070335,-0.017083855354398467,-0.007268631969331778,0.0013746937355299518,0.09578662987684544
B_low,bank,055550,2024Q3,장중,0.1724496387238447,2,-0.005848912441945812,0.013504944410953271,-0.019353856852899084,0.002139037749335319,0.03044656422086559,0.014472817632554003,0.015973746588311584,-0.0013150144655723157,0.8112297324130966,0.7467874102224148,0.0644423221906818,-0.16003206154088473,0.0167778405086566,-0.034225294823341655,-0.0013821386361079022,-0.008274986468524663,0.0,0.046141307717620546,-0.09569085319114576,0.020973901844721476,-0.009988167474571083,-0.0003096199125793013,-0.005009773451788153,-0.18214851936284593
B_low,bank,316140,2024Q3,장후,0.0183397808839651,2,-0.08083149756322805,-0.018529309013318493,-0.06230218854990956,0.017385424816428297,0.06123158864850751,0.004318063869848569,0.056913524778658936,0.007157054984144041,1.1667528088959032,0.7245224265516458,0.4422303823442574,0.46333522051026726,-0.0072276110493999166,-0.01640677227463955,-0.05093498028181996,-0.014942059437716355,0.0,-0.08020447315862471,-0.06791839526686817,-0.018957630702484927,-0.01684748851191329,0.023538568366642056,0.023607566545093592,1.055787354523984
B_low,bank,139130,2024Q3,장후,-0.3232540181461721,2,-0.01355613457883129,-0.018529309013318493,0.0049731744344872035,-0.0014076586798648797,0.0022042218445293433,0.004318063869848569,-0.0021138420253192253,-0.0012140065610740484,0.01581128095993911,0.7245224265516458,-0.7087111455917067,0.5378236934648668,0.03927589616739251,-0.023514880130278144,0.004802793228357872,0.010893888817251732,0.0,0.011264714051031995,-0.03702201267093683,0.034035580907994425,0.04037375948105902,-0.01135579560173497,0.008068649257978056,0.1072422997082157
B_low,bank,055550,2024Q4,장중,-0.3832164569484306,2,-0.018330735723533158,0.013779236358118459,-0.03210997208165162,-0.016637216180281265,0.0022909649163579335,0.012424924079087485,-0.010133959162729552,-0.00849087529358859,0.13567851056896246,0.737995040094768,-0.6023165295258055,-0.5784267033002634,0.0051860491517392426,0.034501391324389175,0.002067656266977757,-0.005437701198491747,0.0,-0.048818639596622,-0.0008743463488354603,0.03434505156138397,-0.004678991968852475,0.004465984406820231,-0.0018108056744812087,-0.22784966467359402
B_low,bank,139130,2024Q4,장후,-0.8313818503275086,2,0.001285634857526508,0.00836010023063992,-0.007074465373113411,0.004221574810002164,-0.0058688941717524624,0.03335630178912753,-0.03922519596087999,0.006353557183891869,0.20133825927864776,1.0984080686186135,-0.8970698093399657,-0.0658506934697497,-0.015476537802868985,-0.011809487086968416,-0.03035314829272729,-0.029982965835038802,0.0,-0.024598893176634103,-0.003943812400786393,0.0073728027923927065,-0.016847485177710276,0.007870184130162758,0.0003634846888098445,-0.07507272363241796
B_low,bank,024110,2024Q4,장후,-0.6415224701601149,1,-0.012176514751262708,-0.03247701224523416,0.02030049749397145,0.018831292746898643,0.009763888999847304,0.02325297971513253,-0.013489090715285226,0.002573659181809243,0.3030394919793121,0.7120939178780311,-0.409054425898719,0.4034065763243554,-0.03678433747489224,-0.013848873301664011,-0.010303091243798135,-0.0029616158531056347,0.0,0.007520913919279448,0.032699306750505204,0.024070256972031877,-0.0016417396293828502,0.020466914859516874,0.015473044277364952,0.823508522744365
B_low,bank,175330,2025Q1,장후,-0.5851040230743453,2,-0.054181640905495765,-0.004554840783116429,-0.049626800122379335,-0.005781172945756632,0.04093251676386643,-0.006033312193051454,0.046965828956917886,0.0026476001300582467,1.2465333701477204,0.3758296254596994,0.870703744688021,-0.48461284891752265,-0.004174534910370906,0.008922058344094064,0.003025719923973669,-0.00638018365304871,0.0,-0.04934818818144971,-0.006131312756298025,-0.004344464238112203,-0.020479333715725218,0.0014127165457950772,-0.0035651492335919696,0.10313764121883012
B_low,bank,138930,2025Q1,마감직전,-1.4795129908828786,2,-0.04376588375786164,-0.002577351797956191,-0.04118853195990545,0.0071504816873988845,0.021718135954820524,-0.003482127344701904,0.025200263299522428,-0.001443220792596255,0.8072680180828005,0.2593198252078988,0.5479481928749017,-0.5083200408002764,-0.009559332562396737,-0.010405739619235474,-0.006211517761710235,-0.0031500965874305294,0.0,-0.018917143238151322,-0.07519059529396876,-0.011259960326233446,-0.0017141474047300265,0.000598611599864401,-0.001239500425512693,0.21682020908938315
B_low,bank,316140,2025Q1,장후,-0.7926773492003456,2,-0.03207584146155624,-0.004554840783116429,-0.027521000678439808,0.006288788843885366,0.0261034407012901,-0.006033312193051454,0.03213675289434156,-0.004712543586210862,0.636978441410837,0.3758296254596994,0.26114881595113765,-0.557530658429053,0.00955430685305168,0.003931943091697471,-0.0012315101777655452,0.020747404199093135,0.0,-0.020920571885224455,0.028810162781878566,0.02328824842789272,-0.010939447003902312,0.007236150354060883,-0.005621687659830236,-0.3020300366947641
B_low,bank,105560,2025Q2,마감직전,0.0180816550498187,2,0.009689814241048788,-0.009149299315656483,0.01883911355670527,-0.005666371523647583,0.004954197860789227,0.01685608674216177,-0.011901888881372542,0.0007007493074586077,0.5431029453875282,0.6562011040393859,-0.11309815865185768,0.11153047016044167,0.012184426581833063,0.004052627267625314,0.018017471661299883,0.01150360729321034,0.0,0.0006903535306459849,0.055291126704352,-0.06019297351994319,0.001055751296118049,-0.015029615360558916,-0.006814990984898572,0.009767468709549837
B_low,bank,175330,2025Q2,마감직전,0.5759783305269716,2,-0.012640638519834718,-0.009149299315656483,-0.0034913392041782346,-0.003165723638006144,-0.0002272863749348819,0.01685608674216177,-0.01708337311709665,0.018763371696718947,0.007944277726247152,0.6562011040393859,-0.6482568263131387,-0.2542072585688852,0.03452979354996115,0.017805795119055015,0.03714682115669839,0.05332349260779741,0.0,0.012982176505912437,0.037157506059135884,-0.019142050378031426,0.03633771310996782,0.00310144838761883,0.0003166819265381718,0.3497586988272332
B_low,bank,316140,2025Q2,장후,0.0116982841197541,2,-0.045883267136165584,0.019355848565366,-0.06523911570153158,-0.009290963516351848,0.03659844392306445,0.0013040689018490696,0.03529437502121538,0.0009169699241319629,0.48911022405960447,0.5269465671485417,-0.03783634308893724,0.10396650775723458,-0.0033024647275874744,0.027853302896128612,0.012079995149985413,0.005838628512980674,0.0,-0.05674522333523014,0.03331505742863448,0.01960038027618725,-0.010170114577753015,0.029140695730466834,0.004208234009471245,0.1800497347778796
B_low,bank,086790,2025Q3,장중,-0.1535856260506455,2,-0.004396975856437344,0.0069020941671892495,-0.011299070023626593,-0.007252953507928057,0.0148911888662898,-0.006877897220878749,0.02176908608716855,0.013291100350923526,0.5025530689484642,0.241550893670445,0.26100217527801917,0.5277420105999971,0.01077713893019151,0.02083368864971099,0.0005074659842503673,0.006906288693579133,0.0,0.01794947219042736,-0.024937779334587747,0.02309270450732318,-0.023652513357904883,0.014448763860898387,-0.015904374688681784,0.09181895828622749
B_low,bank,024110,2025Q3,장중,-0.5726170212322961,2,0.007728717756324442,0.0069020941671892495,0.0008266235891351923,0.008482179554494066,-0.0010683213830427456,-0.006877897220878749,0.005809575837836004,0.002644793881688934,0.24354630599948718,0.241550893670445,0.0019954123290421844,0.12842106213817717,0.0048548610455338825,0.012204722835247933,-0.009951449695812683,0.02170311523230089,0.0,-0.002328205053561426,0.015505951998739819,-0.008121659144243884,0.005802753251957039,0.0008634157358087423,-0.008468927214921434,0.0081949862167785
B_low,bank,024110,2025Q4,장중,0.0260339414995281,2,0.0011209771337582376,0.009614193260500432,-0.008493216126742194,0.001018222811716426,-0.0008700165170428108,0.007799910122286912,-0.008669926639329723,0.0007237052907372137,-0.11037164984601322,0.4381777031608106,-0.5485493530068238,-0.21616702349467645,0.007385277853800934,-0.010730188073561972,-0.045714260385071516,-0.030669668113122182,0.0,-0.01235398145316454,-0.03652398628750174,-0.00292743661711033,-0.023214428279539786,0.008806710494855641,-0.005550923811635384,0.2177126875648993
B_low,bank,105560,2025Q4,장후,0.1123246784164298,2,0.07101360268136675,0.00357884863542309,0.06743475404594367,-0.00193701121052311,0.06225789159701659,0.0017645654972095678,0.060493326099807024,-0.01085511039400112,1.165432492346941,0.5542608108936294,0.6111716814533116,-0.13124065909885033,0.0003022614487195388,0.017423079291460485,-0.012883567322097562,-0.0006461734756579122,0.0,0.06827387403442858,-0.02253154918082522,0.03245279633268391,0.022925746691093093,-0.011988254633129311,-0.012675505135158319,0.06172864868856819
B_low,bank,316140,2025Q4,장후,-0.291378460701141,2,0.03149285603870278,0.00357884863542309,0.027914007403279685,-0.008757620315187068,0.03149285603870278,0.0017645654972095678,0.02972829054149321,-0.005733815084831197,0.3000741668571319,0.5542608108936294,-0.25418664403649754,-0.11600713595945691,0.01185968541666789,-0.004967333170893587,-0.025741426186907175,-0.03008128992446272,0.0,0.018127934630160575,-0.01177918758643149,0.040399507735014654,-0.029918862844499513,-0.01727811592622678,-0.010128031855721191,-0.0659667754896116
B_low,bank,024110,2026Q1,장후,-0.9363846941085192,2,-0.012011196661292191,0.005065603839096604,-0.017076800500388796,0.014923006443320619,0.0108487065914859,-0.009491643903259489,0.02034035049474539,-0.00790984182596225,-0.16344867339732083,0.1901907371704571,-0.3536394105677779,0.05989753876417746,-0.021802128662759997,-0.03700705544014424,-0.00835218026208285,-0.014928230023350156,0.0,-0.033494719378056245,0.025810852525136693,0.008086908663817716,-0.006307598470587802,0.006690575769499196,0.004175213795304554,-0.36567920227044615
B_low,bank,316140,2026Q1,장후,-0.0580041322589988,2,-0.05769816644146565,0.005065603839096604,-0.06276377028056225,0.0217060722527052,0.056230323293298384,-0.009491643903259489,0.06572196719655787,-0.013629043609938458,1.418401039307501,0.1901907371704571,1.228210302137044,0.3745631350475392,-0.02613183790115751,-0.03707043272023594,-0.028420545055305314,-0.017669732612388783,0.0,-0.08462227993837977,0.017872225625571996,0.002330427432526906,-0.016393761557650238,0.007196614437826726,0.0037895868280664706,-0.24442138151817336
B_low,bank,139130,2026Q1,장후,0.0028116748724282,2,-0.017629826836248995,-0.015255099725818407,-0.0023747271104305884,0.0015521505682108906,0.012359913049278907,0.012584582276115489,-0.00022466922683658103,0.006357744622882841,0.10483742261190976,0.2159470317102592,-0.11110960909834944,-0.1290136884303713,-0.022108537459444407,-0.015867228263749644,0.0076330639137357215,-0.017124166736550435,0.0,-0.011868100819632344,0.05125770558915947,-0.0072341533648636915,-0.05653070637002162,-0.026826634767199653,0.006448279510250697,0.13797933247172356
B_low,bank,024110,2026Q2,장후,-0.1543299530883024,2,-0.04129425923714966,0.05552934626059921,-0.09682360549774888,0.010854321736822438,0.024276479997196607,0.03781492035191488,-0.013538440354718274,-0.007207975513164739,0.6710744274238415,0.6412878506067248,0.029786576817116717,0.14948227370139405,-0.035725687550755274,0.010193435569835096,0.014150636275606362,0.01412089967010234,0.0,-0.09627574870479116,0.00786014496692815,0.01221303070805681,-0.012726399947299379,-0.013375969067683218,-0.01477566854427045,0.0011094985411839176
B_low,bank,139130,2026Q2,장후,-0.2046238457669396,2,-0.06539036061698295,0.05552934626059921,-0.12091970687758216,0.008335878450248416,0.042937805703443306,0.03781492035191488,0.005122885351528425,-0.0032415704183450028,0.7166441906224662,0.6412878506067248,0.07535634001574143,0.28477140882228175,0.015871961356082806,-0.023466217523099582,0.028245997234485985,0.03043958427880964,0.0,-0.11070144180832639,-0.03223290025299602,0.05920804482930724,0.002409433266872138,0.014962707586283267,5.969960256311038e-05,-0.5236688234387875
B_low,bank,138930,2026Q2,장중,-1.9025326545074936,2,-0.08679156735744102,0.020069344965611285,-0.10686091232305231,0.015027091545507068,0.06747629481074449,0.02300219404819568,0.04447410076254881,0.00291292058724922,1.1417317306422505,0.409056154153967,0.7326755764882835,-0.017360387290852597,0.010873842975474286,-0.019113353879801405,-0.010860507537541525,0.01732083746310171,0.0,-0.09109442179232222,-0.12333907524528917,-0.01311198085514622,-0.017319729205600504,0.005610858598705561,-0.0006625362726785395,-0.008855046878554956
B_high,securities,138040,2024Q1,장후,0.4156061535497051,1,-0.07007193714075693,-0.03223965499987146,-0.03783228214088547,0.02145876383811792,0.04748755245997509,0.010345761874962207,0.03714179058501288,0.01297005652034357,0.9409558759700772,0.9708583098336391,-0.02990243386356184,0.5704564133006478,-1.648411801362902e-06,0.0006138846895363589,-0.01908861666177433,0.030599940753542956,0.0,-0.03540757006698475,0.017829182131591473,-0.01647859663426875,0.005196818693217139,0.011734438805493335,-0.012511880602486411,0.13498926973575043
B_high,securities,016360,2024Q2,장후,1.184454674967904,2,0.010860951392986129,0.023178772770578393,-0.012317821377592264,0.011338930024586788,-0.004573549270058697,0.012223481249259694,-0.01679703051931839,-0.005609833667407298,-0.02081681200982144,0.4477983873352642,-0.46861519934508566,-0.7816560363513526,-0.02717348885364646,-0.007551031340319278,-0.027238763737576673,-0.018630995905188033,0.0,-0.02843667734493835,-0.029387398677962338,-0.04444258012196123,-0.00599846408717232,0.019747616184503953,0.008477954248974288,-0.17443704988963415
B_high,securities,006800,2024Q3,장전,1.738929707685971,1,-0.020113343362079244,-0.016498282095982662,-0.0036150612660965815,0.007249305181143889,0.012316403828390776,0.0018659267311259137,0.010450477097264863,-0.003686791030129479,0.0004503121290179435,0.0037522178552668733,-0.00330190572624893,-0.28897631572552474,-0.004615929931399289,-0.04179037443029862,0.02560880868348389,0.0006336132434784335,0.0,-0.006031759119321509,-0.009263916386765894,-0.02716762340471146,-0.009738566891632163,-0.00389716065801971,-0.008299425952068139,0.1342545690670752
B_high,securities,016360,2024Q3,장후,0.957939278377771,1,0.003099447108037025,-0.029509039558260536,0.03260848666629756,-0.02346653384738787,-0.010838697982848991,0.014876684193403789,-0.025715382176252778,-0.0033816151949105835,0.03626229448519136,0.23156010110454622,-0.19529780661935486,0.1119747328271471,0.03993678984260968,0.003548691990352879,0.0807357437481458,0.03588108269262982,0.0,0.0646289483210452,0.0499090459725396,0.006708141362148527,0.025119270711830975,-0.011603449371692498,-0.0025832746366532093,0.9929709466866705
B_high,securities,039490,2024Q4,장전,2.3165926321517394,2,-0.06530890675181802,0.008405859957370665,-0.0737147667091887,0.00788716041459395,0.041890705373288095,0.0102281147525979,0.0316625906206902,0.0011256512296797172,1.0103488763341342,0.05781259985185133,0.9525362764822829,0.10795684972135537,0.004597340213999518,-0.017581893735419067,0.013730782145240804,0.016271806578402073,0.0,-0.09581589539303392,-0.04480642394445414,0.01765925067632177,0.008268797848306725,-0.006935484891922063,0.006741967476235437,0.8565670977047037
B_high,securities,006800,2024Q4,장전,2.3629353854976003,1,-0.016198866821483637,-0.007965769509884053,-0.008233097311599585,-0.0146681160357482,-0.002518640841326126,-0.0026474207910262967,0.0001287799497001708,0.0030303352088543005,0.01079352619038279,-0.17829183686704492,0.1890853630574277,-0.5102621266312903,0.027525250003544544,0.005424009193453389,0.009962050778778101,-0.0007286920876457071,0.0,0.00035331865746166414,5.3533874591300996e-05,0.014210992312113958,0.019377436056719214,0.005732863686201142,0.001582713029206752,0.1975550115851773
B_high,securities,003540,2025Q1,장후,0.6078336581679243,1,-0.02463226564413847,-0.0030689844879648737,-0.021563281156173595,-0.009352279987890679,-0.011930405484368117,0.0030689844879648737,-0.01499938997233299,0.01264415183583491,0.04893633253583263,0.7632139761850325,-0.7142776436491999,0.7111515455154231,-0.008728978094296659,0.020681205839344248,-0.012671925000814387,-0.019184358146292563,0.0,-0.02554409223658547,-0.022191220655055903,-0.029405421302482082,-0.05926340549119414,0.0018910468873080313,-0.004582002282912754,-0.9021525668077569
B_high,securities,071050,2025Q1,장후,1.6003301685580456,1,0.04446617183952757,-0.0030689844879648737,0.047535156327492445,-0.027651234733022105,0.03858573169359672,0.0030689844879648737,0.035516747205631846,0.009046297455530605,0.9648265067256968,0.7632139761850325,0.2016125305406643,0.2570002437165551,0.017177604485679978,0.0357593425800741,0.05620007191123552,0.017455543185282182,0.0,0.0728536687599468,0.021315625303401732,0.013492272779027918,0.028076541710166096,0.0072125568520788,-0.011412591084802077,-0.17794099952109477
B_high,securities,005940,2025Q2,장후,1.8527493520114209,1,-0.013448930388075552,0.0034248777357583082,-0.01687380812383386,0.02705063859777268,0.007364537791258235,-0.006915656975610179,0.014280194766868414,-0.023549594757315245,0.7916544378998044,0.14345620487094912,0.6481982330288553,-0.43316867939352655,0.004966465219848254,-0.02408963874372906,-0.00959381054861723,0.034956621147213346,0.0,-0.015625880708890802,0.0036334273135743764,-0.010086714035982686,-0.006095696159296789,-0.01742790079227776,0.005221954866375403,-0.22527600486123697
B_high,securities,071050,2025Q2,장후,3.5467022897702605,2,-0.03990966584284136,-0.018661906184051384,-0.02124775965878998,0.007830491500971011,0.027884651481135645,-0.005326061111425797,0.03321071259256144,0.007459117435294234,0.6256732636329169,0.6890761436385244,-0.06340288000560756,0.17681472663312015,-0.005881115003721373,-0.015477265678582458,0.008245163031145801,0.006918837901170004,0.0,-0.02248663560878758,-0.03699299660896161,0.019429649889312717,0.020991488314895928,0.022567185337294685,-0.02651365457601965,-0.2728090195007583
B_high,securities,005940,2025Q3,장후,4.064345881549437,1,0.02370352189700496,0.0006964781310179469,0.023007043765987015,0.015861177136866543,-0.006554060685094388,-0.012614690640691912,0.006060629955597524,-0.004778004776829305,0.19500817991867903,0.2924374387412854,-0.09742925882260639,0.4963895388291378,-0.05337988809172145,-0.06129965200250102,-0.08752959831236064,-0.10308373799732232,0.0,-0.038051531514794075,-0.02681354188337056,-0.022740659596237396,0.008463830171979832,0.0028776369883478925,0.0007252147956853475,-0.6394970697831632
B_high,securities,071050,2025Q3,장후,3.627364866602441,2,0.023684069652142557,0.03174939897228677,-0.008065329320144213,-0.022957922211491455,0.00980994845987922,0.023893651884538535,-0.014083703424659314,-0.014812362958706624,0.683843691884617,0.3511598366242474,0.33268385526036964,0.12103095237916298,0.03413308380037401,0.006545882786943208,0.02145579661472296,-0.00449266895495613,0.0,0.0034630895292726005,0.018128527088554308,0.04646294704936532,-0.06047560183803178,0.001106576905227581,0.008302789407778302,-0.3402255763730416
B_high,securities,005940,2025Q4,장후,4.082876512415229,1,0.018585958919397818,-0.06474835774507877,0.08333431666447659,0.026770051855485616,0.017876771117410203,0.019199990182866163,-0.0013232190654559606,0.031863548221817514,0.4343064161794956,-0.1407897289904888,0.5750961451699844,0.3590145622750072,0.019361312239989485,-0.09982770250811228,-0.059625979697204734,-0.039854809599247115,0.0,0.04734488075156166,-0.08546411297930107,0.033343709053811184,-0.08357356365345533,0.04123828000701952,-0.027604595776366394,0.1603823881331781
B_high,securities,071050,2025Q4,장중,1.744897350699652,1,-0.015702228669694864,-0.01638497839034084,0.0006827497206459768,0.09612428776601126,0.012536502039218148,0.008907415924005506,0.0036290861152126416,0.04336784185172409,0.6555092375611375,-0.01638035437390928,0.6718895919350468,0.6720985137904361,-0.11258613089256925,-0.16425011377472554,-0.0827557906470814,-0.04747944801089495,0.0,-0.172846825919168,0.011383732030351496,0.004963145216032999,-0.007299325705895709,0.037514155901141766,0.05799783012119489,-0.20266928446126115
B_high,securities,006800,2026Q1,장중,5.099493596816419,2,-0.04141109643824061,-0.0070768548515831,-0.034334241586657516,0.004154610381516766,-0.003685303511785032,-0.0014396012051998905,-0.0022457023065851414,-0.002182853688317797,-0.4179404385566141,0.024524901643709462,-0.4424653402003236,-0.28277557130332526,-0.03681126308932134,0.14617326436164133,-0.005339251394784302,0.07765772068139067,0.0,-0.025236238562952408,0.02923994361320791,-0.003900563853062186,0.07328455781324156,0.02548704294023895,-0.022115224535773227,-0.03636811786090653
B_low,securities,039490,2024Q1,장중,-0.315167029266605,2,-0.004404495057684657,0.021384234858826942,-0.0257887299165116,-0.012234480800303505,-0.002243102645169791,0.004949644384409417,-0.007192747029579208,-0.003542704705643481,0.22446270611765035,0.2990235371850624,-0.07456083106741207,0.3296495000412464,-0.044461714529346726,0.006045967631802375,0.020260065348370132,-0.03657274930005648,0.0,-0.04518019379487209,-0.02828863837784338,-0.03701767191505155,-0.01580157326697882,0.0009404338957578907,-0.020123953439787554,-0.29140120922220936
B_low,securities,006800,2024Q1,장후,-0.6998992968128386,2,0.06578783545634286,0.009412970805153055,0.0563748646511898,0.007047611126255825,0.052618332511676955,0.016998275795805526,0.03562005671587143,0.010502952141143924,0.9476108778224723,1.011057295706276,-0.06344641788380367,0.7236979720976792,-0.005098631751364522,0.018577538257577624,0.009237207635635828,0.029239298347077607,0.0,0.0667659471489751,-0.004812264420478794,-0.0061084403374765065,0.01526665420650958,-0.05368058119141861,0.0013943612056432804,-0.7460088739176114
B_low,securities,005940,2024Q2,장후,0.1240717464258521,1,0.02099411990228984,-0.02285685191832095,0.04385097182061079,-0.04114011162662518,0.00982532774393746,0.001733690543563364,0.008091637200374096,-0.014786559929428851,0.21891308829297101,0.18626724263832947,0.03264584565464154,-0.4958938715280464,0.031570385616603455,0.03744971947508461,0.029175027593547374,-0.01681680146309341,0.0,0.0601266380650392,0.024501052029309293,0.08283891615492783,-0.004728907326422163,0.015304900082903243,-0.006229206289400095,-0.04792203197879663
B_low,securities,003540,2024Q2,장후,-0.4453510335879918,2,-0.0028652855263970505,0.023178772770578393,-0.026044058296975443,0.010873643277000813,-0.0006364350469321607,0.012223481249259694,-0.012859916296191855,-0.007991683873411379,-0.6199631908076263,0.4477983873352642,-1.0677615781428904,-0.7308550022978537,-0.00224023090540295,-0.024645795271825637,-0.008868610649854669,-0.002089137997387209,0.0,-0.03361281326186953,-0.01762219246724445,-0.01653640174618483,0.0005703532453476927,0.017803573278868456,0.002915897212973662,-0.5513290390920922
B_low,securities,039490,2024Q3,장전,0.0594210136208012,1,0.017224984984754277,0.015179441716478781,0.002045543268275496,-0.0033769027232894485,-0.0015753593460285167,0.007814837450762425,-0.009390196796790942,0.008402899019955256,0.43024060857094354,0.17158688938534397,0.25865371918559954,-0.13723997020869014,-0.037150892573192054,0.02236866768875518,0.005226882774100649,-0.01312403352013638,0.0,0.009629486385979213,-0.014610150101617266,0.016522606045373818,-0.010722635276421923,-0.013671517298657497,0.0010206708103624737,-0.26002925752008854
B_low,securities,003540,2024Q3,장후,-0.3900944900276112,1,-0.019006973569909602,-0.029509039558260536,0.010502065988350934,-0.016182258779728835,0.015580019506476465,0.014876684193403789,0.0007033353130726765,-0.0008494465404244624,0.6672137847597671,0.23156010110454622,0.4356536836552209,-0.3467243108719025,0.030891040112417105,0.0010592975807493929,0.050323864171873775,0.022484950350569178,0.0,0.031453896431472825,0.03557995106330044,0.0042546625309233,0.008750124958813103,0.003589697853901055,0.015386759516074665,1.8300892265270339
B_low,securities,005940,2024Q4,마감직전,0.3697871169977691,1,-0.0048000589350614235,0.024777489424625383,-0.029577548359686807,-0.009741557337868021,0.00020295120587317077,0.0231036502962221,-0.022900699090348926,-0.010279253027124619,-0.1980748997314823,0.2939170365707476,-0.49199193630222987,-0.36448148708578787,-0.008394331871167254,0.0005971482695493972,0.0206732203038845,-0.01089909020755828,0.0,-0.021064005677586664,-0.03730031244390361,0.008559187241057777,0.007224926411827298,0.02111502905863125,-0.006180942469633853,0.1768020497352481
B_low,securities,138040,2024Q4,장후,-0.112656258743612,1,0.005894667491593112,-0.00439347746480211,0.010288144956395223,-0.02484770873631348,-0.015697469508744677,-0.005079984571365418,-0.01061748493737926,0.008523400962214434,-0.39287241879775436,-0.11758633065504148,-0.2752860881427129,0.1398862510947477,0.06621654237117447,0.016027373857839724,0.03923945423355074,0.031293496169083,0.0,0.04084351828272481,0.03932904174508464,0.04999688398144667,0.0427772832690603,-0.024205016220674253,-0.011260445043051761,0.2558169198448781
B_low,securities,005940,2025Q1,장후,-0.6555205998735426,1,-0.017319133507629144,0.032243041984874085,-0.04956217549250323,-0.028969675348527832,-0.009058602993173362,0.028795279183258665,-0.03785388217643203,-0.023223404012502134,0.1268386305746979,1.1405717549987089,-1.0137331244240109,-0.2863686959650439,0.028732274889539215,0.027267610387395294,0.04104929501880401,0.006760102833436688,0.0,-0.028800318866668187,0.017099052119194623,0.019099122799408636,0.03452857060635765,0.01142723034272813,0.0004972042889907369,-0.47821679254489347
B_low,securities,016360,2025Q1,장후,-0.0769679652568149,1,-0.03128611260291374,-0.0030689844879648737,-0.028217128114948864,-0.01729686697804109,0.01472904153362294,0.0030689844879648737,0.011660057045658066,0.01314381398599138,0.45462917503156247,0.7632139761850325,-0.30858480115347003,0.48855273637659796,0.000465392607248271,0.03534630860624904,0.04089254516039738,0.016542430293180938,0.0,-0.009567792781533743,0.02409980901280369,-0.006205473178360286,0.013891504287567299,0.016057470731038644,-0.004820746070904269,0.22064927439998205
B_low,securities,016360,2025Q2,장후,-0.37057727259743,2,-0.03064592816136817,-0.018661906184051384,-0.011984021977316787,-0.004405891807349325,0.021774039758812445,-0.005326061111425797,0.027100100870238245,-0.0031079609931646546,0.4683047160728432,0.6890761436385244,-0.22077142756568124,0.029409315570731898,0.0145975054622077,0.0001846211928692035,0.0318119766398062,0.02225095191522342,0.0,0.0017849890647045202,0.016160278057787407,0.028944571646766254,0.0025535842597147213,0.009547649944227452,-0.0014134416812644768,-0.2451701525153231
B_low,securities,138040,2025Q2,장후,-0.0334725444830734,1,0.062137073359418586,-0.014618092511020576,0.07675516587043917,0.01691824015577168,0.05448115437947275,0.0037720452753788663,0.05070910910409388,0.0013369992653215331,1.3718649137038956,0.9304762075816211,0.44138870612227454,0.3981690430800473,-0.016639896271413986,-0.00048751130270946984,-0.01878777426042808,0.009893025755175668,0.0,0.07155073465456399,-0.029681354546022966,0.016213300665301557,0.02583206050625609,0.05540442555147911,-0.04581111002756941,-0.8655628449213792
B_low,securities,006800,2025Q3,장중,0.2516771776891207,1,-0.021448879207605617,-0.0023647563664553556,-0.019084122841150263,-0.03478003058246832,0.018071795784864023,-0.007455147359924518,0.02552694314478854,0.007441289987814469,0.8683662909483296,-0.12250719541018373,0.9908734863585134,0.5496283040445296,-0.003880320716843154,0.022934209167750037,0.036786822319868434,-0.03233292065108642,0.0,-0.038638115794851866,0.00987298616042689,0.02065136023571213,-0.10256586181257878,0.015759374614620576,-0.025722398875672212,-0.3618294445766328
B_low,securities,138040,2025Q3,장후,0.0318483221143153,1,-0.11053477021499676,0.07269008541690476,-0.18322485563190152,0.006008180211954052,0.08398857254552167,0.05551774961170265,0.028470822933819015,-0.025641275366989458,1.180938353394606,0.9684902900439137,0.21244806335069233,0.000647452802560039,-0.04363783919562733,-0.08869051570774422,-0.011057092630364838,-0.08357393793191616,0.0,-0.22861673272503202,-0.05077310915904333,-0.05662544123200673,-0.025313610129495238,0.001644296841521592,2.254918658464722e-05,0.15959142682398414
B_low,securities,003540,2025Q4,장후,-0.457648143310579,1,0.12424286351635333,0.02634771423927904,0.0978951492770743,0.046490917246783905,0.11446294166913686,0.018721668273556598,0.09574127339558025,0.022836844630663725,1.1129791470589592,0.46572664442882183,0.6472525026301373,0.14763805679983738,-0.0007474640449898311,-0.18103648465666183,-0.032610772304684926,-0.04994797951065659,0.0,0.04502660917367565,-0.022844451085679836,0.01139586854066078,0.11363642297553472,0.032253387279442325,-0.017088590517306206,-0.2712136715179852
B_low,securities,138040,2025Q4,장후,-0.1757465906576881,1,0.006442787412960963,0.02634771423927904,-0.019904926826318076,0.015098629436582259,-0.005577841071343894,0.018721668273556598,-0.024299509344900494,0.02768119893382566,0.05380689997285301,0.46572664442882183,-0.4119197444559688,0.326745573086959,0.01330109629202611,-0.12072362113347543,0.026845161608033206,-0.023520983282446232,0.0,-0.040724596129490545,0.10488488669268625,0.05390387150453052,0.013265612447229326,0.06160793275485507,0.01728787435969847,-0.19302184578094916
B_low,securities,138040,2026Q1,장후,0.9466051360634012,2,0.005079420407371259,0.028033403817917114,-0.022953983410545855,0.06272451856446809,-0.016382860783261087,0.0008068700414421877,-0.017189730824703275,0.03566403725855236,0.22756183141570183,0.2795547226095598,-0.051992891193858,0.5463811767123244,-0.14285273802984677,-0.05582680589265427,-0.03826558386168921,-0.03251438139385732,0.0,-0.07684588524615538,0.003579018712179697,-0.01406923132632329,-0.05627765067141989,0.005846781611456806,-0.009925948685076609,-0.12747108497562393
