ticker,fiscal_q,rel_day,date,ret,mkt_ret,ar,abn_logvol
005940,2020Q4,-5,2021-01-22,-0.004301081899392,-0.0064144634405476,0.004739844213106383,0.16737467106671033
005940,2020Q4,-4,2021-01-25,0.0213227694688225,0.0215328634195053,0.0010458595920326275,-0.07930847289654608
005940,2020Q4,-3,2021-01-26,-0.0299808322119368,-0.0216347030237731,-0.004973281096154164,-0.2198629937602803
005940,2020Q4,-2,2021-01-27,0.0043384015985985,-0.0056683428503649,0.012596618108824533,-0.2697883696850987
005940,2020Q4,-1,2021-01-28,-0.026317308317374,-0.0172851136034193,-0.0058726461635747115,-0.21400756051793302
005940,2020Q4,0,2021-01-29,-0.0179377006866658,-0.0307174174940101,0.01659797218864599,0.2969145958183219
005940,2020Q4,1,2021-02-01,0.0656691035078562,0.0266296292990286,0.04004548741905826,0.36337375415934936
005940,2020Q4,2,2021-02-02,-0.0127933514599085,0.0130922731649931,-0.024215752926153914,-0.21576638560343753
005940,2020Q4,3,2021-02-03,-0.004301081899392,0.010558172725025,-0.01306511315901983,-0.29015962518826655
006800,2020Q4,-5,2021-01-22,-0.0071487232544775,-0.0064144634405476,0.0024264129497102932,0.10810175928126142
006800,2020Q4,-4,2021-01-25,0.0112108797492176,0.0215328634195053,-0.008418395181684324,-0.1840705850176434
006800,2020Q4,-3,2021-01-26,-0.0265997710973486,-0.0216347030237731,-0.0011197815743113106,0.19426940838711104
006800,2020Q4,-2,2021-01-27,0.0194801315848227,-0.0056683428503649,0.028275586333923016,0.007335257904436787
006800,2020Q4,-1,2021-01-28,-0.008199287505203,-0.0172851136034193,0.012735465962273713,0.2560508574811209
006800,2020Q4,0,2021-01-29,-0.0270159846356179,-0.0307174174940101,0.0079552642461303,0.3947098452889968
006800,2020Q4,1,2021-02-01,0.0341940302219985,0.0266296292990286,0.009238734417964183,0.11705216127971774
006800,2020Q4,2,2021-02-02,0.0050958120869388,0.0130922731649931,-0.005713210758675159,0.14033264829796366
006800,2020Q4,3,2021-02-03,-0.0010170871503305,0.010558172725025,-0.009178024492918284,0.04386301024832484
029780,2020Q4,-5,2021-01-22,-0.015408625352844,-0.0064144634405476,-0.011308392838067867,0.08438425889191237
029780,2020Q4,-4,2021-01-25,0.003100777678247,0.0215328634195053,-0.006238183325824961,-0.3689604175296832
029780,2020Q4,-3,2021-01-26,-0.0171745048899101,-0.0216347030237731,-0.005755227294848526,-0.11913704927741442
029780,2020Q4,-2,2021-01-27,0.0078431774610265,-0.0056683428503649,0.011584618630566852,-0.12055401687481826
029780,2020Q4,-1,2021-01-28,-0.0365991524483302,-0.0172851136034193,-0.02727148720103928,0.1427255492941022
029780,2020Q4,0,2021-01-29,-0.0379897045427419,-0.0307174174940101,-0.022202769244559096,0.5648867108156281
029780,2020Q4,1,2021-02-01,0.0396091380950451,0.0266296292990286,0.027819265656109492,0.09185712702790205
029780,2020Q4,2,2021-02-02,0.0080580613297627,0.0130922731649931,0.002777976024669773,-0.05967842029942538
029780,2020Q4,3,2021-02-03,0.0048038523126443,0.010558172725025,0.0007423546162864487,-0.3555482195839197
016360,2020Q4,-5,2021-01-25,0.0060716640685498,0.0215328634195053,-0.015573723606395359,-0.27698223207734607
016360,2020Q4,-4,2021-01-26,-0.0220327149998826,-0.0216347030237731,0.0024568640929168196,0.2414735725179078
016360,2020Q4,-3,2021-01-27,0.0086260547197678,-0.0056683428503649,0.016051723180265993,0.10794799016222534
016360,2020Q4,-2,2021-01-28,-0.0248459985865316,-0.0172851136034193,-0.005005005918566469,-0.03166099582337445
016360,2020Q4,-1,2021-01-29,-0.0516243654053063,-0.0307174174940101,-0.01742771304499023,0.3545323072094426
016360,2020Q4,0,2021-02-01,0.0235612993383966,0.0266296292990286,-0.0035312132001600223,-0.07763713472646216
016360,2020Q4,1,2021-02-02,0.0090148710962161,0.0130922731649931,-0.003609708064917101,-0.09445922775806537
016360,2020Q4,2,2021-02-03,0.007662872745568,0.010558172725025,-0.0022534082830384513,-0.45575033911809726
016360,2020Q4,3,2021-02-04,-0.0270809586026707,-0.0135528290920756,-0.011228813027229612,-0.053675174019153005
003540,2020Q4,-5,2021-01-29,-0.0203673028244342,-0.0307174174940101,-0.0008036850100722678,-0.45678448842451225
003540,2020Q4,-4,2021-02-01,0.0163268932874292,0.0266296292990286,0.006395254687207058,-0.9832298950506342
003540,2020Q4,-3,2021-02-02,0.0080645598367308,0.0130922731649931,0.005095577775561489,-0.9696708804300425
003540,2020Q4,-2,2021-02-03,0.0159365922628129,0.010558172725025,0.014270971864309756,-0.9047550719837147
003540,2020Q4,-1,2021-02-04,-0.0159365922628129,-0.0135528290920756,-0.005201222187047858,-0.7659311428669469
003540,2020Q4,0,2021-02-05,0.0198813705538292,0.0106569549926067,0.01816494355804736,-0.5091883240770354
003540,2020Q4,1,2021-02-08,0.0039292781398891,-0.0094625652102759,0.012560906371154505,-0.2765153141610224
003540,2020Q4,2,2021-02-09,0.0459851132418229,-0.002127644648759,0.050844178196668505,0.513411508285845
003540,2020Q4,3,2021-02-10,0.0367688477870888,0.0051445588587295,0.0378876066730533,1.7939553666819084
105560,2020Q4,-5,2021-01-29,-0.0196566525495516,-0.0307174174940101,0.008226071917212804,0.3719897065517319
105560,2020Q4,-4,2021-02-01,0.0436962717356994,0.0266296292990286,0.027150095357445017,-0.06290461946497139
105560,2020Q4,-3,2021-02-02,-0.005955943752852,0.0130922731649931,-0.01201422429309822,-0.0845568699284307
105560,2020Q4,-2,2021-02-03,0.0023866359777304,0.010558172725025,-0.0017083822242653316,0.08043287690846235
105560,2020Q4,-1,2021-02-04,0.0023809535057424,-0.0135528290920756,0.016965629706703532,-0.046753390321072175
105560,2020Q4,0,2021-02-05,0.0532533223366318,0.0106569549926067,0.04908177381935283,0.5150971240911257
105560,2020Q4,1,2021-02-08,0.0156602752987584,-0.0094625652102759,0.027076071172014497,0.4063240269485
105560,2020Q4,2,2021-02-09,-0.0066815393334831,-0.002127644648759,-0.0009483806064746548,0.09160234229714348
105560,2020Q4,3,2021-02-10,0.0166208812360402,0.0051445588587295,0.01671999206298791,-0.20479290943596773
024110,2020Q4,-5,2021-02-01,0.041281658973304,0.0266296292990286,0.03043855878946229,-0.0035890455148219758
024110,2020Q4,-4,2021-02-02,0.0036697288889619,0.0130922731649931,0.00012679976186765656,-0.6490915843585316
024110,2020Q4,-3,2021-02-03,0.0060864460564022,0.010558172725025,0.003910059000269302,-0.48121822702084494
024110,2020Q4,-2,2021-02-04,-0.0159024757940589,-0.0135528290920756,-0.005076734822263996,-0.5839457456778483
024110,2020Q4,-1,2021-02-05,0.0146881465616566,0.0106569549926067,0.012458490060324817,-0.4497851114475111
024110,2020Q4,0,2021-02-08,0.0311029856342788,-0.0094625652102759,0.03972300595362659,0.3701625175510195
024110,2020Q4,1,2021-02-09,-0.008279172069022,-0.002127644648759,-0.0036145898911073213,-0.31011506837093883
024110,2020Q4,2,2021-02-10,0.0059206804097282,0.0051445588587295,0.0066636453206884595,-0.5267861539398897
024110,2020Q4,3,2021-02-15,0.0,0.0148604021204956,-0.004496412488081119,-0.6243591296498803
055550,2020Q4,-5,2021-02-01,0.0257663207642302,0.0266296292990286,0.00959523969583246,-0.41113287780381746
055550,2020Q4,-4,2021-02-02,0.0157731976770936,0.0130922731649931,0.00969883403852799,-0.5668334080594626
055550,2020Q4,-3,2021-02-03,-0.0015661710327457,0.010558172725025,-0.005750498254463054,-0.33439612883539027
055550,2020Q4,-2,2021-02-04,-0.0173917427118688,-0.0135528290920756,-0.0035930923205961113,-0.46764171041594516
055550,2020Q4,-1,2021-02-05,0.0142520227072022,0.0106569549926067,0.009994019604243686,-0.021235505498506058
055550,2020Q4,0,2021-02-08,0.034006367985194,-0.0094625652102759,0.0447543312098531,0.2568200442241686
055550,2020Q4,1,2021-02-09,-0.0091603693986641,-0.002127644648759,-0.003883091849009461,-0.07659350762630446
055550,2020Q4,2,2021-02-10,0.0106789725758549,0.0051445588587295,0.01053234141096076,-0.5815538181609572
055550,2020Q4,3,2021-02-15,-0.0045627455584185,0.0148604021204956,-0.011955852551776178,-0.6347789223076798
086790,2020Q4,-5,2021-01-29,-0.0551144683148745,-0.0307174174940101,-0.029393792426803123,0.48475255042840537
086790,2020Q4,-4,2021-02-01,0.0737797625342331,0.0266296292990286,0.056164437650663535,0.42571709675197056
086790,2020Q4,-3,2021-02-02,-0.00857148105014,0.0130922731649931,-0.0159569003208236,-0.1950122332779145
086790,2020Q4,-2,2021-02-03,-0.0014357504261042,0.010558172725025,-0.006906201363401819,-0.05615551088824766
086790,2020Q4,-1,2021-02-04,-0.0247285327757236,-0.0135528290920756,-0.011978788397266196,0.01929977707167474
086790,2020Q4,0,2021-02-05,0.0627880946000676,0.0106569549926067,0.057242995905587395,0.36908656909866977
086790,2020Q4,1,2021-02-08,0.0299749962207958,-0.0094625652102759,0.03963381109807784,0.6043275926502947
086790,2020Q4,2,2021-02-09,-0.0258342035547638,-0.002127644648759,-0.021718239458638402,0.026039679071949706
086790,2020Q4,3,2021-02-10,0.0123204843880397,0.0051445588587295,0.010940991709391702,-0.3394389380181231
316140,2020Q4,-5,2021-02-01,0.021361126999368,0.0266296292990286,0.007590947759218869,-0.23307816485915822
316140,2020Q4,-4,2021-02-02,0.0033314855910031,0.0130922731649931,-0.001645404232736518,-0.28566457851312776
316140,2020Q4,-3,2021-02-03,0.0088300794482716,0.010558172725025,0.0054992332358739515,-0.05925015737198969
316140,2020Q4,-2,2021-02-04,-0.009939341902557,-0.0135528290920756,0.002391290758626506,-0.2047307105436733
316140,2020Q4,-1,2021-02-05,0.0348999432390044,0.0106569549926067,0.03150493227689826,-0.011816363781917971
316140,2020Q4,0,2021-02-08,0.008537938738037,-0.0094625652102759,0.01821171035884913,-0.04815888425621928
316140,2020Q4,1,2021-02-09,0.0,-0.002127644648759,0.004909319928385233,-0.2673444114790495
316140,2020Q4,2,2021-02-10,0.017904638385481,0.0051445588587295,0.018090244945965624,-0.01033099571165863
316140,2020Q4,3,2021-02-15,0.0072803233681248,0.0148604021204956,0.0011549323542467665,-0.1878370514996064
138040,2020Q4,-5,2021-02-02,0.0185572335602177,0.0130922731649931,0.015486906431254641,-0.03562006769218229
138040,2020Q4,-4,2021-02-03,-0.0020449904877271,0.010558172725025,-0.004172582592739833,-0.18245488755732175
138040,2020Q4,-3,2021-02-04,0.0,-0.0135528290920756,0.006842173069644989,0.030947393958594915
138040,2020Q4,-2,2021-02-05,0.0051046563116834,0.0106569549926067,0.002940315267313049,0.464828523246112
138040,2020Q4,-1,2021-02-08,0.033052583121421,-0.0094625652102759,0.03837309787091664,0.7082447420693949
138040,2020Q4,0,2021-02-09,0.0291282729230246,-0.002127644648759,0.031720053482599014,1.0950105727616055
138040,2020Q4,1,2021-02-10,0.0283037761628524,0.0051445588587295,0.02819015450565828,0.5769716047428428
138040,2020Q4,2,2021-02-15,0.0365337433324555,0.0148604021204956,0.032805637582360166,0.7401392640771203
138040,2020Q4,3,2021-02-16,-0.0090090699423655,0.0051503620049651,-0.00912485048368241,0.5109244717568657
139130,2020Q4,-5,2021-02-02,0.0060975798681184,0.0130922731649931,0.0006603549043100489,-0.673140049973119
139130,2020Q4,-4,2021-02-03,-0.0015209128407072,0.010558172725025,-0.005247769607456512,-0.7892417859572038
139130,2020Q4,-3,2021-02-04,0.0030395160178962,-0.0135528290920756,0.015586162091358168,-0.9184468656926228
139130,2020Q4,-2,2021-02-05,0.0401540932233785,0.0106569549926067,0.036360564257595415,0.3367894241837881
139130,2020Q4,-1,2021-02-08,0.0144720326085341,-0.0094625652102759,0.024257992029379602,0.05948922572187598
139130,2020Q4,0,2021-02-09,0.0170944333593006,-0.002127644648759,0.021929754416131274,0.30281652317621344
139130,2020Q4,1,2021-02-10,-0.0042462908814506,0.0051445588587295,-0.004319277879649539,-0.22874614851348873
139130,2020Q4,2,2021-02-15,-0.0056899157776797,0.0148604021204956,-0.012320523405447793,-0.4933470025507951
139130,2020Q4,3,2021-02-16,0.0099362066591304,0.0051503620049651,0.009859302879809566,-0.9429443271129827
175330,2020Q4,-5,2021-02-01,0.0191210414467768,0.0266296292990286,0.006428852399715067,-0.3532082221042323
175330,2020Q4,-4,2021-02-02,0.0335226920386446,0.0130922731649931,0.028813992520509264,-0.44540261532980274
175330,2020Q4,-3,2021-02-03,0.0091158334080088,0.010558172725025,0.0059015885032723545,-0.5201230436342641
175330,2020Q4,-2,2021-02-04,0.0036231923694209,-0.0135528290920756,0.014628114681153815,-0.5620151482387232
175330,2020Q4,-1,2021-02-05,0.0320312081336755,0.0106569549926067,0.028758707599769385,-0.22336934397313968
175330,2020Q4,0,2021-02-08,0.0104530568520893,-0.0094625652102759,0.019045796271714217,-0.23425502839343437
175330,2020Q4,1,2021-02-09,0.0,-0.002127644648759,0.004267060098006829,-0.46820777747456965
175330,2020Q4,2,2021-02-10,0.0051858370323643,0.0051445588587295,0.005164204421143477,-0.1723025574989574
175330,2020Q4,3,2021-02-15,0.0102916860365489,0.0148604021204956,0.004540254181147511,-0.1408330662717301
039490,2020Q4,-5,2021-02-03,0.0266682470821617,0.010558172725025,0.011741515272108576,0.1762608570999138
039490,2020Q4,-4,2021-02-04,-0.0165841280155358,-0.0135528290920756,0.006345366270831043,0.16254734195748455
039490,2020Q4,-3,2021-02-05,-0.0033500868852804,0.0106569549926067,-0.018431914857834644,-0.04673075946307392
039490,2020Q4,-2,2021-02-08,0.0394788109737866,-0.0094625652102759,0.05598625961153137,0.19963393475450353
039490,2020Q4,-1,2021-02-09,0.0160003413464409,-0.002127644648759,0.02099137049724731,0.3009193971381805
039490,2020Q4,0,2021-02-10,-0.0487901641694321,0.0051445588587295,-0.055217083650001476,0.6607289474115277
039490,2020Q4,1,2021-02-15,-0.0033389012655149,0.0148604021204956,-0.025020481752079143,-0.18491946312672525
039490,2020Q4,2,2021-02-16,0.0066666913581894,0.0051503620049651,0.00023066046791453063,-0.3916286973583709
039490,2020Q4,3,2021-02-17,-0.0235304974101939,-0.0093759979798591,-0.00715896633705547,-0.33971788414454807
138930,2020Q4,-5,2021-02-03,0.0034782643763247,0.010558172725025,0.000990359058516015,-0.5115611703416647
138930,2020Q4,-4,2021-02-04,-0.0228280325562018,-0.0135528290920756,-0.014759937227589542,-0.7251262834419858
138930,2020Q4,-3,2021-02-05,0.0245626383684101,0.0106569549926067,0.022031485337861922,-0.4431091039944395
138930,2020Q4,-2,2021-02-08,0.006908490343811,-0.0094625652102759,0.013185833529155328,-0.26585894738799
138930,2020Q4,-1,2021-02-09,-0.006908490343811,-0.002127644648759,-0.003842437455575093,-0.6905169452024538
138930,2020Q4,0,2021-02-10,0.0120587163201264,0.0051445588587295,0.011940936968280611,-0.03232446907100872
138930,2020Q4,1,2021-02-15,-0.003430535096788,0.0148604021204956,-0.007801992853609359,-0.2790330212948824
138930,2020Q4,2,2021-02-16,0.0068493418455748,0.0051503620049651,0.006729021827195162,-0.7905583851252871
138930,2020Q4,3,2021-02-17,0.0068027473227516,-0.0093759979798591,0.013042190642002828,0.01679313436309826
071050,2020Q4,-5,2021-02-04,-0.0236977914298233,-0.0135528290920756,-0.007041556761676206,-0.2420751559175791
071050,2020Q4,-4,2021-02-05,0.0213531244705684,0.0106569549926067,0.011327342230599358,-0.3646975952118261
071050,2020Q4,-3,2021-02-08,0.0093458624182378,-0.0094625652102759,0.021494147338832717,-0.3029103502971875
071050,2020Q4,-2,2021-02-09,0.0069525193148827,-0.002127644648759,0.011016862893517856,-0.540196953016503
071050,2020Q4,-1,2021-02-10,0.0,0.0051445588587295,-0.00395047622592635,-0.5237843794786272
071050,2020Q4,0,2021-02-15,0.0572225636940295,0.0148604021204956,0.04256409051611582,0.6300788567911653
071050,2020Q4,1,2021-02-16,-0.0142781118642894,0.0051503620049651,-0.0182349838368873,-0.19168035346341306
071050,2020Q4,2,2021-02-17,-0.0077734983333801,-0.0093759979798591,0.004279379362698047,-0.27699762262762917
071050,2020Q4,3,2021-02-18,0.0187747093953536,-0.0151344104212896,0.037174031883699346,0.1776468548682324
316140,2021Q1,-5,2021-04-14,0.0048192864359499,0.0041879581098065,0.0021407988737859197,-0.32085122799554533
316140,2021Q1,-4,2021-04-15,0.0,0.003748079926952,-0.002434062620911618,0.16576972699199466
316140,2021Q1,-3,2021-04-16,-0.0145281005629094,0.0013421157917381,-0.0156252529542917,0.12416919097270984
316140,2021Q1,-2,2021-04-19,0.0,6.876813490386269e-05,-0.00038959757655646163,-0.3264998807588686
316140,2021Q1,-1,2021-04-20,0.0145281005629094,0.0068104405114279,0.01039239113356386,-0.16194018557941625
316140,2021Q1,0,2021-04-21,-0.0243321006595316,-0.0153436296516247,-0.016157567141692846,0.5781828398368045
316140,2021Q1,1,2021-04-22,0.0339015516756813,0.0018459420425944,0.03252444063536623,0.8947704929543008
316140,2021Q1,2,2021-04-23,0.0,0.0011197618692975,-0.0009735980835121296,0.47875137881664287
316140,2021Q1,3,2021-04-26,0.0094787439545438,0.0113932072252449,0.002796551138527282,0.45199459816896237
105560,2021Q1,-5,2021-04-16,-0.024368591016957,0.0013421157917381,-0.027502123686225344,0.8560854817941799
105560,2021Q1,-4,2021-04-19,-0.0076190844764401,6.876813490386269e-05,-0.010114045461945694,-0.6001004250885646
105560,2021Q1,-3,2021-04-20,0.0151805571770164,0.0068104405114279,0.009304711907672066,-0.3930733658912846
105560,2021Q1,-2,2021-04-21,-0.0132703369208968,-0.0153436296516247,-0.008036127673479904,0.020574231682516597
105560,2021Q1,-1,2021-04-22,0.0207750625749643,0.0018459420425944,0.017388865854675473,-0.08533210859013529
105560,2021Q1,0,2021-04-23,0.014842573037928,0.0011197618692975,0.011820548736293644,0.560359798711076
105560,2021Q1,1,2021-04-26,0.0128089582925809,0.0113932072252449,0.004634899302083934,0.5933013485859782
105560,2021Q1,2,2021-04-27,0.0,-0.0006560310630643,-0.002131481112784023,-0.4950843741876625
105560,2021Q1,3,2021-04-28,0.0,-0.0106146175730543,0.0028626548731348176,-0.38035312854257874
055550,2021Q1,-5,2021-04-16,-0.0147951589167458,0.0013421157917381,-0.01729451139076721,-0.16070794664989307
055550,2021Q1,-4,2021-04-19,-0.0027137058715958,6.876813490386269e-05,-0.004572431562223273,-0.860003550451383
055550,2021Q1,-3,2021-04-20,0.0188430878014784,0.0068104405114279,0.013592597209813713,-0.414421449891778
055550,2021Q1,-2,2021-04-21,-0.0202027073175194,-0.0153436296516247,-0.014307388175709614,-0.1420620948954472
055550,2021Q1,-1,2021-04-22,0.012170535620255,0.0018459420425944,0.009417705952677555,-0.384610811580016
055550,2021Q1,0,2021-04-23,0.0066979486841276,0.0011197618692975,0.004310463442392377,0.3368325552602638
055550,2021Q1,1,2021-04-26,0.0211368503093165,0.0113932072252449,0.013580749711491836,0.26907011489330124
055550,2021Q1,2,2021-04-27,0.0194180858571026,-0.0006560310630643,0.017924009817580813,-0.06529879973586361
055550,2021Q1,3,2021-04-28,0.0140040480840166,-0.0106146175730543,0.01752018053610681,0.18968286195394413
086790,2021Q1,-5,2021-04-19,-0.0012202564052294,6.876813490386269e-05,-0.0019922741017925397,-1.0486181732048916
086790,2021Q1,-4,2021-04-20,0.0324352757531531,0.0068104405114279,0.02639353867170164,-0.1884446134785822
086790,2021Q1,-3,2021-04-21,-0.0178895647507744,-0.0153436296516247,-0.006614273286171301,-0.38317908166044923
086790,2021Q1,-2,2021-04-22,0.0107720969819098,0.0018459420425944,0.008610927266585524,-0.12440984471047045
086790,2021Q1,-1,2021-04-23,0.0212022076506031,0.0011197618692975,0.019608666488317068,0.05223830618486325
086790,2021Q1,0,2021-04-26,0.0023282897595908,0.0113932072252449,-0.007295628899286103,0.08035262390438191
086790,2021Q1,1,2021-04-27,0.0207142043875645,-0.0006560310630643,0.02050873578599812,-0.30959130001866164
086790,2021Q1,2,2021-04-28,0.0113251493570523,-0.0106146175730543,0.01890394457710453,-0.2279884442995126
086790,2021Q1,3,2021-04-29,0.0089686699827602,-0.0023286473351316,0.010070624510072894,-0.035520876896077525
024110,2021Q1,-5,2021-04-20,0.0076211582810721,0.0068104405114279,0.003498315368297124,-0.3601851345397211
024110,2021Q1,-4,2021-04-21,-0.0087146521024443,-0.0153436296516247,-0.0023547115980536507,-0.26014325859638276
024110,2021Q1,-3,2021-04-22,0.0097986630487021,0.0018459420425944,0.008024903705700434,-0.048499938039338275
024110,2021Q1,-2,2021-04-23,0.0075553516444504,0.0011197618692975,0.006125203629863082,0.2110185253306387
024110,2021Q1,-1,2021-04-26,0.0096308930609598,0.0113932072252449,0.0033395930403591787,0.34761257492757736
024110,2021Q1,0,2021-04-27,0.0074270898436168,-0.0006560310630643,0.006837205156114531,0.19694918102529435
024110,2021Q1,1,2021-04-28,0.0136485058315596,-0.0106146175730543,0.01777078937124995,0.8446464335333221
024110,2021Q1,2,2021-04-29,-0.0083770123380482,-0.0023286473351316,-0.00817545446032152,0.3942740265292066
024110,2021Q1,3,2021-04-30,0.0187505493453752,-0.0082918065776276,0.021773733513940605,0.6210270254446435
029780,2021Q1,-5,2021-04-20,0.0086957069675541,0.0068104405114279,0.004931583669753228,-0.12256133311221085
029780,2021Q1,-4,2021-04-21,-0.0160003413464409,-0.0153436296516247,-0.00934218165663345,-0.09903357652061828
029780,2021Q1,-3,2021-04-22,0.0073046343788867,0.0018459420425944,0.005876037129027238,-0.7565212432397406
029780,2021Q1,-2,2021-04-23,0.0014545457109953,0.0011197618692975,0.00036757666806970534,-0.22822546086327478
029780,2021Q1,-1,2021-04-26,0.0172914971100599,0.0113932072252449,0.011371431757094418,-0.1946315840907964
029780,2021Q1,0,2021-04-27,0.0113637586503152,-0.0006560310630643,0.01111220343122663,0.5499424532420463
029780,2021Q1,1,2021-04-28,-0.0099362066591286,-0.0106146175730543,-0.005502789500690261,0.16519573518804798
029780,2021Q1,2,2021-04-29,-0.0071582267001701,-0.0023286473351316,-0.006622907092698048,0.10350289663409562
029780,2021Q1,3,2021-04-30,0.014265577158822,-0.0082918065776276,0.01760623829803279,0.3222920535344631
175330,2021Q1,-5,2021-04-20,0.0046047663867483,0.0068104405114279,0.0002889484269133942,-0.09594068852479687
175330,2021Q1,-4,2021-04-21,0.0015302221807687,-0.0153436296516247,0.005324836693726626,0.3017453351578787
175330,2021Q1,-3,2021-04-22,0.0091324835632722,0.0018459420425944,0.006634129811883654,0.28917949281442823
175330,2021Q1,-2,2021-04-23,0.0120483385161751,0.0011197618692975,0.00981583366818255,-0.20689367686440185
175330,2021Q1,-1,2021-04-26,0.0133830993756287,0.0113932072252449,0.007389566228588028,-0.008926983140746358
175330,2021Q1,0,2021-04-27,0.0405265298999939,-0.0006560310630643,0.03894412900841125,1.0040744275184963
175330,2021Q1,1,2021-04-28,0.018271766235955,-0.0106146175730543,0.020335126273144755,0.9365657008420154
175330,2021Q1,2,2021-04-29,-0.0196912128901818,-0.0023286473351316,-0.020661281996785248,0.30552683723932894
175330,2021Q1,3,2021-04-30,0.0362661779843946,-0.0082918065776276,0.037479175014389056,0.8577265295527319
005940,2021Q1,-5,2021-04-23,0.0247946586132155,0.0011197618692975,0.023543230336583572,0.4884179922327565
005940,2021Q1,-4,2021-04-26,0.012170535620255,0.0113932072252449,0.0020269922741908853,0.12508136167946837
005940,2021Q1,-3,2021-04-27,0.0040241502997258,-0.0006560310630643,0.004309748263750734,0.004175815784048353
005940,2021Q1,-2,2021-04-28,-0.0121213605323458,-0.0106146175730543,-0.0032161715637839122,0.13915298255104425
005940,2021Q1,-1,2021-04-29,-0.004073325387635,-0.0023286473351316,-0.002340005082865153,-0.025957674180641988
005940,2021Q1,0,2021-04-30,0.0478178743504926,-0.0082918065776276,0.054712569084623255,1.2688156996573596
005940,2021Q1,1,2021-05-03,-0.0396877482672426,-0.0065848711279148,-0.034270480619065374,0.8248411662363981
005940,2021Q1,2,2021-05-04,0.0160646025038069,0.0064292008131268,0.010217623230709794,0.41010732780422465
005940,2021Q1,3,2021-05-06,0.0504961640145324,0.0041408519651984,0.04662985048401425,1.0289083705638618
138930,2021Q1,-5,2021-04-23,0.0116111609276785,0.0011197618692975,0.007961277080128441,-0.0015634643560016315
138930,2021Q1,-4,2021-04-26,0.0043196611445157,0.0113932072252449,-0.0023777907530609646,0.13548511851315226
138930,2021Q1,-3,2021-04-27,0.029726180265202,-0.0006560310630643,0.026603076832266783,0.21628128694966264
138930,2021Q1,-2,2021-04-28,0.0220698612870293,-0.0106146175730543,0.02190092454498925,0.6325504980186505
138930,2021Q1,-1,2021-04-29,-0.0013651879253391,-0.0023286473351316,-0.00399211780265639,-0.0823956675725448
138930,2021Q1,0,2021-04-30,0.0467062874059447,-0.0082918065776276,0.04584829997733875,1.0812756513679957
138930,2021Q1,1,2021-05-03,-0.0131235479298066,-0.0065848711279148,-0.014487889532671248,0.5410503653587657
138930,2021Q1,2,2021-05-04,-0.0132980683046319,0.0064292008131268,-0.018522971625022578,0.12385923405000554
138930,2021Q1,3,2021-05-06,0.0559677603282491,0.0041408519651984,0.051421684664465804,0.9000985737187168
139130,2021Q1,-5,2021-04-23,0.0135054231998061,0.0011197618692975,0.010491404852309889,0.3450504826323133
139130,2021Q1,-4,2021-04-26,0.0109158148769967,0.0113932072252449,0.004617622225365206,0.5670753515090912
139130,2021Q1,-3,2021-04-27,0.0226604806566079,-0.0006560310630643,0.020214140757369697,0.015829594878359998
139130,2021Q1,-2,2021-04-28,0.0140517534556501,-0.0106146175730543,0.014788935032260673,0.6987853948572162
139130,2021Q1,-1,2021-04-29,-0.0128732029362055,-0.0023286473351316,-0.014784847493123912,-0.04216129341515007
139130,2021Q1,0,2021-04-30,0.0426577642937324,-0.0082918065776276,0.04265239885517566,1.4452106541080774
139130,2021Q1,1,2021-05-03,-0.0113508596686884,-0.0065848711279148,-0.01190189146828916,0.3590602563826444
139130,2021Q1,2,2021-05-04,-0.0301297414520291,0.0064292008131268,-0.034841060203094874,0.6012577253477271
139130,2021Q1,3,2021-05-06,0.058268908123976,0.0041408519651984,0.05428911966531727,0.9045770294964885
006800,2021Q1,-5,2021-04-29,-0.0110196737619254,-0.0023286473351316,-0.008785312804591123,-0.1740387172614426
006800,2021Q1,-4,2021-04-30,0.0120245979747242,-0.0082918065776276,0.019585380014819558,0.29499527589285357
006800,2021Q1,-3,2021-05-03,-0.0272873782545541,-0.0065848711279148,-0.02125126738229711,0.25300275656973525
006800,2021Q1,-2,2021-05-04,-0.0051743880326498,0.0064292008131268,-0.010762723924339829,-0.04078086092970601
006800,2021Q1,-1,2021-05-06,0.0424558530698053,0.0041408519651984,0.038911519199972405,0.5405362974716574
006800,2021Q1,0,2021-05-07,0.0097967237444009,0.0115673388366488,-0.00038110667220282897,0.15725791667481026
006800,2021Q1,1,2021-05-10,0.057218590376042,0.0161641920573636,0.04293475257082376,1.6266920560637104
006800,2021Q1,2,2021-05-11,-0.0139534969816104,-0.0123462735734456,-0.002771178502913309,0.5787928682026351
006800,2021Q1,3,2021-05-12,-0.0432650933944316,-0.0149961516562484,-0.02971584726664502,0.9526300976688997
016360,2021Q1,-5,2021-04-30,0.0201309344069766,-0.0082918065776276,0.026184161446869716,0.27991184457068385
016360,2021Q1,-4,2021-05-03,-0.0285393923563841,-0.0065848711279148,-0.023894284626835682,0.031984158672925034
016360,2021Q1,-3,2021-05-04,0.0060132472234517,0.0064292008131268,-7.747340505471784e-05,-0.05800261028335463
016360,2021Q1,-2,2021-05-06,0.037651506203689,0.0041408519651984,0.0334485360475951,0.4737223134295139
016360,2021Q1,-1,2021-05-07,0.0046083030861936,0.0115673388366488,-0.005721073064614498,0.1807559724362484
016360,2021Q1,0,2021-05-10,0.0656155271652085,0.0161641920573636,0.05149402297112975,1.5437935353822123
016360,2021Q1,1,2021-05-11,0.0096412101923863,-0.0123462735734456,0.019039129189393066,0.7306748038260498
016360,2021Q1,2,2021-05-12,-0.0391354289436005,-0.0149961516562484,-0.0275515195513028,0.8588223756212088
016360,2021Q1,3,2021-05-13,-0.0246926125903712,-0.0125880886214098,-0.015095210690465202,0.7266896801391045
039490,2021Q1,-5,2021-05-06,0.034819765159229,0.0041408519651984,0.032765012660579115,-0.2062651062325429
039490,2021Q1,-4,2021-05-07,0.0150946262224849,0.0115673388366488,0.0037626867503167613,-0.6012820689013925
039490,2021Q1,-3,2021-05-10,0.0511060109334948,0.0161641920573636,0.034031670302262604,0.9171374138350004
039490,2021Q1,-2,2021-05-11,-0.0325526030377485,-0.0123462735734456,-0.014011594859049188,0.5109380680431119
039490,2021Q1,-1,2021-05-12,-0.0260722403097748,-0.0149961516562484,-0.004220997445857699,0.4816743674225261
039490,2021Q1,0,2021-05-13,-0.0503007384747977,-0.0125880886214098,-0.031457654300838994,0.8134055077914297
039490,2021Q1,1,2021-05-14,0.003960401216096,0.0099467980316347,-0.005347154411252194,-0.07319021731334097
039490,2021Q1,2,2021-05-17,-0.0199607425625369,-0.0059798291899539,-0.009372713487485102,-0.0067290221279581175
039490,2021Q1,3,2021-05-18,0.0160003413464409,0.012217227277544,0.003856559521020809,-0.29481369416860126
316140,2021Q2,-5,2021-07-15,0.0,0.006536373132258,-0.008812455984542474,-0.6496475311217775
316140,2021Q2,-4,2021-07-16,0.0,-0.002837080784543,0.0019486832217292837,-0.7320048625835867
316140,2021Q2,-3,2021-07-19,-0.0044150182091158,-0.0100813996996187,0.005850463173857617,-0.596851438820897
316140,2021Q2,-2,2021-07-20,-0.0044345970678669,-0.0035017924128251,-0.0017227955305773191,-0.6951357271393785
316140,2021Q2,-1,2021-07-21,0.0,-0.0052073477412974,0.004669854404098018,-0.38636670695904485
316140,2021Q2,0,2021-07-22,0.0349380513612818,0.010609259099759,0.02144974235003483,0.5774548901279868
316140,2021Q2,1,2021-07-23,-0.0393924017106623,0.0012944507531393,-0.04218689922110806,2.8188156926891175
316140,2021Q2,2,2021-07-26,-0.0180185055026775,-0.009096617262621,-0.008883597864076906,0.5981993153264877
316140,2021Q2,3,2021-07-27,0.0090498355199173,0.0023476903155685,0.005046172460736273,0.2957857020844106
005940,2021Q2,-5,2021-07-16,-0.0039447782910162,-0.002837080784543,-0.0009341785737857237,-0.17475936513129753
005940,2021Q2,-4,2021-07-19,-0.0039604012160978,-0.0100813996996187,0.007609118868127342,-0.4971089235437862
005940,2021Q2,-3,2021-07-20,-0.0119761910467151,-0.0035017924128251,-0.008180256785247152,-0.647295737576778
005940,2021Q2,-2,2021-07-21,-0.0080645598367308,-0.0052073477412974,-0.0022535690310900866,-0.6226081298823107
005940,2021Q2,-1,2021-07-22,0.02794593039056,0.010609259099759,0.015070129516316446,-0.1874455740370511
005940,2021Q2,0,2021-07-23,0.0233473639969901,0.0012944507531393,0.021476697464171683,0.6263085744630512
005940,2021Q2,1,2021-07-26,-0.0272921422880063,-0.009096617262621,-0.01688610969734496,-0.29858352426007606
005940,2021Q2,2,2021-07-27,0.0,0.0023476903155685,-0.0031150338291615035,-0.6206876080283159
005940,2021Q2,3,2021-07-28,0.0156865961676988,0.001338635846686,0.013763726425509324,-0.5678417988159019
086790,2021Q2,-5,2021-07-15,0.0161108202726989,0.006536373132258,0.009084944023397261,-0.45916258166531954
086790,2021Q2,-4,2021-07-16,0.0,-0.002837080784543,0.0023125898071245732,-0.30905365363967974
086790,2021Q2,-3,2021-07-19,-0.0230957147946497,-0.0100813996996187,-0.013565846608516586,-0.3621637377259894
086790,2021Q2,-2,2021-07-20,-0.0176787161687936,-0.0035017924128251,-0.01470389587191348,0.36548204136491513
086790,2021Q2,-1,2021-07-21,0.0035608346230091,-0.0052073477412974,0.00823484400042093,-0.0942322071409798
086790,2021Q2,0,2021-07-22,0.0394940990391603,0.010609259099759,0.028410539496507254,0.3573819724187466
086790,2021Q2,1,2021-07-23,0.0045454623716736,0.0012944507531393,0.0027419422188883274,0.28207954927752077
086790,2021Q2,2,2021-07-26,-0.0068259650703996,-0.009096617262621,0.0017227965308508454,-0.26309150185965535
086790,2021Q2,3,2021-07-27,0.0079591096675688,0.0023476903155685,0.005106281331233293,-0.5207855552287715
105560,2021Q2,-5,2021-07-16,0.0134230203321408,-0.002837080784543,0.017762790047731722,-0.17689663530800992
105560,2021Q2,-4,2021-07-19,-0.0270286723879191,-0.0100813996996187,-0.013723150879740952,-0.034720397948499127
105560,2021Q2,-3,2021-07-20,-0.0058881426252224,-0.0035017924128251,-0.000725709034298549,-0.13539142118227865
105560,2021Q2,-2,2021-07-21,-0.0039447782910162,-0.0052073477412974,0.0033284935888991604,-0.2512275185594177
105560,2021Q2,-1,2021-07-22,0.023438572972017,0.010609259099759,0.011136813327196264,0.1701148825743335
105560,2021Q2,0,2021-07-23,0.0076923456231554,0.0012944507531393,0.00691882770959193,-0.022839868948951292
105560,2021Q2,1,2021-07-26,-0.0076923456231554,-0.009096617262621,0.004394384304568386,-0.4316645802025665
105560,2021Q2,2,2021-07-27,0.0057747994938832,0.0023476903155685,0.0036977657349278356,-0.26102025255622685
105560,2021Q2,3,2021-07-28,0.0076482208382575,0.001338635846686,0.006820018338563019,-0.23805593466840413
024110,2021Q2,-5,2021-07-20,-0.009756174945366,-0.0035017924128251,-0.008717731425814598,-0.5040821126753734
024110,2021Q2,-4,2021-07-21,0.0,-0.0052073477412974,0.0023092750062979903,-0.8589893139838125
024110,2021Q2,-3,2021-07-22,0.0145987994211527,0.010609259099759,0.005122914690000162,-0.12066795895877114
024110,2021Q2,-2,2021-07-23,-0.0097088141269594,0.0012944507531393,-0.012244113851997024,-0.337318550829238
024110,2021Q2,-1,2021-07-26,0.0,-0.009096617262621,0.005207220376718223,-0.7968706423497913
024110,2021Q2,0,2021-07-27,0.0097088141269594,0.0023476903155685,0.006388731887583093,-0.15487407979440881
024110,2021Q2,1,2021-07-28,0.0,0.001338635846686,-0.002568222613663165,-0.9598371138166115
024110,2021Q2,2,2021-07-29,0.0,0.0017871093505785,-0.0029023860618983266,-0.712824434361023
024110,2021Q2,3,2021-07-30,-0.0048426244757866,-0.0125152981567087,0.0029118995567075654,-0.4401632278021239
029780,2021Q2,-5,2021-07-20,-0.0014214643473771,-0.0035017924128251,0.001925381104688326,-0.05162945159320742
029780,2021Q2,-4,2021-07-21,-0.0100072314762442,-0.0052073477412974,-0.004995995917109298,-0.3474294789591905
029780,2021Q2,-3,2021-07-22,0.014265577158822,0.010609259099759,0.003841954924606098,-0.6531798850160992
029780,2021Q2,-2,2021-07-23,-0.0085349024498384,0.0012944507531393,-0.009868538213050289,-0.6904892414662545
029780,2021Q2,-1,2021-07-26,-0.0071684894786123,-0.009096617262621,0.0016381443340732884,-0.7405432372792742
029780,2021Q2,0,2021-07-27,0.011445046245873,0.0023476903155685,0.00908359187202035,-0.5945850987754469
029780,2021Q2,1,2021-07-28,-0.0100072314762442,0.001338635846686,-0.011383985883191288,-0.6344224433279919
029780,2021Q2,2,2021-07-29,0.0028694424279525,0.0017871093505785,0.0010550388572986816,-0.6346251833221537
029780,2021Q2,3,2021-07-30,0.002861232281031,-0.0125152981567087,0.01500403383003017,0.01430693129781524
055550,2021Q2,-5,2021-07-20,-0.0171621374023871,-0.0035017924128251,-0.012828434859190614,0.35314734818451754
055550,2021Q2,-4,2021-07-21,0.0,-0.0052073477412974,0.006450990098477291,-0.2836175619914858
055550,2021Q2,-3,2021-07-22,0.0236853177415099,0.010609259099759,0.01050146851681256,0.15967775231860948
055550,2021Q2,-2,2021-07-23,-0.0026041681383883,0.0012944507531393,-0.004224553274360266,-0.380663115544035
055550,2021Q2,-1,2021-07-26,-0.0104850239716256,-0.009096617262621,0.0007941307833494483,-0.6806215356893706
055550,2021Q2,0,2021-07-27,0.0117879557520428,0.0023476903155685,0.00886007212509065,-0.2965055715770113
055550,2021Q2,1,2021-07-28,0.0332937280994638,0.001338635846686,0.03161849129897319,0.3071354246074396
055550,2021Q2,2,2021-07-29,0.0087774858212235,0.0017871093505785,0.006545511075728611,0.3057502477759435
055550,2021Q2,3,2021-07-30,-0.0227282510775577,-0.0125152981567087,-0.0072051234700504195,0.2311717022174289
175330,2021Q2,-5,2021-07-21,0.0014015419252881,-0.0052073477412974,0.002305221151768842,-0.4140981563394721
175330,2021Q2,-4,2021-07-22,0.0180435151939342,0.010609259099759,0.013198314074456412,0.10463897142427392
175330,2021Q2,-3,2021-07-23,0.0109440216793181,0.0012944507531393,0.009484484701864079,-0.12384295388846667
175330,2021Q2,-2,2021-07-26,-0.0068259650703996,-0.009096617262621,-0.0045086485615382955,-0.4352578162678782
175330,2021Q2,-1,2021-07-27,0.0122533868057654,0.0023476903155685,0.010411027628778803,-0.18045482597790574
175330,2021Q2,0,2021-07-28,0.0410925938995276,0.001338635846686,0.039616996915118385,1.598260720350968
175330,2021Q2,1,2021-07-29,0.0,0.0017871093505785,-0.0016386041665513605,0.3559943908043781
175330,2021Q2,2,2021-07-30,0.0051813587419964,-0.0125152981567087,0.00874126714168655,0.11968289005595523
175330,2021Q2,3,2021-08-02,-0.0038835000263972,0.0064494572064841,-0.007216733149980118,-0.005648478070956031
138930,2021Q2,-5,2021-07-23,-0.0052840281466064,0.0012944507531393,-0.006872586676731759,-0.33028458055606436
138930,2021Q2,-4,2021-07-26,-0.0106525641162065,-0.009096617262621,-0.006279154809635397,-1.2238118791936898
138930,2021Q2,-3,2021-07-27,0.0040080213975386,0.0023476903155685,0.0018151572863107871,-0.8188445672726861
138930,2021Q2,-2,2021-07-28,0.0224135948368999,0.001338635846686,0.020799684715755475,0.1817963399674145
138930,2021Q2,-1,2021-07-29,0.003903713480474,0.0017871093505785,0.0020324876915115728,-0.49823724821562365
138930,2021Q2,0,2021-07-30,0.0064725145056172,-0.0125152981567087,0.01280742242845814,0.11061986817407465
138930,2021Q2,1,2021-08-02,-0.0116808596127562,0.0064494572064841,-0.0162271490157995,-0.24377590104627167
138930,2021Q2,2,2021-08-03,-0.0026143805740712,0.0043651650739811,-0.0059647887994131385,-0.4971807542493014
138930,2021Q2,3,2021-08-04,0.0207261305171169,0.0132690428728814,0.012267043089752131,-0.01075361459347235
139130,2021Q2,-5,2021-07-23,0.0088889474172457,0.0012944507531393,0.007361038246800675,-0.3256389607118013
139130,2021Q2,-4,2021-07-26,-0.0055463259205552,-0.009096617262621,-0.0013876008305954129,-0.6602098373217196
139130,2021Q2,-3,2021-07-27,0.00111172885269,0.0023476903155685,-0.0009925780634958336,-0.9204348291654885
139130,2021Q2,-2,2021-07-28,0.0110498361865847,0.001338635846686,0.009497746203697609,0.14813509548301873
139130,2021Q2,-1,2021-07-29,0.0206641393029425,0.0017871093505785,0.01886661691712524,0.7013346634754303
139130,2021Q2,0,2021-07-30,0.0170761886799049,-0.0125152981567087,0.023105827122392484,1.0195024584454817
139130,2021Q2,1,2021-08-02,-0.0160003413464409,0.0064494572064841,-0.0203493884659145,-0.20040649203982852
139130,2021Q2,2,2021-08-03,-0.0118984637916152,0.0043651650739811,-0.015106857512284487,-0.07272877466676597
139130,2021Q2,3,2021-08-04,0.0183293541219047,0.0132690428728814,0.010248208489219418,0.0044398057809438285
071050,2021Q2,-5,2021-07-27,-0.0598511115288573,0.0023476903155685,-0.06286392740998273,1.3270279044155924
071050,2021Q2,-4,2021-07-28,-0.0081218720573481,0.001338635846686,-0.009226227349408261,0.21008658369204625
071050,2021Q2,-3,2021-07-29,-0.0102459912740382,0.0017871093505785,-0.012198560447323948,0.04085826135410642
071050,2021Q2,-2,2021-07-30,-0.0124353934078875,-0.0125152981567087,0.012662689190517608,-0.16736336533481477
071050,2021Q2,-1,2021-08-02,0.0,0.0064494572064841,-0.010770633420464616,-0.5504565461450959
071050,2021Q2,0,2021-08-03,0.0031233757822679,0.0043651650739811,-0.003705161831033708,0.2401693321519467
071050,2021Q2,1,2021-08-04,0.0185381209989117,0.0132690428728814,-0.0051306372299067884,0.024263284185321865
071050,2021Q2,2,2021-08-05,-0.0061412680220822,-0.0012964216472397,-0.0022618453991129685,-0.30651926716869937
071050,2021Q2,3,2021-08-06,-0.0061792163659593,-0.0017627085333344,-0.0014178887787365188,0.7511631790276425
006800,2021Q2,-5,2021-07-30,-0.0188295909158853,-0.0125152981567087,0.006021677020634386,0.21546689821650133
006800,2021Q2,-4,2021-08-02,0.0044888415627468,0.0064494572064841,-0.005376920411505112,-0.7114165333605413
006800,2021Q2,-3,2021-08-03,-0.0067408411632996,0.0043651650739811,-0.01279108161243175,-0.33510097615758383
006800,2021Q2,-2,2021-08-04,0.0144370477977702,0.0132690428728814,-0.007912701184238478,-0.19663008327871445
006800,2021Q2,-1,2021-08-05,-0.0010005003335837,-0.0012964216472397,0.0033134042736725367,-0.5772476383384877
006800,2021Q2,0,2021-08-06,0.0251509605658668,-0.0017627085333344,0.030318453603953445,0.638649167169568
006800,2021Q2,1,2021-08-09,-0.0219307034939699,-0.0030441059653654,-0.01441747426664951,0.16558260646644385
006800,2021Q2,2,2021-08-10,-0.0054471814973862,-0.005298602204677,0.006193146227909536,-0.5167770260928588
006800,2021Q2,3,2021-08-11,-0.0044687818753974,-0.006983471277616,0.010255880389456015,-0.16622303416773399
016360,2021Q2,-5,2021-08-02,-0.0022624444039696,0.0064494572064841,-0.011383093233995452,-0.4727408818581118
016360,2021Q2,-4,2021-08-03,-0.0011331445971691,0.0043651650739811,-0.0073234265492049455,-0.5173355900673524
016360,2021Q2,-3,2021-08-04,0.0179780122954085,0.0132690428728814,-0.0007304901981187578,-0.18111565122281448
016360,2021Q2,-2,2021-08-05,-0.0078256408313901,-0.0012964216472397,-0.0060561334880501,-0.8682393148388208
016360,2021Q2,-1,2021-08-06,0.0022421534056906,-0.0017627085333344,0.004667227032348151,-0.4892172205380696
016360,2021Q2,0,2021-08-09,0.0078081824478104,-0.0030441059653654,0.012034809961185264,0.17484860800940183
016360,2021Q2,1,2021-08-10,0.0219789067187754,-0.005298602204677,0.029375196009982757,0.8082579780062513
016360,2021Q2,2,2021-08-11,0.0140315308042584,-0.006983471277616,0.023796626486900462,0.3923244075335983
016360,2021Q2,3,2021-08-12,0.0117209652981564,-0.0038078236630241,0.017021325716076792,0.8063626339921797
039490,2021Q2,-5,2021-08-04,0.0375827111490441,0.0132690428728814,0.01573214583876042,-0.11569446459952815
039490,2021Q2,-4,2021-08-05,-0.0123712918025482,-0.0012964216472397,-0.00709360202898603,-0.6662560610052939
039490,2021Q2,-3,2021-08-06,-0.0041580101486626,-0.0017627085333344,0.001988141428555388,-1.002894389215001
039490,2021Q2,-2,2021-08-09,-0.004175371410481,-0.0030441059653654,0.0043573896944936056,-0.835568509907672
039490,2021Q2,-1,2021-08-10,-0.0084034107963795,-0.005298602204677,0.00432836153691038,-0.8234153163125537
039490,2021Q2,0,2021-08-11,0.0167367923555232,-0.006983471277616,0.032606642292203655,-0.0396368854678677
039490,2021Q2,1,2021-08-12,-0.0083333815591437,-0.0038078236630241,0.0016218078168628285,-0.2183973395954908
039490,2021Q2,2,2021-08-13,-0.0211424365738093,-0.0116276428368848,0.0033772075756779464,-0.18396600752357628
039490,2021Q2,3,2021-08-17,-0.0042826617920006,-0.0089320370615464,0.015216402273834074,-0.10045131803702567
105560,2021Q3,-5,2021-10-15,0.0217399866364065,0.008801351426884,0.013805755327172434,0.04260016577840098
105560,2021Q3,-4,2021-10-18,0.0017905107737874,-0.0027832926617854,0.0017038847106238266,-0.4472867656944093
105560,2021Q3,-3,2021-10-19,-0.0089847864078151,0.0074092932817908,-0.015976017421256452,-0.6026845497429907
105560,2021Q3,-2,2021-10-20,0.012556218775412,-0.0052663838414943,0.014151674545682905,-0.08275566937626166
105560,2021Q3,-1,2021-10-21,0.0229084907968708,-0.0019266987968649,0.022241595676095287,0.31162924828002936
105560,2021Q3,0,2021-10-22,0.0034782643763247,-0.0003891803369739,0.0017698320413354098,0.10651912244463624
105560,2021Q3,1,2021-10-25,0.0257083567102078,0.0047721487248395,0.020503565513248917,0.36550368108408726
105560,2021Q3,2,2021-10-26,0.0,0.0094042951133896,-0.008342674072006064,-0.012140613186799598
105560,2021Q3,3,2021-10-27,-0.0084962278290863,-0.0077668727870534,-0.005206904727482928,0.032753795310643596
005940,2021Q3,-5,2021-10-18,0.0038387763071661,-0.0027832926617854,0.004713921324037688,-0.2904660224346447
005940,2021Q3,-4,2021-10-19,0.007633624855071,0.0074092932817908,-0.0010507710683018475,-0.5721379468995273
005940,2021Q3,-3,2021-10-20,0.0,-0.0052663838414943,0.003204015425440209,-0.2168517142816384
005940,2021Q3,-2,2021-10-21,0.0075757938084581,-0.0019266987968649,0.0076475466178761355,-0.04631426113364867
005940,2021Q3,-1,2021-10-22,-0.0113853222251254,-0.0003891803369739,-0.012755595094477615,-0.39971904250224277
005940,2021Q3,0,2021-10-25,0.0113853222251254,0.0047721487248395,0.005174282081833766,0.286423275175677
005940,2021Q3,1,2021-10-26,0.0149815536156161,0.0094042951133896,0.004426062192965081,0.11973852138640417
005940,2021Q3,2,2021-10-27,-0.0149815536156161,-0.0077668727870534,-0.009432350562813684,0.563034900782549
005940,2021Q3,3,2021-10-28,-0.0113853222251254,-0.0052824764606285,-0.008166213667059108,0.3507530691256999
086790,2021Q3,-5,2021-10-18,0.0067644000885422,-0.0027832926617854,0.007888174711804141,-0.3240516482065239
086790,2021Q3,-4,2021-10-19,-0.00112422721228,0.0074092932817908,-0.009643342543776466,-0.7024948597762641
086790,2021Q3,-3,2021-10-20,0.0244456617460535,-0.0052663838414943,0.02791861204721638,0.22021533714208452
086790,2021Q3,-2,2021-10-21,0.0098307727831272,-0.0019266987968649,0.010144150474631564,0.2853681638006673
086790,2021Q3,-1,2021-10-22,0.0032555644597671,-0.0003891803369739,0.0021143435445770955,-0.21630899315249508
086790,2021Q3,0,2021-10-25,0.0246133345490253,0.0047721487248395,0.018589140025481243,0.11201857967167328
086790,2021Q3,1,2021-10-26,0.0010565241341993,0.0094042951133896,-0.009350000656304282,0.19135590490406962
086790,2021Q3,2,2021-10-27,-0.0235053556736524,-0.0077668727870534,-0.017666770207027643,0.30680413361972647
086790,2021Q3,3,2021-10-28,-0.0196512873972878,-0.0052824764606285,-0.01616311236745901,0.18559591205573867
316140,2021Q3,-5,2021-10-19,0.0287494132859862,0.0074092932817908,0.021081182933615605,0.19335453580605844
316140,2021Q3,-4,2021-10-20,0.0200407508834459,-0.0052663838414943,0.022033081078862912,0.3810891576870912
316140,2021Q3,-3,2021-10-21,0.0118344576470033,-0.0019266987968649,0.011281501364200081,0.31446795581315357
316140,2021Q3,-2,2021-10-22,0.0,-0.0003891803369739,-0.0017247508962706768,-0.04850642670791672
316140,2021Q3,-1,2021-10-25,0.0194180858571009,0.0047721487248395,0.013759712210444022,0.23468251612077218
316140,2021Q3,0,2021-10-26,0.0228146777661724,0.0094042951133896,0.0136259893112754,0.009031356253236922
316140,2021Q3,1,2021-10-27,0.0074906717291565,-0.0077668727870534,0.011388708785256538,0.14762291650620263
316140,2021Q3,2,2021-10-28,-0.0150378773645396,-0.0052824764606285,-0.013033282441959977,0.5077458075557235
316140,2021Q3,3,2021-10-29,0.003780722839906,-0.0129997223218305,0.011666890808185268,-0.017282326627315214
024110,2021Q3,-5,2021-10-20,0.0136056520557783,-0.0052663838414943,0.014731931097404442,0.8323598221012372
024110,2021Q3,-4,2021-10-21,0.0134230203321408,-0.0019266987968649,0.012811050519892071,0.6850481110592117
024110,2021Q3,-3,2021-10-22,0.0,-0.0003891803369739,-0.0014122218315266604,0.3420881990262927
024110,2021Q3,-2,2021-10-25,0.0219789067187754,0.0047721487248395,0.017880301528855197,0.3716497030557466
024110,2021Q3,-1,2021-10-26,0.0,0.0094042951133896,-0.006509558032262654,0.07157380914638978
024110,2021Q3,0,2021-10-27,-0.0087336799687545,-0.0077668727870534,-0.006305939266624016,0.1883386837873644
024110,2021Q3,1,2021-10-28,-0.0221738574943213,-0.0052824764606285,-0.021039202520117067,0.699808266216909
024110,2021Q3,2,2021-10-29,-0.0090090699423655,-0.0129997223218305,-0.003857720700874887,0.522102487937957
024110,2021Q3,3,2021-11-01,0.0134833503372853,0.0027766530463448,0.010423366463358261,-0.10486101477496135
029780,2021Q3,-5,2021-10-19,0.0028449521322304,0.0074092932817908,-0.0002577630231044639,0.011064559935350715
029780,2021Q3,-4,2021-10-20,-0.0085592533956688,-0.0052663838414943,-0.006944154141040837,-0.13664231965696594
029780,2021Q3,-3,2021-10-21,0.0113961347308695,-0.0019266987968649,0.011768222343985526,-0.23514456341259127
029780,2021Q3,-2,2021-10-22,-0.0056818334674311,-0.0003891803369739,-0.005882001417083597,-0.32005730957876466
029780,2021Q3,-1,2021-10-25,0.0085106896679079,0.0047721487248395,0.0063895046092244286,-0.1952718730624774
029780,2021Q3,0,2021-10-26,-0.0014134277971464,0.0094042951133896,-0.0052586712054082186,-0.4918430096448638
029780,2021Q3,1,2021-10-27,-0.005673774085908,-0.0077668727870534,-0.003128007170327961,0.08770059719073053
029780,2021Q3,2,2021-10-28,-0.0143268926207618,-0.0052824764606285,-0.012705803785482094,0.6500660847765705
029780,2021Q3,3,2021-10-29,-0.0116111609276767,-0.0129997223218305,-0.007117757392748905,0.43819294994392877
055550,2021Q3,-5,2021-10-19,-0.0012714559881974,0.0074092932817908,-0.008355720138591514,-0.5131125860352803
055550,2021Q3,-4,2021-10-20,0.0126423934151773,-0.0052663838414943,0.015344956741470583,-0.18853585704730946
055550,2021Q3,-3,2021-10-21,0.013724482425566,-0.0019266987968649,0.013848491482894899,0.27732307919785626
055550,2021Q3,-2,2021-10-22,-0.0074627212015894,-0.0003891803369739,-0.008525822526043053,-0.30961191300731983
055550,2021Q3,-1,2021-10-25,0.0111733005981236,0.0047721487248395,0.006125162688477303,0.1362130275730582
055550,2021Q3,0,2021-10-26,0.0049261183360567,0.0094042951133896,-0.003698476839783466,0.006064149734129387
055550,2021Q3,1,2021-10-27,-0.0286623982348857,-0.0077668727870534,-0.0240292197880324,0.19637878131982944
055550,2021Q3,2,2021-10-28,-0.0243134177428778,-0.0052824764606285,-0.02159842938511814,0.22375958329507384
055550,2021Q3,3,2021-10-29,-0.0091087161982414,-0.0129997223218305,-0.0004352805635295075,0.13767698828679897
175330,2021Q3,-5,2021-10-20,-0.0098630936551717,-0.0052663838414943,-0.01072781345010986,-0.08265064963904223
175330,2021Q3,-4,2021-10-21,-0.0121885165424977,-0.0019266987968649,-0.015561483921828259,0.1474721466231088
175330,2021Q3,-3,2021-10-22,0.0022271724128248,-0.0003891803369739,-0.0023005376777030274,-0.26419377674346656
175330,2021Q3,-2,2021-10-25,0.0077562715713579,0.0047721487248395,-0.0006478193690246893,0.16119235362734052
175330,2021Q3,-1,2021-10-26,-0.0144527251664801,0.0094042951133896,-0.026335757933522892,0.4372336847771532
175330,2021Q3,0,2021-10-27,0.0044692811822972,-0.0077668727870534,0.005482536487910621,0.0751127449022917
175330,2021Q3,1,2021-10-28,-0.0011154490838656,-0.0052824764606285,-0.0019680826273966658,0.2881094675569109
175330,2021Q3,2,2021-10-29,-0.0100954306653502,-0.0129997223218305,-0.005152079548396566,-0.0119971698748369
175330,2021Q3,3,2021-11-01,-0.0090600846244033,0.0027766530463448,-0.015965472199539293,-0.185803272027373
138930,2021Q3,-5,2021-10-22,-0.0043956114730381,-0.0003891803369739,-0.008313826732864897,-0.17565328620682052
138930,2021Q3,-4,2021-10-25,0.0098630936551717,0.0047721487248395,0.0030220582432748163,0.007598638457476881
138930,2021Q3,-3,2021-10-26,-0.0109650221413293,0.0094042951133896,-0.020429205709378832,0.10169986079211846
138930,2021Q3,-2,2021-10-27,0.0065934304798318,-0.0077668727870534,0.00685314456932873,-0.09642909566785285
138930,2021Q3,-1,2021-10-28,-0.0243914531241582,-0.0052824764606285,-0.02553863318181575,0.1628277556862816
138930,2021Q3,0,2021-10-29,-0.012422519998557,-0.0129997223218305,-0.009199484274298151,0.3027487305230441
138930,2021Q3,1,2021-11-01,-0.0068415318167183,0.0027766530463448,-0.012552533682483583,-0.10854108435399645
138930,2021Q3,2,2021-11-02,0.0034266167166485,0.0115313594222135,-0.007242106680604486,0.154617089698327
138930,2021Q3,3,2021-11-03,-0.0137774854403041,-0.0126162194353147,-0.010771624391726867,0.12103695848582419
139130,2021Q3,-5,2021-10-22,0.0285733724440575,-0.0003891803369739,0.025591903731821707,0.10647948031022914
139130,2021Q3,-4,2021-10-25,0.0093458624182378,0.0047721487248395,0.0048010738473124375,-0.10461173745869523
139130,2021Q3,-3,2021-10-26,0.0092593254127955,0.0094042951133896,0.0033115016253878766,-0.6435262541782194
139130,2021Q3,-2,2021-10-27,-0.0092593254127955,-0.0077668727870534,-0.010006157855887642,-0.30999458260521173
139130,2021Q3,-1,2021-10-28,-0.0187798946515975,-0.0052824764606285,-0.02027922825620072,-0.1885897149854614
139130,2021Q3,0,2021-10-29,-0.0191393402106978,-0.0129997223218305,-0.01830118989115684,-0.09238458917569403
139130,2021Q3,1,2021-11-01,0.0143887374520996,0.0027766530463448,0.010448366461367029,-0.6626847912849883
139130,2021Q3,2,2021-11-02,-0.0047732787526566,0.0115313594222135,-0.011365371067582966,-0.2941875497412312
139130,2021Q3,3,2021-11-03,-0.0390293439057352,-0.0126162194353147,-0.03830735313951369,0.30552392565915376
071050,2021Q3,-5,2021-10-27,-0.0191339545865432,-0.0077668727870534,-0.007916192640688312,-0.038403464859044334
071050,2021Q3,-4,2021-10-28,-0.0148829306917104,-0.0052824764606285,-0.006789800386023592,-0.051470260692855874
071050,2021Q3,-3,2021-10-29,0.0034542348680872,-0.0129997223218305,0.02125336511282876,-0.2988320603356911
071050,2021Q3,-2,2021-11-01,-0.002301496988279,0.0027766530463448,-0.004344354560958653,-0.3981306732142613
071050,2021Q3,-1,2021-11-02,0.0057438411792514,0.0115313594222135,-0.007309833086184086,-0.182845347582683
071050,2021Q3,0,2021-11-03,0.0011448198159342,-0.0126162194353147,0.018461617495393216,0.02206866706203847
071050,2021Q3,1,2021-11-04,-0.0184762761675738,0.0025205913907155,-0.02019708433835126,-0.031366523634854815
071050,2021Q3,2,2021-11-05,0.0115876151723881,-0.0046871063146962,0.018931946916507004,-0.3006552549449939
071050,2021Q3,3,2021-11-08,0.0057438411792514,-0.0030593208089157,0.011040902912273505,-0.1945019001812529
323410,2021Q3,-5,2021-10-27,0.0016142053545422,-0.0077668727870534,0.008690575718536186,-1.3479130289885077
323410,2021Q3,-4,2021-10-28,0.0410800257434633,-0.0052824764606285,0.0463217236547299,-0.3356865309778687
323410,2021Q3,-3,2021-10-29,-0.023493641241389,-0.0129997223218305,-0.012552925728995003,-0.9111025930841876
323410,2021Q3,-2,2021-11-01,0.0125985918363227,0.0027766530463448,0.011888798537375045,-1.3616047172624839
323410,2021Q3,-1,2021-11-02,0.0031250025431344,0.0115313594222135,-0.004049950299273346,-1.4219184622514938
323410,2021Q3,0,2021-11-03,-0.0761501375580238,-0.0126162194353147,-0.06549263055545902,0.09963363079990728
323410,2021Q3,1,2021-11-04,0.0100503358535011,0.0025205913907155,0.009529638497413288,-0.8752919739748819
323410,2021Q3,2,2021-11-05,-0.0477906638363485,-0.0046871063146962,-0.04298863378093087,-0.5653357337655294
323410,2021Q3,3,2021-11-08,-0.0283706971292154,-0.0030593208089157,-0.024770751135281613,0.0724566143988401
016360,2021Q3,-5,2021-11-01,0.0010554090689449,0.0027766530463448,-0.0032425032839368787,-0.3890454646826971
016360,2021Q3,-4,2021-11-02,-0.0010554090689449,0.0115313594222135,-0.01190260978264744,-0.1440271873828074
016360,2021Q3,-3,2021-11-03,-0.0074192179220275,-0.0126162194353147,-0.0002019113451679046,-0.10763636466695914
016360,2021Q3,-2,2021-11-04,0.003186407369407,0.0025205913907155,-0.0009199484024924654,-0.4088096341148031
016360,2021Q3,-1,2021-11-05,-0.0042508034251937,-0.0046871063146962,-0.002965169030468835,-0.3132957022533862
016360,2021Q3,0,2021-11-08,0.007427089843615,-0.0030593208089157,0.007494997885311477,-0.371552160208692
016360,2021Q3,1,2021-11-09,0.0167718816138275,0.0007631739484805,0.01398022825516471,-0.006885996401990724
016360,2021Q3,2,2021-11-10,-0.0052110592127512,-0.0109595759131657,0.0007669326833161481,-0.22827803637350996
016360,2021Q3,3,2021-11-11,-0.0126184639592121,-0.0017933119890853,-0.01349764157321118,-0.07570531402606662
039490,2021Q3,-5,2021-11-03,-0.0094340322333579,-0.0126162194353147,0.00795424290743437,-0.5077446677984288
039490,2021Q3,-4,2021-11-04,0.0141178815457845,0.0025205913907155,0.010860820790496148,0.09736889498694978
039490,2021Q3,-3,2021-11-05,-0.0093897403498388,-0.0046871063146962,-0.0028161081093648465,-0.474097517949982
039490,2021Q3,-2,2021-11-08,0.0140517534556501,-0.0030593208089157,0.018405223277510836,-0.21959805988740833
039490,2021Q3,-1,2021-11-09,0.02752467339009,0.0007631739484805,0.026664582103573687,0.5887517121003665
039490,2021Q3,0,2021-11-10,-0.0368705358083278,-0.0109595759131657,-0.021741782991486124,0.00025192632911696933
039490,2021Q3,1,2021-11-11,0.0,-0.0017933119890853,0.0026267403520141485,-0.7116201549364227
039490,2021Q3,2,2021-11-12,0.0277795641070763,0.0148907440390351,0.0076506563395248445,-0.44525677840334765
039490,2021Q3,3,2021-11-15,0.0225743220385385,0.0102944351668599,0.008714392699719851,0.039443289914364854
006800,2021Q3,-5,2021-11-05,0.002277645899797,-0.0046871063146962,0.006406534649377645,-0.3697358095218082
006800,2021Q3,-4,2021-11-08,0.0157998998327073,-0.0030593208089157,0.017989121327022503,-0.027993976053291902
006800,2021Q3,-3,2021-11-09,0.0,0.0007631739484805,-0.002365658671416555,-0.4729770402893205
006800,2021Q3,-2,2021-11-10,-0.0169380743238907,-0.0109595759131657,-0.005334918328045562,-0.43651138802671063
006800,2021Q3,-1,2021-11-11,-0.0067417269572835,-0.0017933119890853,-0.006061080053405405,-0.24938376847159205
006800,2021Q3,0,2021-11-12,0.0500887168477994,0.0148907440390351,0.030888662610256353,0.8368554755885427
006800,2021Q3,1,2021-11-15,0.0054377513001284,0.0102944351668599,-0.008285346801127195,0.1477204735147133
006800,2021Q3,2,2021-11-16,0.0085318299275574,-0.0007704394613536,0.007993623154887702,0.05930045974189646
006800,2021Q3,3,2021-11-17,-0.029354500067166,-0.0116753674116489,-0.016898407780713255,0.5400118967428327
005940,2021Q4,-5,2022-01-17,-0.0041580101486644,-0.0109497703165342,0.007055581940513712,-0.6502178024798493
005940,2021Q4,-4,2022-01-18,-0.0083682496705161,-0.0089880963310964,0.0010407206107930864,-0.5599201998267116
005940,2021Q4,-3,2022-01-19,-0.0084388686458645,-0.0076964837637181,-0.00021810406219485018,-0.759627191336417
005940,2021Q4,-2,2022-01-20,0.0,0.0071516678229963,-0.005438639761210987,-0.4469594383008211
005940,2021Q4,-1,2022-01-21,-0.0127933514599085,-0.0099667464407735,-0.0024840820752279353,-0.5101257894789075
005940,2021Q4,0,2022-01-24,-0.0086207430439078,-0.0150332937790294,0.006349444457182565,-0.48650051241555836
005940,2021Q4,1,2022-01-25,-0.021882711249507,-0.0259829720052211,0.0031605201226948543,0.06861605711109142
005940,2021Q4,2,2022-01-26,0.0131870042819528,-0.0041070637437226,0.01810571883398095,0.04844767353294799
005940,2021Q4,3,2022-01-27,-0.0220759516992004,-0.0355991030707434,0.011813540548655823,0.03700597977997333
006800,2021Q4,-5,2022-01-21,0.0011739846382408,-0.0099667464407735,0.01248111405033316,-0.3447161356607644
006800,2021Q4,-4,2022-01-24,-0.0118023322069333,-0.0150332937790294,0.005506782395684867,0.09326350044868192
006800,2021Q4,-3,2022-01-25,-0.0275638802085467,-0.0259829720052211,0.002716554341759707,0.34426726929218177
006800,2021Q4,-2,2022-01-26,0.0156205876392778,-0.0041070637437226,0.019986159730209,0.17666022287947136
006800,2021Q4,-1,2022-01-27,-0.0339719863196119,-0.0355991030707434,0.007700007885062206,0.39767532351706514
006800,2021Q4,0,2022-01-28,0.0506529402436228,0.0185119611555641,0.02822333143402643,0.5299347137862398
006800,2021Q4,1,2022-02-03,0.0220867874028432,0.0165629011306345,0.0019660940388292053,0.6275995294623691
006800,2021Q4,2,2022-02-04,-0.0023142801349784,0.0155515478480481,-0.021236893816870488,-0.10131759764801096
006800,2021Q4,3,2022-02-07,-0.0023196484537173,-0.0018925022234137,-0.0005775129086248044,-0.0997348270517282
029780,2021Q4,-5,2022-01-21,0.0194811355718211,-0.0099667464407735,0.027056387309571946,0.17152731292662793
029780,2021Q4,-4,2022-01-24,-0.0080710688337912,-0.0150332937790294,0.0024227733072028114,-0.5553264613077449
029780,2021Q4,-3,2022-01-25,-0.0163402328458897,-0.0259829720052211,0.0004611839916361729,-0.1524490608127511
029780,2021Q4,-2,2022-01-26,0.0032894766503996,-0.0041070637437226,0.007489251452105479,-0.2991630985135654
029780,2021Q4,-1,2022-01-27,-0.021577600644548,-0.0355991030707434,0.0007631995186299992,0.2570110687273548
029780,2021Q4,0,2022-01-28,0.0378646056192462,0.0185119611555641,0.029034665193915128,0.42968928124646766
029780,2021Q4,1,2022-02-03,0.0096463770518067,0.0165629011306345,0.0019391948885276369,0.2934400394335004
029780,2021Q4,2,2022-02-04,0.0095542128048116,0.0155515478480481,0.0024296218595317443,-0.04929163602601072
029780,2021Q4,3,2022-02-07,0.0063191363514771,-0.0018925022234137,0.009243210450307456,0.42567881427979337
016360,2021Q4,-5,2022-01-24,-0.0192082736382666,-0.0150332937790294,-0.0027760290717506013,-0.129335601937262
016360,2021Q4,-4,2022-01-25,-0.0270286723879191,-0.0259829720052211,0.0005719383627935844,0.14799320182639697
016360,2021Q4,-3,2022-01-26,0.0074442031117296,-0.0041070637437226,0.012731997994310365,-0.39789518915121747
016360,2021Q4,-2,2022-01-27,-0.0250325962126165,-0.0355991030707434,0.012376199837833068,0.1939830963142608
016360,2021Q4,-1,2022-01-28,0.0138454068220514,0.0185119611555641,-0.003937572393590525,-0.1003689708027089
016360,2021Q4,0,2022-02-03,0.036813973122717,0.0165629011306345,0.021018980734060052,0.04752933905073142
016360,2021Q4,1,2022-02-04,0.0083983696988312,0.0155515478480481,-0.006365070568550062,-0.4549184903604431
016360,2021Q4,2,2022-02-07,0.0011940299926074,-0.0018925022234137,0.004223033933087277,-0.28708599051554984
016360,2021Q4,3,2022-02-08,0.0177414470095964,0.0005134860896074,0.018316410022148205,-0.02202829632003578
003540,2021Q4,-5,2022-01-25,-0.0334886697540444,-0.0259829720052211,-0.0021141552425953877,0.2947791404209976
003540,2021Q4,-4,2022-01-26,0.0092450581440512,-0.0041070637437226,0.016318069168234337,-0.6709277383438152
003540,2021Q4,-3,2022-01-27,0.0030627895305457,-0.0355991030707434,0.04511966931018716,0.2696631118143884
003540,2021Q4,-2,2022-01-28,0.0181823190831913,0.0185119611555641,0.0001283133957530394,-0.7759402328848477
003540,2021Q4,-1,2022-02-03,0.014903405502574,0.0165629011306345,-0.0009854288728196065,-0.180896183065677
003540,2021Q4,0,2022-02-04,-0.0029629651306564,0.0155515478480481,-0.017728307624943183,-0.325651439183714
003540,2021Q4,1,2022-02-07,-0.0029717703891574,-0.0018925022234137,0.0016411290883308035,-0.7333233426471715
003540,2021Q4,2,2022-02-08,0.0059347355198138,0.0005134860896074,0.007874871303091939,-1.010033389855339
003540,2021Q4,3,2022-02-09,0.0117648415795876,0.0081156667293083,0.0052598688389986015,-0.7789302862015433
138040,2021Q4,-5,2022-01-27,-0.0479917609334084,-0.0355991030707434,-0.027455230910622026,0.4355362248278496
138040,2021Q4,-4,2022-01-28,-0.0283305066262258,0.0185119611555641,-0.04968602533380046,0.6839835987008804
138040,2021Q4,-3,2022-02-03,0.0504308536268922,0.0165629011306345,0.0305842706371823,0.22606381402662912
138040,2021Q4,-2,2022-02-04,-0.0098847592325412,0.0155515478480481,-0.028948366289260265,0.5409212758472677
138040,2021Q4,-1,2022-02-07,-0.0110988930680502,-0.0018925022234137,-0.016657554212187224,0.4241484209391171
138040,2021Q4,0,2022-02-08,-0.0112234623698483,0.0005134860896074,-0.018644806887430355,0.3766928127397122
138040,2021Q4,1,2022-02-09,0.0056274768657278,0.0081156667293083,-0.007679372333178273,0.2702944630602424
138040,2021Q4,2,2022-02-10,-0.0697146326153603,0.0011116970120736,-0.07759910387926136,0.5624510501093329
138040,2021Q4,3,2022-02-11,0.0143371631464059,-0.0087759805428486,0.01410759713863759,0.4417123679336079
024110,2021Q4,-5,2022-01-28,0.0145987994211527,0.0185119611555641,0.002862555193581697,-0.06252730310383825
024110,2021Q4,-4,2022-02-03,0.0,0.0165629011306345,-0.010503724139366026,0.08849240070549591
024110,2021Q4,-3,2022-02-04,0.0332572217564823,0.0155515478480481,0.023393043460300248,0.6800420914336538
024110,2021Q4,-2,2022-02-07,-0.0046838493124248,-0.0018925022234137,-0.0035169963126329123,0.30243244663476077
024110,2021Q4,-1,2022-02-08,-0.0094340322333597,0.0005134860896074,-0.009788645422323093,0.07351581320854983
024110,2021Q4,0,2022-02-09,0.0417694128762953,0.0081156667293083,0.036607436018307515,1.1619045354138553
024110,2021Q4,1,2022-02-10,0.0045351551653922,0.0011116970120736,0.003802253483774582,0.6773758929754372
024110,2021Q4,2,2022-02-11,0.0090090699423655,-0.0087759805428486,0.014528803406027864,0.9072462899744131
024110,2021Q4,3,2022-02-14,-0.0090090699423655,-0.0158581732814955,0.0009892043087910956,0.5206040340549531
105560,2021Q4,-5,2022-01-28,0.0255333020051651,0.0185119611555641,0.007241153249819769,0.30661174269260627
105560,2021Q4,-4,2022-02-03,-0.0016820861829849,0.0165629011306345,-0.01832137830794674,0.3899230118688415
105560,2021Q4,-3,2022-02-04,0.0249389483472519,0.0155515478480481,0.009157311685642665,0.0013316488509946822
105560,2021Q4,-2,2022-02-07,0.0049140148024289,-0.0018925022234137,0.003925413477121638,0.131976601979801
105560,2021Q4,-1,2022-02-08,-0.0082034914528286,0.0005134860896074,-0.011232437192847125,-0.07611768476871816
105560,2021Q4,0,2022-02-09,0.0498094922852914,0.0081156667293083,0.040333687795421666,0.677117134989988
105560,2021Q4,1,2022-02-10,0.0262969522904619,0.0011116970120736,0.022760707197463318,0.7235951085764647
105560,2021Q4,2,2022-02-11,0.0045696956900656,-0.0087759805428486,0.00941847373473947,0.5706739273985253
105560,2021Q4,3,2022-02-14,-0.0184054275427154,-0.0158581732814955,-0.007550754822658644,0.31370374624699515
055550,2021Q4,-5,2022-01-28,0.0013114755978111,0.0185119611555641,-0.014204420694282004,0.10591751571964636
055550,2021Q4,-4,2022-02-03,0.0117265187403194,0.0165629011306345,-0.0023365849512723396,0.1773083093163823
055550,2021Q4,-3,2022-02-04,0.0217817708210983,0.0155515478480481,0.008472510801143796,0.188032293981788
055550,2021Q4,-2,2022-02-07,0.0063171404012614,-0.0018925022234137,0.006010346463648521,0.014950231559462068
055550,2021Q4,-1,2022-02-08,-0.0012602396122893,0.0005134860896074,-0.003360411882709591,0.27476301305098794
055550,2021Q4,0,2022-02-09,0.0236771185268303,0.0081156667293083,0.01591042411765179,0.6612101897221727
055550,2021Q4,1,2022-02-10,-0.0024660924951938,0.0011116970120736,-0.005012159910238682,0.5018322016564181
055550,2021Q4,2,2022-02-11,0.0147061473896954,-0.0087759805428486,0.019530168429701192,0.5366894570637264
055550,2021Q4,3,2022-02-14,-0.0171783365350837,-0.0158581732814955,-0.0070753825353798774,0.23035129831632517
316140,2021Q4,-5,2022-02-03,0.0,0.0165629011306345,-0.012207028692086397,0.04286634855270677
316140,2021Q4,-4,2022-02-04,0.04667513857013,0.0155515478480481,0.03506919770400279,0.6662369526746321
316140,2021Q4,-3,2022-02-07,-0.016420730212328,-0.0018925022234137,-0.017658972358416236,0.36506618784821754
316140,2021Q4,-2,2022-02-08,0.006600684031353,0.0005134860896074,0.003932466515373656,0.024313641641334982
316140,2021Q4,-1,2022-02-09,0.0418740724710584,0.0081156667293083,0.034687574041825105,0.5661053950895347
316140,2021Q4,0,2022-02-10,-0.0191088616980472,0.0011116970120736,-0.02213261996229077,0.4095983068531357
316140,2021Q4,1,2022-02-11,-0.0260601066698633,-0.0087759805428486,-0.02320722152214867,2.3750207779197385
316140,2021Q4,2,2022-02-14,-0.0301530381706882,-0.0158581732814955,-0.023090921778466732,0.8380045029562346
316140,2021Q4,3,2022-02-15,-0.0136988443581618,-0.0103847197731754,-0.009889820951796899,0.4541456562567401
323410,2021Q4,-5,2022-02-03,0.0085003547653919,0.0165629011306345,-0.0029220955310443834,0.20072953471260746
323410,2021Q4,-4,2022-02-04,0.0179753192186353,0.0155515478480481,0.007526701172798651,-0.07827186994251178
323410,2021Q4,-3,2022-02-07,0.0059206804097282,-0.0018925022234137,0.012268941192643552,1.2489075781592902
323410,2021Q4,-2,2022-02-08,0.0528858862244447,0.0005134860896074,0.05691742044491317,0.9536847402658566
323410,2021Q4,-1,2022-02-09,-0.0101295182388572,0.0081156667293083,-0.013418125070279193,0.008863584053688811
323410,2021Q4,0,2022-02-10,-0.0321866864959012,0.0011116970120736,-0.02873116967606718,0.9085746651708213
323410,2021Q4,1,2022-02-11,-0.0153034181398865,-0.0087759805428486,-0.0023270548934816847,0.22827919922590567
323410,2021Q4,2,2022-02-14,0.0418179396833213,-0.0158581732814955,0.061613747541819607,0.28870941075440193
323410,2021Q4,3,2022-02-15,0.0056721649524664,-0.0103847197731754,0.020197583481799244,0.20100939671351803
071050,2021Q4,-5,2022-02-04,0.018397365139716,0.0155515478480481,-0.0025342449194989194,-0.031801154015772326
071050,2021Q4,-4,2022-02-07,0.0026007817000568,-0.0018925022234137,0.005432814896879573,0.27911898470267005
071050,2021Q4,-3,2022-02-08,0.0090498355199173,0.0005134860896074,0.00860424409891311,0.25755357775014076
071050,2021Q4,-2,2022-02-09,0.0291713773002797,0.0081156667293083,0.01836950348214124,0.22687586927020575
071050,2021Q4,-1,2022-02-10,-0.0050125418235431,0.0011116970120736,-0.006273062741717709,0.017430233211394253
071050,2021Q4,0,2022-02-11,0.0025094116054251,-0.0087759805428486,0.014718654938289019,0.15353701653319973
071050,2021Q4,1,2022-02-14,-0.0151518050206025,-0.0158581732814955,0.006705352702683839,-0.26403356899419883
071050,2021Q4,2,2022-02-15,-0.0102302682508153,-0.0103847197731754,0.004170524923104258,-0.12929286470491874
071050,2021Q4,3,2022-02-16,0.0064061718124115,0.0196594309415649,-0.020121516449510705,-0.327884881494354
086790,2021Q4,-5,2022-02-04,0.0253178079842903,0.0155515478480481,0.01371630399626945,-0.07451504911636242
086790,2021Q4,-4,2022-02-07,0.0054200674693394,-0.0018925022234137,0.005258909426455006,0.2448377296983768
086790,2021Q4,-3,2022-02-08,-0.0021645030095722,0.0005134860896074,-0.0039035823796802344,-0.12401631836455884
086790,2021Q4,-2,2022-02-09,0.0393040499590284,0.0081156667293083,0.0325792261030179,0.4767439736440231
086790,2021Q4,-1,2022-02-10,0.012422519998557,0.0011116970120736,0.010291115458942098,0.5820095158056002
086790,2021Q4,0,2022-02-11,0.052116001139014,-0.0087759805428486,0.056469240438350866,1.0794131494378192
086790,2021Q4,1,2022-02-14,-0.0237165266173153,-0.0158581732814955,-0.014718566932039741,0.2655966290035199
086790,2021Q4,2,2022-02-15,-0.0060180723255633,-0.0103847197731754,-0.0006097722315683909,0.12922627384513952
086790,2021Q4,3,2022-02-16,0.0179466431908377,0.0196594309415649,0.0036510627985709334,0.2100567080896294
138930,2021Q4,-5,2022-02-04,0.0256894861153114,0.0155515478480481,0.012743409229580152,-0.18540232868064166
138930,2021Q4,-4,2022-02-07,0.0084185704655954,-0.0018925022234137,0.009451236336434517,-0.3288768756517957
138930,2021Q4,-3,2022-02-08,-0.0023980826840119,0.0005134860896074,-0.0032934490972613964,-0.5928832268361788
138930,2021Q4,-2,2022-02-09,0.0330608622608874,0.0081156667293083,0.026073508773763767,0.1353152794770054
138930,2021Q4,-1,2022-02-10,-0.0081633106391603,0.0011116970120736,-0.009538051771300689,0.12883012736979182
138930,2021Q4,0,2022-02-11,-0.0046948443042076,-0.0087759805428486,0.0018538784630301418,0.39625673701486086
138930,2021Q4,1,2022-02-14,-0.0190029471256156,-0.0158581732814955,-0.006778928194905,-0.09665707254668021
138930,2021Q4,2,2022-02-15,-0.018149318505678,-0.0103847197731754,-0.010311436869312062,0.22746959117752752
138930,2021Q4,3,2022-02-16,0.0133416169375752,0.0196594309415649,-0.002896301051746956,-0.19503509497866744
139130,2021Q4,-5,2022-02-04,0.0297577749148754,0.0155515478480481,0.020833272620178006,-0.09708861464135587
139130,2021Q4,-4,2022-02-07,0.0083420713173953,-0.0018925022234137,0.009421964646709857,-0.16687697819339675
139130,2021Q4,-3,2022-02-08,0.0020746895408603,0.0005134860896074,0.001774716448580992,-0.05874781425698394
139130,2021Q4,-2,2022-02-09,0.020513539833102,0.0081156667293083,0.015853614641785942,0.4130723496220874
139130,2021Q4,-1,2022-02-10,-0.0071319711372712,0.0011116970120736,-0.007775026180728116,0.1991045671530003
139130,2021Q4,0,2022-02-11,0.0202436062766473,-0.0087759805428486,0.02527126632841571,1.2921140919136906
139130,2021Q4,1,2022-02-14,-0.0222906898983712,-0.0158581732814955,-0.013201297751552068,0.12285042800870016
139130,2021Q4,2,2022-02-15,-0.0259485238677026,-0.0103847197731754,-0.019998230387910036,0.6852451119385687
139130,2021Q4,3,2022-02-16,0.0197820089520384,0.0196594309415649,0.008501580855914534,0.5779993618190886
039490,2021Q4,-5,2022-02-07,0.0032310205814471,-0.0018925022234137,0.0065828826175966864,0.31431059244786574
039490,2021Q4,-4,2022-02-08,-0.0075553516444504,0.0005134860896074,-0.007391678243847524,0.09523584846715138
039490,2021Q4,-3,2022-02-09,0.0517265699575872,0.0081156667293083,0.041816551067293616,0.5168384976298874
039490,2021Q4,-2,2022-02-10,0.0,0.0011116970120736,-0.0006290192547790815,-0.4123359444283725
039490,2021Q4,-1,2022-02-11,-0.0061919702479205,-0.0087759805428486,0.006281227595341984,-0.32698636403069514
039490,2021Q4,0,2022-02-14,0.0031007776782487,-0.0158581732814955,0.024958628922322385,-0.3021773973696966
039490,2021Q4,1,2022-02-15,-0.0062112000926415,-0.0103847197731754,0.008393747146047528,-0.6140187132831656
039490,2021Q4,2,2022-02-16,0.0336938457864732,0.0196594309415649,0.00848712006108513,0.47036011062598426
039490,2021Q4,3,2022-02-17,-0.0020100509280247,0.0052651790223414,-0.008142872537710469,0.3270097960313869
175330,2021Q4,-5,2022-02-07,0.0059347355198138,-0.0018925022234137,0.006438050057136121,-0.6546001998998587
175330,2021Q4,-4,2022-02-08,-0.0107080142724722,0.0005134860896074,-0.011664590242724645,-0.49196713460221275
175330,2021Q4,-3,2022-02-09,0.0248093055130791,0.0081156667293083,0.019239926025575872,0.01984873804470766
175330,2021Q4,-2,2022-02-10,-0.0082015691134174,0.0011116970120736,-0.009521123757551828,-0.10129618684919528
175330,2021Q4,-1,2022-02-11,-0.0011771631730148,-0.0087759805428486,0.0035028651925727355,0.2885281106127362
175330,2021Q4,0,2022-02-14,-0.0011785505194445,-0.0158581732814955,0.007798766364133803,0.31800705055365697
175330,2021Q4,1,2022-02-15,-0.0142520227072022,-0.0103847197731754,-0.008595853635191941,0.06529681550404476
175330,2021Q4,2,2022-02-16,0.0071514011576248,0.0196594309415649,-0.005422431221003894,-0.5883176730225141
175330,2021Q4,3,2022-02-17,0.0035566131148474,0.0052651790223414,-0.00028316530899386927,0.003162070400369643
005940,2022Q1,-5,2022-04-15,-0.0134230203321408,-0.0076301052706888,-0.00785273618155062,0.7232038764097926
005940,2022Q1,-4,2022-04-18,-0.004514680354525,-0.0010576934952686,-0.00342501608698185,0.4316316133690137
005940,2022Q1,-3,2022-04-19,0.0,0.0094898930393574,-0.006100957312490591,0.4771892642861708
005940,2022Q1,-2,2022-04-20,-0.0090909717012532,-7.354417887039943e-05,-0.008672232985184491,0.6691904483912712
005940,2022Q1,-1,2022-04-21,0.0090909717012532,0.0034955770789757,0.007076528167129035,0.47401206686160435
005940,2022Q1,0,2022-04-22,-0.0136676387286645,-0.0086510189362867,-0.00740136561310112,0.6228267196290354
005940,2022Q1,1,2022-04-25,-0.0373875320716212,-0.0177481343968839,-0.0249194691407019,1.0129129634004883
005940,2022Q1,2,2022-04-26,0.0141846349919578,0.0041987863273709,0.011690791589419176,0.12323428508605616
005940,2022Q1,3,2022-04-27,-0.0237540860081075,-0.0110225198167492,-0.015871086132148098,0.3325411784016019
055550,2022Q1,-5,2022-04-15,-0.0111043707342357,-0.0076301052706888,-0.008622749703040004,-0.8002032654874309
055550,2022Q1,-4,2022-04-18,-0.0037290285598654,-0.0010576934952686,-0.004456667824389802,-1.4094289598390368
055550,2022Q1,-3,2022-04-19,0.0123763956010485,0.0094898930393574,0.0064984474639363,-0.4782764851412331
055550,2022Q1,-2,2022-04-20,0.0073529743052596,-7.354417887039943e-05,0.006144782173066632,0.192846154512484
055550,2022Q1,-1,2022-04-21,0.0097206111706213,0.0034955770789757,0.006769643397642535,-0.13195582455889188
055550,2022Q1,0,2022-04-22,0.0191622629781633,-0.0086510189362867,0.022142388638149078,0.27999117014945085
055550,2022Q1,1,2022-04-25,-0.0023752980289071,-0.0177481343968839,0.005046882153964913,0.6673994119205418
055550,2022Q1,2,2022-04-26,-0.0083582576142013,0.0041987863273709,-0.011652597287415821,-0.207154013477151
055550,2022Q1,3,2022-04-27,-0.0120628724492739,-0.0110225198167492,-0.007924760364061902,2.5695066355524432e-05
086790,2022Q1,-5,2022-04-18,-0.0042735107773808,-0.0010576934952686,-0.0047016256008136255,-1.0766313607442992
086790,2022Q1,-4,2022-04-19,0.019088596562522,0.0094898930393574,0.012048607974458827,-0.36683164038799454
086790,2022Q1,-3,2022-04-20,0.0031463056893645,-7.354417887039943e-05,0.0021012657500096093,-0.21822431057593406
086790,2022Q1,-2,2022-04-21,0.006263068489563,0.0034955770789757,0.002980684572980066,-0.5392458443417176
086790,2022Q1,-1,2022-04-22,0.0144630620275538,-0.0086510189362867,0.018794909030928397,-0.4228229092015514
086790,2022Q1,0,2022-04-25,-0.0270286723879191,-0.0177481343968839,-0.016994195797171457,0.11677000910359858
086790,2022Q1,1,2022-04-26,-0.004223871116185,0.0041987863273709,-0.00794706969356697,0.02810733122064235
086790,2022Q1,2,2022-04-27,-0.0213911899813172,-0.0110225198167492,-0.015572740862581645,-0.007047497566702532
086790,2022Q1,3,2022-04-28,0.02877129727894,0.0107151363472306,0.020963251083004075,-0.21304559619628805
105560,2022Q1,-5,2022-04-18,0.0033613477027039,-0.0010576934952686,0.0039113177446810695,-1.3878247311609275
105560,2022Q1,-4,2022-04-19,0.0016764463272522,0.0094898930393574,-0.005884013895849226,-0.5489333622397528
105560,2022Q1,-3,2022-04-20,0.0050125418235449,-7.354417887039943e-05,0.004805762975634399,-0.18824488233853387
105560,2022Q1,-2,2022-04-21,0.0049875415110385,0.0034955770789757,0.0020363330275576462,-0.709536748983778
105560,2022Q1,-1,2022-04-22,0.0261880759574104,-0.0086510189362867,0.032576835400854015,0.04037673851173551
105560,2022Q1,0,2022-04-25,-0.0311756174684489,-0.0177481343968839,-0.01779174873490093,-0.05843238115938476
105560,2022Q1,1,2022-04-26,0.0,0.0041987863273709,-0.003491932141176812,-0.049241525297762934
105560,2022Q1,2,2022-04-27,-0.0356271776431516,-0.0110225198167492,-0.027414883265775764,-0.0058133106123872125
105560,2022Q1,3,2022-04-28,0.0205135398331037,0.0107151363472306,0.012010944613182155,-0.20017219700813094
316140,2022Q1,-5,2022-04-15,-0.013072081567353,-0.0076301052706888,-0.009004380120795154,-0.9902193537501791
316140,2022Q1,-4,2022-04-18,0.00328407520119,-0.0010576934952686,0.0025661910344807947,-1.376162837105488
316140,2022Q1,-3,2022-04-19,0.0354304369794995,0.0094898930393574,0.027032513871291027,0.06685082573717693
316140,2022Q1,-2,2022-04-20,0.0125787822068605,-7.354417887039943e-05,0.011144307088337305,0.24833867133186693
316140,2022Q1,-1,2022-04-21,0.012422519998557,0.0034955770789757,0.008389252240864164,-0.28595332362703374
316140,2022Q1,0,2022-04-22,0.0,-0.0086510189362867,0.004811061710250496,-0.025749647241415374
316140,2022Q1,1,2022-04-25,-0.0250013022054176,-0.0177481343968839,-0.01356633646144885,0.08515581590933685
316140,2022Q1,2,2022-04-26,-0.0063492276786583,0.0041987863273709,-0.010894524837007678,-0.24928245335412846
316140,2022Q1,3,2022-04-27,-0.0258078839558724,-0.0110225198167492,-0.01927005574297594,-0.13501522647458764
024110,2022Q1,-5,2022-04-19,0.0134833503372853,0.0094898930393574,0.006456874883342198,-0.03074962649605162
024110,2022Q1,-4,2022-04-20,0.0133039656263633,-7.354417887039943e-05,0.012026722039333618,0.08591150271074888
024110,2022Q1,-3,2022-04-21,0.008771986072837,0.0034955770789757,0.005349101205977865,-0.043767826043461966
024110,2022Q1,-2,2022-04-22,0.0130153681120699,-0.0086510189362867,0.016894627368912247,0.0707917089759249
024110,2022Q1,-1,2022-04-25,-0.0043196611445157,-0.0177481343968839,0.005028492288091221,0.2691244822260721
024110,2022Q1,0,2022-04-26,-0.0307716586667545,0.0041987863273709,-0.03461729038997153,0.4706616771697618
024110,2022Q1,1,2022-04-27,-0.0180185055026775,-0.0110225198167492,-0.012713575943071896,0.3974923261934027
024110,2022Q1,2,2022-04-28,0.0224728558520581,0.0107151363472306,0.014709803400785959,-0.02035365198981509
024110,2022Q1,3,2022-04-29,0.0,0.0102788234849864,-0.007500755145991833,0.1237984633151985
029780,2022Q1,-5,2022-04-18,-0.0060423144559624,-0.0010576934952686,-0.007237092859947974,-1.1045037476616475
029780,2022Q1,-4,2022-04-19,0.0045351551653922,0.0094898930393574,-0.0015963717747382545,-1.1846127193974958
029780,2022Q1,-3,2022-04-20,0.0045146803545268,-7.354417887039943e-05,0.0028592754668307447,-0.4779887438790329
029780,2022Q1,-2,2022-04-21,0.0,0.0034955770789757,-0.0033259153961571345,-0.5127972537718613
029780,2022Q1,-1,2022-04-22,-0.0075358306887025,-0.0086510189362867,-0.005176588641435432,-0.41486858215272804
029780,2022Q1,0,2022-04-25,0.0075358306887025,-0.0177481343968839,0.014152935071188288,0.4409448639004623
029780,2022Q1,1,2022-04-26,0.0,0.0041987863273709,-0.0036550491952705108,0.17076374419347395
029780,2022Q1,2,2022-04-27,-0.0045146803545268,-0.0110225198167492,-0.0010454684139902417,0.3030764769024561
029780,2022Q1,3,2022-04-28,0.0075131833507828,0.0107151363472306,0.0008081870120645856,-0.17541396725263603
175330,2022Q1,-5,2022-04-19,0.0022909517465556,0.0094898930393574,-0.0032520046982912588,-0.6165090999065317
175330,2022Q1,-4,2022-04-20,0.0091116803512569,-7.354417887039943e-05,0.008209550907057444,0.40282681422167954
175330,2022Q1,-3,2022-04-21,0.003395589001137,0.0034955770789757,0.0007614803611702909,0.09922029547363564
175330,2022Q1,-2,2022-04-22,0.0179176126004101,-0.0086510189362867,0.02117785444001206,0.36404354330549715
175330,2022Q1,-1,2022-04-25,0.0,-0.0177481343968839,0.007674777962354892,0.2648299298070462
175330,2022Q1,0,2022-04-26,-0.0011104942840276,0.0041987863273709,-0.004085847645174396,-0.14490418929382365
175330,2022Q1,1,2022-04-27,-0.0168071183163824,-0.0110225198167492,-0.012396063744185438,0.46432594213685974
175330,2022Q1,2,2022-04-28,0.0056338177182571,0.0107151363472306,-0.000503709705181302,0.06109889126471124
175330,2022Q1,3,2022-04-29,0.0056022555486698,0.0102788234849864,-0.0003235433439456783,0.050319439737045
138930,2022Q1,-5,2022-04-22,0.0074906717291565,-0.0086510189362867,0.014659023367844505,0.20703544158065945
138930,2022Q1,-4,2022-04-25,-0.0049875415110385,-0.0177481343968839,0.009429215612540821,0.33603934244564293
138930,2022Q1,-3,2022-04-26,-0.0113137599002737,0.0041987863273709,-0.014383884331973688,0.21751824213166238
138930,2022Q1,-2,2022-04-27,-0.0269074529199233,-0.0110225198167492,-0.017849535290364545,0.6392501433696847
138930,2022Q1,-1,2022-04-28,0.0141846349919561,0.0107151363472306,0.005922409016639787,-0.24367575070487923
138930,2022Q1,0,2022-04-29,0.0089229400181931,0.0102788234849864,0.0010083596847857753,0.6282182211020135
138930,2022Q1,1,2022-05-02,0.0012682309879945,-0.0028240047216536,0.003793730507587435,-0.29100767440002606
138930,2022Q1,2,2022-05-03,0.0,-0.0026043634486221,0.0023504936053505847,-0.590547237533956
138930,2022Q1,3,2022-05-04,0.0,-0.0010787146927331,0.0011348862122047268,0.09510452230302313
139130,2022Q1,-5,2022-04-22,0.0043525639988413,-0.0086510189362867,0.009824049579691007,0.4866105824800897
139130,2022Q1,-4,2022-04-25,-0.0010863662122204,-0.0177481343968839,0.010023291207810266,0.26492317763371176
139130,2022Q1,-3,2022-04-26,-0.0153343640001075,0.0041987863273709,-0.01782687651187488,0.5262322339230963
139130,2022Q1,-2,2022-04-27,-0.0223223554378986,-0.0110225198167492,-0.01538107104678528,0.5667257964369199
139130,2022Q1,-1,2022-04-28,0.0056274768657296,0.0107151363472306,-0.0009037115686809961,0.5039517564737412
139130,2022Q1,0,2022-04-29,0.0033613477027039,0.0102788234849864,-0.0028994245867613186,0.6104673639184188
139130,2022Q1,1,2022-05-02,-0.0101181301655852,-0.0028240047216536,-0.008258086870342666,0.34453344573955214
139130,2022Q1,2,2022-05-03,0.0,-0.0026043634486221,0.0017239149537158277,0.357741640502347
139130,2022Q1,3,2022-05-04,0.0022573373016516,-0.0010787146927331,0.003035692106197887,0.04018575892741261
323410,2022Q1,-5,2022-04-26,0.0186703206205329,0.0041987863273709,0.013944858527048165,-0.2260324391391162
323410,2022Q1,-4,2022-04-27,-0.0233928795747058,-0.0110225198167492,-0.01433961061691749,-0.45888172072565503
323410,2022Q1,-3,2022-04-28,0.0164322946270818,0.0107151363472306,0.005808059227977114,-0.666875553837146
323410,2022Q1,-2,2022-04-29,-0.014068227332201,0.0102788234849864,-0.02429750072698411,-0.2076625108428658
323410,2022Q1,-1,2022-05-02,-0.029960299595876,-0.0028240047216536,-0.02832854449803737,-0.0719053195089483
323410,2022Q1,0,2022-05-03,0.003642991278502,-0.0026043634486221,0.005075921255801988,-6.83490648931695e-05
323410,2022Q1,1,2022-05-04,0.0048367688006134,-0.0010787146927331,0.004888640957574866,-0.063700756542735
323410,2022Q1,2,2022-05-06,-0.0331115472687795,-0.0124238956765481,-0.022789715620569605,0.4936947261871367
323410,2022Q1,3,2022-05-09,0.0197537287362319,-0.0128252786275098,0.030438902904295385,-0.14589628148461564
071050,2022Q1,-5,2022-04-28,0.0142859572474769,0.0107151363472306,0.002599546612216298,0.09607633293182793
071050,2022Q1,-4,2022-04-29,0.0014174346809738,0.0102788234849864,-0.009780635095796865,-0.01590837077891294
071050,2022Q1,-3,2022-05-02,-0.0085349024498384,-0.0028240047216536,-0.005067701204881799,-0.3829680065917138
071050,2022Q1,-2,2022-05-03,0.0141846349919578,-0.0026043634486221,0.017406003906232405,-0.049598853507832885
071050,2022Q1,-1,2022-05-04,0.0014074597678792,-0.0010787146927331,0.0029212543984785486,-0.07372892444572798
071050,2022Q1,0,2022-05-06,-0.0141645427686505,-0.0124238956765481,4.728554553774106e-05,0.4364276872726123
071050,2022Q1,1,2022-05-09,-0.0028571448007799,-0.0128252786275098,0.011803929253833374,0.20509666988786357
071050,2022Q1,2,2022-05-10,-0.0187731145079261,-0.0054730033839893,-0.012341035550563925,0.3611917051593565
071050,2022Q1,3,2022-05-11,-0.0161649368533538,-0.0016535673650599,-0.01400774141612825,0.12065068045126282
039490,2022Q1,-5,2022-05-03,0.0,-0.0026043634486221,0.0022834935388389528,-0.1276805722098615
039490,2022Q1,-4,2022-05-04,-0.0021459235702767,-0.0010787146927331,-0.0013674791082655792,-0.6276470906291234
039490,2022Q1,-3,2022-05-06,-0.0184287058229184,-0.0124238956765481,-0.0064582657588882885,-0.408587067009174
039490,2022Q1,-2,2022-05-09,-0.026609108727964,-0.0128252786275098,-0.014242705282803397,0.20380520893547605
039490,2022Q1,-1,2022-05-10,-0.0112995552539327,-0.0054730033839893,-0.006186154851006892,0.6514946396579582
039490,2022Q1,0,2022-05-11,-0.0253178079842903,-0.0016535673650599,-0.023972272649981172,0.7256189829496495
039490,2022Q1,1,2022-05-12,-0.0307716586667528,-0.0164091854026047,-0.01486973922390732,0.6872887689842315
039490,2022Q1,2,2022-05-13,0.0307716586667528,0.0210161203844911,0.009753597866802508,0.5032639539370205
039490,2022Q1,3,2022-05-16,0.0011648224962925,-0.0029456576260606,0.003785001975914208,0.05710325187215304
006800,2022Q1,-5,2022-05-06,-0.0050729341511939,-0.0124238956765481,0.008057272871617272,-0.23676008688097916
006800,2022Q1,-4,2022-05-09,-0.0165377783592486,-0.0128252786275098,-0.0030164322206084216,-0.041249082788851865
006800,2022Q1,-3,2022-05-10,0.0203448895566129,-0.0054730033839893,0.026701600448061177,0.22652604149842048
006800,2022Q1,-2,2022-05-11,-0.0242304015036403,-0.0016535673650599,-0.021595649464281018,-0.1790706344955062
006800,2022Q1,-1,2022-05-12,-0.0091253403404643,-0.0164091854026047,0.00788844643090709,0.03975100239079765
006800,2022Q1,0,2022-05-13,0.0117173583805882,0.0210161203844911,-0.007739016273984021,-0.04299697188237772
006800,2022Q1,1,2022-05-16,-0.0038905508806852,-0.0029456576260606,3.3155307424350723e-06,-0.1881368675468611
006800,2022Q1,2,2022-05-17,0.0167508104248153,0.0091469956218972,0.00886064443501548,-0.12964394444020044
006800,2022Q1,3,2022-05-18,-0.0025588550297968,0.0021119320238049,-0.003593501748123603,-0.124790824096225
016360,2022Q1,-5,2022-05-06,-0.0127066512691147,-0.0124238956765481,-0.0003411037460701854,0.13337952534203268
016360,2022Q1,-4,2022-05-09,-0.0193679391780552,-0.0128252786275098,-0.006620541578539111,0.3673521880137951
016360,2022Q1,-3,2022-05-10,-0.0104850239716256,-0.0054730033839893,-0.00473211095908999,0.5632189367768206
016360,2022Q1,-2,2022-05-11,-0.0092654534457903,-0.0016535673650599,-0.0071461076597949995,-0.11546811217600172
016360,2022Q1,-1,2022-05-12,-0.0160861377516248,-0.0164091854026047,7.075961079366574e-05,0.4133223960799448
016360,2022Q1,0,2022-05-13,0.0279831716634717,0.0210161203844911,0.008536025947991358,0.3264851975608689
016360,2022Q1,1,2022-05-16,-0.0199077576579256,-0.0029456576260606,-0.01655919980951171,0.3353084999598188
016360,2022Q1,2,2022-05-17,0.0106667678041958,0.0091469956218972,0.002511148516004048,0.15487902498012218
016360,2022Q1,3,2022-05-18,0.0039708854294921,0.0021119320238049,0.00250797585026417,0.15712045718413492
105560,2022Q2,-5,2022-07-15,-0.0290848241789571,0.0037220561821316,-0.029268176492071925,0.5200338487678717
105560,2022Q2,-4,2022-07-18,0.0465716085666727,0.0188139234754771,0.03484068829979758,0.14972740308320276
105560,2022Q2,-3,2022-07-19,0.0032450001433268,-0.0018035533470719,0.007289577368961476,-0.3588669623493228
105560,2022Q2,-2,2022-07-20,0.0464218368512483,0.0066754041533618,0.04397872530980271,0.44882201944680844
105560,2022Q2,-1,2022-07-21,0.0030880106885771,0.0093035566349799,-0.0013660361986696464,0.08594910108081955
105560,2022Q2,0,2022-07-22,-0.0186727417052754,-0.0066718362485529,-0.01090318952920705,0.2808589333613405
105560,2022Q2,1,2022-07-25,0.0020920509722248,0.0043987659368589,0.0013909130381662008,-0.4654321739338396
105560,2022Q2,2,2022-07-26,-0.0031397200046683,0.0038491612073165,-0.003420326944202627,-0.8925005930537999
105560,2022Q2,3,2022-07-27,0.0,0.0010645434109974,0.00185004810819615,-0.39508790640232583
024110,2022Q2,-5,2022-07-15,-0.0167508104248153,0.0037220561821316,-0.017128007586163237,0.2504364148110607
024110,2022Q2,-4,2022-07-18,0.0321357292642954,0.0188139234754771,0.022637776412020496,0.2883200332761948
024110,2022Q2,-3,2022-07-19,0.0032661977866208,-0.0018035533470719,0.006228397505706943,-0.24336541620106011
024110,2022Q2,-2,2022-07-20,0.0151027681857556,0.0066754041533618,0.012940717977908718,0.20959279633488315
024110,2022Q2,-1,2022-07-21,0.00533904097942,0.0093035566349799,0.0015886693109204938,-0.2845877077004868
024110,2022Q2,0,2022-07-22,-0.00533904097942,-0.0066718362485529,0.0005653008958129684,-0.4263155907532692
024110,2022Q2,1,2022-07-25,0.00533904097942,0.0043987659368589,0.004552874919355578,-0.46133592249851674
024110,2022Q2,2,2022-07-26,-0.0096308930609598,0.0038491612073165,-0.010084906023776636,-0.5359103955927793
024110,2022Q2,3,2022-07-27,0.0021482285382887,0.0010645434109974,0.0033770967007274947,-0.43054745261350824
055550,2022Q2,-5,2022-07-15,-0.0178046246335075,0.0037220561821316,-0.01974384350118606,0.3131255226647127
055550,2022Q2,-4,2022-07-18,0.036741825653257,0.0188139234754771,0.023321318351350304,0.05089872297909537
055550,2022Q2,-3,2022-07-19,-0.0014440435722331,-0.0018035533470719,0.0008204000722599307,-0.4656364849592354
055550,2022Q2,-2,2022-07-20,0.0270864741855714,0.0066754041533618,0.022900466418596884,0.2726855694161241
055550,2022Q2,-1,2022-07-21,0.0084034107963795,0.0093035566349799,0.002218009839412196,-0.14531607392489398
055550,2022Q2,0,2022-07-22,-0.005594420185325,-0.0066718362485529,0.0003736181890242893,-0.09255181838854831
055550,2022Q2,1,2022-07-25,0.0097697915958061,0.0043987659368589,0.007315759038789993,0.2703242338844003
055550,2022Q2,2,2022-07-26,-0.0069686693160946,0.0038491612073165,-0.00900458459828716,-0.26460161045420527
055550,2022Q2,3,2022-07-27,-0.0028011222797115,0.0010645434109974,-0.0027186118245719143,-0.29600130058439866
086790,2022Q2,-5,2022-07-15,-0.0276783874221457,0.0037220561821316,-0.028042721584817413,0.5157080369373563
086790,2022Q2,-4,2022-07-18,0.0504066384997017,0.0188139234754771,0.037205281193772116,0.5110944596683673
086790,2022Q2,-3,2022-07-19,0.0014035090023192,-0.0018035533470719,0.00573921467091926,0.16106383510819455
086790,2022Q2,-2,2022-07-20,0.0262990935470153,0.0066754041533618,0.023422664921818562,0.753965820625222
086790,2022Q2,-1,2022-07-21,0.0216224640131663,0.0093035566349799,0.016510549640926304,0.7158177436432567
086790,2022Q2,0,2022-07-22,-0.0339937558157128,-0.0066718362485529,-0.02551712715464819,0.51294014402092
086790,2022Q2,1,2022-07-25,0.0027624326959099,0.0043987659368589,0.0018224945596640825,0.586099450095313
086790,2022Q2,2,2022-07-26,-0.0097020858064507,0.0038491612073165,-0.010174534499830115,0.40950760232087013
086790,2022Q2,3,2022-07-27,0.0055555698446028,0.0010645434109974,0.007451695059386341,0.049838016681837516
316140,2022Q2,-5,2022-07-15,-0.0269074529199251,0.0037220561821316,-0.027764858242495558,0.06891990852484753
316140,2022Q2,-4,2022-07-18,0.0574109072133399,0.0188139234754771,0.042285080070578344,0.169512128646101
316140,2022Q2,-3,2022-07-19,-0.004301081899392,-0.0018035533470719,6.563289809100384e-05,-0.6396316131531723
316140,2022Q2,-2,2022-07-20,0.029726180265202,0.0066754041533618,0.026076568132418015,0.32165989297869935
316140,2022Q2,-1,2022-07-21,0.0207046733616902,0.0093035566349799,0.014570306527144167,0.04987556122251213
316140,2022Q2,0,2022-07-22,-0.0123712918025464,-0.0066718362485529,-0.0034019183261745946,-0.2497621236579839
316140,2022Q2,1,2022-07-25,-0.0083333815591437,0.0043987659368589,-0.009830573863842252,-0.5985178253020429
316140,2022Q2,2,2022-07-26,-0.0041928782600368,0.0038491612073165,-0.005170453478058424,-0.4596286640054199
316140,2022Q2,3,2022-07-27,-0.0042105325363426,0.0010645434109974,-0.0025554248296070555,-0.4529011612582856
005940,2022Q2,-5,2022-07-19,-0.0064377904748482,-0.0018035533470719,-0.004214002513279212,-0.1304400909454273
005940,2022Q2,-4,2022-07-20,0.0170761886799049,0.0066754041533618,0.011547255175276331,0.29587344731674925
005940,2022Q2,-3,2022-07-21,0.0094787439545438,0.0093035566349799,0.0015467633583784689,-0.274325128599866
005940,2022Q2,-2,2022-07-22,-0.0126583968719238,-0.0066718362485529,-0.005983302089686853,-0.23293354628397545
005940,2022Q2,-1,2022-07-25,0.0126583968719238,0.0043987659368589,0.009211103942913749,-0.2503957929055751
005940,2022Q2,0,2022-07-26,0.0010476690324434,0.0038491612073165,-0.001897093675790203,-0.5941190678530202
005940,2022Q2,1,2022-07-27,0.0145532714100351,0.0010645434109974,0.014154619607956477,-0.401858306420948
005940,2022Q2,2,2022-07-28,0.0020618564005587,0.0081389045119166,-0.00480522635708538,-0.43873768903542576
005940,2022Q2,3,2022-07-29,0.0244162688672684,0.0066424407446223,0.01891747540362019,0.4028470753249458
029780,2022Q2,-5,2022-07-18,0.0248975516217271,0.0188139234754771,0.01653985934697041,-0.023667501329853735
029780,2022Q2,-4,2022-07-19,-0.0049301661078597,-0.0018035533470719,-0.0034887831946315245,-0.7863774181486889
029780,2022Q2,-3,2022-07-20,0.0065681681120981,0.0066754041533618,0.003979671773971506,-0.2044692406329709
029780,2022Q2,-2,2022-07-21,0.0097720647337915,0.0093035566349799,0.0059344599817440224,-0.24820978870659793
029780,2022Q2,-1,2022-07-22,-0.0048740957582449,-0.0066718362485529,-0.001118915157812846,-0.1774075497724823
029780,2022Q2,0,2022-07-25,0.0129451645920362,0.0043987659368589,0.011438708954202901,0.26344470634998984
029780,2022Q2,1,2022-07-26,0.0048115569972235,0.0038491612073165,0.0035663175166732253,-0.13465546394620098
029780,2022Q2,2,2022-07-27,0.0079681696491764,0.0010645434109974,0.008046403423417838,-0.2253706712209933
029780,2022Q2,3,2022-07-28,-0.006369448285481,0.0081389045119166,-0.009653517131075474,-0.48646327373055165
175330,2022Q2,-5,2022-07-19,0.0055555698446028,-0.0018035533470719,0.00860495825525997,0.2007850508972897
175330,2022Q2,-4,2022-07-20,0.0082759093038582,0.0066754041533618,0.004133954954302789,0.26222742402105403
175330,2022Q2,-3,2022-07-21,0.0163491380015301,0.0093035566349799,0.009978142485009021,-0.011773070417712361
175330,2022Q2,-2,2022-07-22,0.0026990569691651,-0.0066718362485529,0.009877430693929738,-0.18997689231505888
175330,2022Q2,-1,2022-07-25,-0.0108402145528643,0.0043987659368589,-0.013051261033730197,-0.6994874086525762
175330,2022Q2,0,2022-07-26,0.0,0.0038491612073165,-0.0017449047420293512,-0.7601429836633944
175330,2022Q2,1,2022-07-27,0.0067888923336862,0.0010645434109974,0.007405733245942082,-0.09516421169923284
175330,2022Q2,2,2022-07-28,0.0080862974313564,0.0081389045119166,0.002703089931573115,-0.17468903284295223
175330,2022Q2,3,2022-07-29,0.0013413818242025,0.0066424407446223,-0.0027726149408528584,0.21827023704973492
138930,2022Q2,-5,2022-07-22,0.0,-0.0066718362485529,0.0072047632866529794,-0.36059793069501644
138930,2022Q2,-4,2022-07-25,0.0015003753752349,0.0043987659368589,-0.00041096495208547685,-0.4349402546462571
138930,2022Q2,-3,2022-07-26,-0.0075244899786159,0.0038491612073165,-0.008983257484934674,-0.6552386222932416
138930,2022Q2,-2,2022-07-27,0.006024114603381,0.0010645434109974,0.006858344707437005,-0.34506831157614215
138930,2022Q2,-1,2022-07-28,0.0163816023718865,0.0081389045119166,0.011390439446860126,-0.00259375531248196
138930,2022Q2,0,2022-07-29,0.0029498546464203,0.0066424407446223,-0.0008090429935985171,0.15966838693265117
138930,2022Q2,1,2022-08-01,-0.0059084366861661,0.0003058883531368,-0.004449490961505855,-0.14941760866821419
138930,2022Q2,2,2022-08-02,-0.0164305413960956,-0.0051636329553277,-0.010467710324303915,0.06777064999834614
138930,2022Q2,3,2022-08-03,0.0,0.0089082498483232,-0.005624681471185646,-0.20584713884187167
139130,2022Q2,-5,2022-07-22,-0.0012779554454915,-0.0066718362485529,0.005143628903907727,-0.4197580830820975
139130,2022Q2,-4,2022-07-25,-0.0154642256975812,0.0043987659368589,-0.017246648368775548,-0.1368095246051908
139130,2022Q2,-3,2022-07-26,-0.0026007817000586,0.0038491612073165,-0.003975912971544005,-1.3287710280271483
139130,2022Q2,-2,2022-07-27,0.0026007817000586,0.0010645434109974,0.0032892259746962024,-0.5797850435829481
139130,2022Q2,-1,2022-07-28,0.007762005335488,0.0081389045119166,0.0032079065970061814,-0.9765841203407355
139130,2022Q2,0,2022-07-29,-0.0051679701584426,0.0066424407446223,-0.008613095866611372,0.16764735299875966
139130,2022Q2,1,2022-08-01,-0.0025940351770454,0.0003058883531368,-0.0013433801647571542,-0.5674047057617546
139130,2022Q2,2,2022-08-02,-0.0183491386681975,-0.0051636329553277,-0.013045227070367895,-0.10179433870623988
139130,2022Q2,3,2022-08-03,-0.0053050522296924,0.0089082498483232,-0.010429283869296606,-0.09318898669080689
071050,2022Q2,-5,2022-07-27,0.0016012813669732,0.0010645434109974,0.0004982872226088689,-0.05652131468908017
071050,2022Q2,-4,2022-07-28,-0.0048115569972218,0.0081389045119166,-0.014026246181642502,0.1674445798586035
071050,2022Q2,-3,2022-07-29,0.0143657698020334,0.0066424407446223,0.006866975176233405,0.4567803364854921
071050,2022Q2,-2,2022-08-01,-0.0127593437537587,0.0003058883531368,-0.012992439064550358,-0.3298062299566986
071050,2022Q2,-1,2022-08-02,-0.0080580613297627,-0.0051636329553277,-0.002019623672921517,-0.40898123762253924
071050,2022Q2,0,2022-08-03,-0.0016194335523032,0.0089082498483232,-0.011716279395168866,0.20238663303080884
071050,2022Q2,1,2022-08-04,-0.0179890378360738,0.0047259240189108,-0.023290291369983666,0.12810804314569957
071050,2022Q2,2,2022-08-05,0.0308716636670869,0.0071274522453554,0.022816738907591044,0.27598401932018746
071050,2022Q2,3,2022-08-08,-0.0080321716972626,0.0009229916024837,-0.0089728578838267,-0.4956631701755505
323410,2022Q2,-5,2022-07-27,-0.0050041805845761,0.0010645434109974,-0.0027187681321591585,0.4383257586003122
323410,2022Q2,-4,2022-07-28,0.0050041805845761,0.0081389045119166,-0.0021934861336569186,-0.11737923189074984
323410,2022Q2,-3,2022-07-29,0.0278935229224828,0.0066424407446223,0.022701844332197765,0.511781101831815
323410,2022Q2,-2,2022-08-01,-0.00324149392417,0.0003058883531368,6.0884707139237555e-05,-0.6714075101211794
323410,2022Q2,-1,2022-08-02,-0.0147181724740228,-0.0051636329553277,-0.004083979300904775,-0.6818685030166431
323410,2022Q2,0,2022-08-03,0.034011375408701,0.0089082498483232,0.02578241234714644,0.3171962928590659
323410,2022Q2,1,2022-08-04,0.0466647648571179,0.0047259240189108,0.0440421493359255,1.1759942033647857
323410,2022Q2,2,2022-08-05,-0.0184054275427154,0.0071274522453554,-0.02424725706458493,0.09996264074409034
323410,2022Q2,3,2022-08-08,-0.0093313274288835,0.0009229916024837,-0.006856166815786765,-0.32150820680839054
006800,2022Q2,-5,2022-08-03,0.0015535190323419,0.0089082498483232,-0.006514958088155349,-0.48096239844806377
006800,2022Q2,-4,2022-08-04,0.0044916051661214,0.0047259240189108,0.0010821125481709675,-0.3177380347418719
006800,2022Q2,-3,2022-08-05,0.0229157598675797,0.0071274522453554,0.016831037426369395,-0.015042216077109316
006800,2022Q2,-2,2022-08-08,-0.0060597064687275,0.0009229916024837,-0.005232847373531744,-0.7520121221077503
006800,2022Q2,-1,2022-08-09,-0.0015206815582509,0.0041468042034633,-0.004285052214083246,-0.7443631851160326
006800,2022Q2,0,2022-08-10,0.0030390541548523,-0.0090604707155588,0.014987188377494303,-0.38883585314631297
006800,2022Q2,1,2022-08-11,0.0178938689130081,0.0171445005454611,0.000650457575956262,-0.29341658002958937
006800,2022Q2,2,2022-08-12,0.0059435539008472,0.0016469293918781,0.0059639681901703405,-0.582392325282882
006800,2022Q2,3,2022-08-16,-0.0102748279410977,0.002204929182012,-0.010876008544352183,-0.5348438339836274
039490,2022Q2,-5,2022-08-03,0.0218455289259793,0.0089082498483232,0.009900512747763936,-0.23954037935067873
039490,2022Q2,-4,2022-08-04,0.0237259053248362,0.0047259240189108,0.017433192454320276,-0.003983840560215057
039490,2022Q2,-3,2022-08-05,0.0345656531122813,0.0071274522453554,0.025027338035833582,0.2829353355411488
039490,2022Q2,-2,2022-08-08,-0.0159820753385684,0.0009229916024837,-0.017135225115945712,-0.5594230047682185
039490,2022Q2,-1,2022-08-09,0.0159820753385684,0.0041468042034633,0.010472027660082263,-0.8314368541732762
039490,2022Q2,0,2022-08-10,-0.0287211011159982,-0.0090604707155588,-0.01638186426827785,-0.5804690953601916
039490,2022Q2,1,2022-08-11,0.0555383506271738,0.0171445005454611,0.032462258354627696,0.195446342215309
039490,2022Q2,2,2022-08-12,-0.0044198966981507,0.0016469293918781,-0.006551429348709721,-1.0186713339102553
039490,2022Q2,3,2022-08-16,-0.0044395189453645,0.002204929182012,-0.007325173629479323,-0.7728496977595221
016360,2022Q2,-5,2022-08-05,0.0186652942193585,0.0071274522453554,0.011417519541141143,-0.031477562162471884
016360,2022Q2,-4,2022-08-08,0.0,0.0009229916024837,-0.0003423395411468802,-0.58579213621646
016360,2022Q2,-3,2022-08-09,0.0099080782246971,0.0041468042034633,0.005977702576703175,-0.40953356961697196
016360,2022Q2,-2,2022-08-10,-0.0156142278015511,-0.0090604707155588,-0.004845182252386379,-0.5018766777658943
016360,2022Q2,-1,2022-08-11,0.0156142278015511,0.0171445005454611,-0.002782312463688508,-0.4018147901671103
016360,2022Q2,0,2022-08-12,0.0056179923042218,0.0016469293918781,0.004469925120385997,-0.013871974442340118
016360,2022Q2,1,2022-08-16,-0.0070274358074566,0.002204929182012,-0.008796545105838743,-0.07209114541929473
016360,2022Q2,2,2022-08-17,0.0098246404285191,-0.0067525336274165,0.018025000191770047,0.007090618917098723
016360,2022Q2,3,2022-08-18,-0.0197467629348349,-0.0033515359572149,-0.015331642560585038,0.3213170953355835
175330,2022Q3,-5,2022-10-17,0.0068918260379202,0.0032308205392501,0.0035230590044376146,-0.42494578602730293
175330,2022Q3,-4,2022-10-18,0.0068446536899653,0.0135314329227043,-0.0036341512355986564,0.21833495468244202
175330,2022Q3,-3,2022-10-19,0.0027247973261861,-0.005575643068302,0.005434726161845036,0.27538925755190036
175330,2022Q3,-2,2022-10-20,0.004073325387635,-0.0086858241511231,0.008930068852064304,-0.2781999337507628
175330,2022Q3,-1,2022-10-21,-0.0274742555522475,-0.0022431672419518,-0.02706458115950447,-0.025835948138297482
175330,2022Q3,0,2022-10-24,-0.0055866067086398,0.0103567321952384,-0.013874062068952815,0.13999403931621401
175330,2022Q3,1,2022-10-25,-0.0070274358074566,-0.0004874917086992,-0.007829623302427874,0.003465814212928464
175330,2022Q3,2,2022-10-26,0.0,0.0064620895135716,-0.005599163051862663,-0.5958581532165166
175330,2022Q3,3,2022-10-27,0.0153956854779728,0.0172842697283224,0.0023264703032470826,-0.10805317630190991
055550,2022Q3,-5,2022-10-18,0.0150791068271196,0.0135314329227043,0.001133629196371574,-0.15285784973127114
055550,2022Q3,-4,2022-10-19,0.00813012608325,-0.005575643068302,0.011409610733176156,0.08137913382896045
055550,2022Q3,-3,2022-10-20,-0.0135871655463066,-0.0086858241511231,-0.007503863511508132,0.4006163640827083
055550,2022Q3,-2,2022-10-21,-0.0054869822162597,-0.0022431672419518,-0.005211712886205604,0.26307052640340167
055550,2022Q3,-1,2022-10-24,-0.0180435151939359,0.0103567321952384,-0.0291270112054781,0.17222185860884665
055550,2022Q3,0,2022-10-25,0.0055866067086398,-0.0004874917086992,0.004279140676589657,0.10195207368407999
055550,2022Q3,1,2022-10-26,-0.018271766235955,0.0064620895135716,-0.02584425547074123,0.3337884999703036
055550,2022Q3,2,2022-10-27,0.019663554908778,0.0172842697283224,0.0023349080033212323,0.0375900593811096
055550,2022Q3,3,2022-10-28,0.0179191562402643,-0.0089442432053576,0.024235422150011083,0.08001252914814927
086790,2022Q3,-5,2022-10-18,0.0283159201172882,0.0135314329227043,0.009515278270600218,-0.0955856958696053
086790,2022Q3,-4,2022-10-19,0.002534855603189,-0.005575643068302,0.006649665021030366,0.08885884160967272
086790,2022Q3,-3,2022-10-20,-0.0089002494702654,-0.0086858241511231,-0.001055345345060365,0.15168853637181456
086790,2022Q3,-2,2022-10-21,-0.0089801758075829,-0.0022431672419518,-0.008862063080794381,-0.010115275288340442
086790,2022Q3,-1,2022-10-24,-0.0261111440036856,0.0103567321952384,-0.04110431160188292,0.048867037680725645
086790,2022Q3,0,2022-10-25,0.0092166551049235,-0.0004874917086992,0.0072291553802038035,-0.02111072978584616
086790,2022Q3,1,2022-10-26,0.0271509890659498,0.0064620895135716,0.016828734725568603,0.5911029434791413
086790,2022Q3,2,2022-10-27,0.0473313747057719,0.0172842697283224,0.024029889874874675,0.5919823748579986
086790,2022Q3,3,2022-10-28,0.0060642999675124,-0.0089442432053576,0.014219130595648801,0.5237429769434172
105560,2022Q3,-5,2022-10-19,0.0115486847847829,-0.005575643068302,0.016503361927090787,0.4243227955877735
105560,2022Q3,-4,2022-10-20,-0.029663191823559,-0.0086858241511231,-0.021184321627241168,0.5811482015853073
105560,2022Q3,-3,2022-10-21,-0.0108109161042158,-0.0022431672419518,-0.009632317539695005,-0.11931617694263252
105560,2022Q3,-2,2022-10-24,-0.0186511166261009,0.0103567321952384,-0.031749653988820806,0.2273732820265142
105560,2022Q3,-1,2022-10-25,0.0132015118585364,-0.0004874917086992,0.012390728019068108,0.11050101982506888
105560,2022Q3,0,2022-10-26,-0.0098847592325412,0.0064620895135716,-0.01857021828210673,-0.005789933289189975
105560,2022Q3,1,2022-10-27,0.03684056922107,0.0172842697283224,0.015892334684659146,0.13904589130754808
105560,2022Q3,2,2022-10-28,0.016878037787352,-0.0089442432053576,0.025649726508284797,0.3134479968128403
105560,2022Q3,3,2022-10-31,0.0052164959188907,0.011052348263929,-0.008670254493891711,-0.19146413513599825
316140,2022Q3,-5,2022-10-18,0.0127390257774298,0.0135314329227043,-0.005233357009183695,0.11100763579692874
316140,2022Q3,-4,2022-10-19,0.0125787822068588,-0.005575643068302,0.017937309878389856,0.03511193271695845
316140,2022Q3,-3,2022-10-20,0.0,-0.0086858241511231,0.009156249331614979,0.6541545230792529
316140,2022Q3,-2,2022-10-21,-0.0210534091978313,-0.0022431672419518,-0.019764038688029468,0.34920002941201744
316140,2022Q3,-1,2022-10-24,-0.0258635105899198,0.0103567321952384,-0.03995938927727827,0.4058806824193617
316140,2022Q3,0,2022-10-25,0.0043573053689556,-0.0004874917086992,0.0035028884840167516,0.019154936386547305
316140,2022Q3,1,2022-10-26,-0.0131292914417926,0.0064620895135716,-0.022469572793629582,0.0960074161276463
316140,2022Q3,2,2022-10-27,0.026088436084299,0.0172842697283224,0.003533609625136224,0.010205393502602078
316140,2022Q3,3,2022-10-28,0.0170216875694304,-0.0089442432053576,0.026493482399365553,0.12837130273948283
016360,2022Q3,-5,2022-10-20,-0.0416060008324628,-0.0086858241511231,-0.03324006091887908,1.4279011145752651
016360,2022Q3,-4,2022-10-21,-0.0098522964430127,-0.0022431672419518,-0.00794308968156586,0.5366906249637555
016360,2022Q3,-3,2022-10-24,0.0276665327181397,0.0103567321952384,0.01694831114425382,1.2020320252212677
016360,2022Q3,-2,2022-10-25,-0.0210875616200958,-0.0004874917086992,-0.02093786628068521,0.6241585583127947
016360,2022Q3,-1,2022-10-26,0.0,0.0064620895135716,-0.006815069679727379,0.35612595626233556
016360,2022Q3,0,2022-10-27,0.0433106984048059,0.0172842697283224,0.025649803663136916,0.8689217186859182
016360,2022Q3,1,2022-10-28,0.0046985207815541,-0.0089442432053576,0.013323444356404111,0.5830845123418111
016360,2022Q3,2,2022-10-31,-0.0078431774610265,0.011052348263929,-0.01925853492080444,0.31098954137610235
016360,2022Q3,3,2022-11-01,0.0109633047972703,0.0179790501813972,-0.00739388838897964,-0.3348354915530951
024110,2022Q3,-5,2022-10-20,0.0,-0.0086858241511231,0.003245951595363791,0.543879579660338
024110,2022Q3,-4,2022-10-21,-0.0048426244757866,-0.0022431672419518,-0.005794387063530482,-0.06664592963349492
024110,2022Q3,-3,2022-10-24,-0.0245712607305055,0.0103567321952384,-0.03373248989684869,0.2314904904636137
024110,2022Q3,-2,2022-10-25,0.0099010709827105,-0.0004874917086992,0.007805397708619434,0.0954724856959821
024110,2022Q3,-1,2022-10-26,-0.014888612493749,0.0064620895135716,-0.02151228657164777,-0.18339701240789275
024110,2022Q3,0,2022-10-27,0.0440168854167737,0.0172842697283224,0.030342018015986964,0.5949495986260356
024110,2022Q3,1,2022-10-28,0.0047732787526566,-0.0089442432053576,0.008187603325883178,-0.02589883767408807
024110,2022Q3,2,2022-10-31,-0.0047732787526566,0.011052348263929,-0.014387736684508538,0.015103825955877781
024110,2022Q3,3,2022-11-01,0.0,0.0179790501813972,-0.014127551720801719,-0.6308659533444967
029780,2022Q3,-5,2022-10-19,-0.0032626456348161,-0.005575643068302,-0.0010663635450333321,-0.14347216602437207
029780,2022Q3,-4,2022-10-20,-0.0082034914528286,-0.0086858241511231,-0.0044282054791231675,0.26824903553796453
029780,2022Q3,-3,2022-10-21,0.0082034914528286,-0.0022431672419518,0.008707913122666801,-0.016756226813289032
029780,2022Q3,-2,2022-10-24,0.0016326534238846,0.0103567321952384,-0.004259751849328445,-0.08436617603356922
029780,2022Q3,-1,2022-10-25,-0.003267976764615,-0.0004874917086992,-0.0036548917764980117,-0.07259835351263177
029780,2022Q3,0,2022-10-26,-0.0098685011407546,0.0064620895135716,-0.013783640217214628,0.2323697784269747
029780,2022Q3,1,2022-10-27,0.0180185055026793,0.0172842697283224,0.008609067497456402,0.2339365090911727
029780,2022Q3,2,2022-10-28,0.0048583091510749,-0.0089442432053576,0.008764791566225399,0.3837855658369804
029780,2022Q3,3,2022-10-31,-0.0016168152269049,0.011052348263929,-0.0078623769385801,-0.1879703601694125
005940,2022Q3,-5,2022-10-21,-0.0056529263027886,-0.0022431672419518,-0.0038054653513816166,0.10637198535796699
005940,2022Q3,-4,2022-10-24,0.0123945248697072,0.0103567321952384,0.0050199768201872625,-0.13539672340830755
005940,2022Q3,-3,2022-10-25,-0.0180795885043156,-0.0004874917086992,-0.01751712634603972,0.2071741523824322
005940,2022Q3,-2,2022-10-26,-0.0011409014357912,0.0064620895135716,-0.005664916427903274,0.20766399387724377
005940,2022Q3,-1,2022-10-27,0.0325688527635339,0.0172842697283224,0.02012396158922737,0.2600568486652879
005940,2022Q3,0,2022-10-28,0.0022075064152105,-0.0089442432053576,0.008959560705515134,0.1778090750605763
005940,2022Q3,1,2022-10-31,-0.0110865880563402,0.011052348263929,-0.018970265379362077,0.05354748008553223
005940,2022Q3,2,2022-11-01,0.005558658003828,0.0179790501813972,-0.007394750847453946,-0.8033709560888802
005940,2022Q3,3,2022-11-02,0.0022148403295521,0.0007063847322923,0.0019034908086394183,-0.4081116679599859
138930,2022Q3,-5,2022-10-21,-0.0269216575662643,-0.0022431672419518,-0.025498638229560014,0.5130742679211782
138930,2022Q3,-4,2022-10-24,-0.0016064260482728,0.0103567321952384,-0.011231606880311898,0.4016782106093988
138930,2022Q3,-3,2022-10-25,0.0032102756302485,-0.0004874917086992,0.0030938338927249134,0.13298802810964538
138930,2022Q3,-2,2022-10-26,0.0016012813669732,0.0064620895135716,-0.004608888722537159,-0.03125875354425922
138930,2022Q3,-1,2022-10-27,0.0299470763679519,0.0172842697283224,0.014247496154907696,0.17067556458237299
138930,2022Q3,0,2022-10-28,0.0015515906914185,-0.0089442432053576,0.008850436970926714,0.08493241343598079
138930,2022Q3,1,2022-10-31,-0.0062208598751016,0.011052348263929,-0.01645599046156524,-0.09505744106309955
138930,2022Q3,2,2022-11-01,0.0062208598751016,0.0179790501813972,-0.010087937384250425,-0.6031752165588209
138930,2022Q3,3,2022-11-02,-0.0062208598751016,0.0007063847322923,-0.00738415011824806,-0.12916855425718055
139130,2022Q3,-5,2022-10-21,-0.0209944729962536,-0.0022431672419518,-0.019223473266471457,0.21444221584334855
139130,2022Q3,-4,2022-10-24,-0.0099503308531687,0.0103567321952384,-0.014278784194314097,0.4866456508583994
139130,2022Q3,-3,2022-10-25,-0.001429592809595,-0.0004874917086992,-0.0005084935553072837,0.6698513097874237
139130,2022Q3,-2,2022-10-26,-0.002865331473286,0.0064620895135716,-0.0053084372064384645,0.44249691859291396
139130,2022Q3,-1,2022-10-27,0.0128298267327178,0.0172842697283224,0.005147839477213022,0.0024024564521543113
139130,2022Q3,0,2022-10-28,-0.0128298267327178,-0.0089442432053576,-0.007814920290246132,0.6685705782418623
139130,2022Q3,1,2022-10-31,-0.0261642832018278,0.011052348263929,-0.030829475545336823,1.2196628385799553
139130,2022Q3,2,2022-11-01,-0.0059084366861661,0.0179790501813972,-0.013926758433009688,0.585477039186209
139130,2022Q3,3,2022-11-02,-0.0014825799602231,0.0007063847322923,-0.0011394212967007294,0.20178362301557407
323410,2022Q3,-5,2022-10-26,-0.024769068112409,0.0064620895135716,-0.028410060794476933,0.20496067656220518
323410,2022Q3,-4,2022-10-27,0.0186340795448938,0.0172842697283224,-0.004285028912570019,-0.11450180979557878
323410,2022Q3,-3,2022-10-28,-0.0249234084524569,-0.0089442432053576,-0.0011202946849792651,0.33997416591204477
323410,2022Q3,-2,2022-10-31,0.0759089631853253,0.011052348263929,0.06409110245334275,0.5974589366218535
323410,2022Q3,-1,2022-11-01,0.0116280379951181,0.0179790501813972,-0.012528719230622716,0.17525025866519073
323410,2022Q3,0,2022-11-02,0.1574482920488158,0.0007063847322923,0.16406023740147613,2.462159646351255
323410,2022Q3,1,2022-11-03,-0.0199507864193488,-0.0033005298875306,-0.006201114433954616,1.394958514922136
323410,2022Q3,2,2022-11-04,0.0539346392349457,0.0082350432757349,0.047135391264833224,1.6850464810005317
323410,2022Q3,3,2022-11-07,-0.0217137602237826,0.0098979701293577,-0.031475266793734274,0.5055121402468696
039490,2022Q3,-5,2022-11-02,-0.0138978863610095,0.0007063847322923,-0.01604755660049728,0.017009098048324844
039490,2022Q3,-4,2022-11-03,-0.0375935389917572,-0.0033005298875306,-0.0327029677496316,0.7616326551422681
039490,2022Q3,-3,2022-11-04,0.0234997759158979,0.0082350432757349,0.008122078825967705,0.052585320263187185
039490,2022Q3,-2,2022-11-07,0.0649416656703447,0.0098979701293577,0.04664216771202428,0.6763767468096233
039490,2022Q3,-1,2022-11-08,-0.0109423584209444,0.0114237128129177,-0.031922621494130686,0.27729686243023366
039490,2022Q3,0,2022-11-09,0.0500700526448056,0.0105194859508861,0.03067853704114871,0.9581191711018988
039490,2022Q3,1,2022-11-10,-0.0023282897595908,-0.0091906950840359,0.012911437699850183,0.3198838120876797
039490,2022Q3,2,2022-11-11,0.076270135158218,0.0331344427529662,0.017143618415471164,1.3684808722828254
039490,2022Q3,3,2022-11-14,-0.0097667623897148,-0.003432974818267,-0.004643482346960692,0.04169734040089068
071050,2022Q3,-5,2022-11-03,-0.0139862419747398,-0.0033005298875306,-0.007291232184121961,-0.15171917742718222
071050,2022Q3,-4,2022-11-04,0.0297345989428787,0.0082350432757349,0.020684344594099863,0.022097757442359978
071050,2022Q3,-3,2022-11-07,0.0345523815066606,0.0098979701293577,0.02323234635165654,0.14560375669198677
071050,2022Q3,-2,2022-11-08,0.003766482795477,0.0114237128129177,-0.00963608620690492,0.006502270858868897
071050,2022Q3,-1,2022-11-09,0.011215070820139,0.0105194859508861,-0.0009532906935363055,-0.16272082794222698
071050,2022Q3,0,2022-11-10,0.0037105793965359,-0.0091906950840359,0.018445259650949203,-0.05492486828384102
071050,2022Q3,1,2022-11-11,0.0575698518214782,0.0331344427529662,0.01453362936061458,0.6980372853465404
071050,2022Q3,2,2022-11-14,-0.0035026305512015,-0.003432974818267,0.0033731574624706996,-0.053898644421929376
071050,2022Q3,3,2022-11-15,0.0017528488274134,0.0022927149218823,0.0008134640652784379,-0.4639800229595643
006800,2022Q3,-5,2022-11-04,0.0300141624729928,0.0082350432757349,0.023759571589321512,-0.21762103442505598
006800,2022Q3,-4,2022-11-07,0.0077918424450338,0.0098979701293577,0.00028398569494174006,-0.27133359387558187
006800,2022Q3,-3,2022-11-08,0.0060357685365719,0.0114237128129177,-0.0026219651441146685,-0.24602456039688292
006800,2022Q3,-2,2022-11-09,0.0198601089058616,0.0105194859508861,0.011883846366985105,0.06691916165576473
006800,2022Q3,-1,2022-11-10,-0.0091172186017018,-0.0091906950840359,-0.002238890839010601,0.17365386708317487
006800,2022Q3,0,2022-11-11,0.0343593922025657,0.0331344427529662,0.009339353282977705,0.49389230334067946
006800,2022Q3,1,2022-11-14,-0.0014760150281212,-0.003432974818267,0.001063003244337865,-0.02694587671304305
006800,2022Q3,2,2022-11-15,0.0014760150281212,0.0022927149218823,-0.0003001363639252553,-0.30593321090925407
006800,2022Q3,3,2022-11-16,0.0,-0.001161861663931,0.0008273924189781172,0.41061414713675326
006800,2022Q4,-5,2023-01-18,0.0102715503218284,-0.0046632352734139,0.015898585146276054,0.018389955936559232
006800,2022Q4,-4,2023-01-19,0.0043699996711179,0.0050624996556463,-0.0022758193683750892,-0.15430703037689675
006800,2022Q4,-3,2023-01-20,-0.0102265317838305,0.0062484170000516,-0.018368853696243678,-0.3266764872403787
006800,2022Q4,-2,2023-01-25,0.0043956114730381,0.013810846366689,-0.01328970036765215,-0.08162716156759053
006800,2022Q4,-1,2023-01-26,0.0101819061451191,0.0163687680457824,-0.01073123363781926,0.4404924922196489
006800,2022Q4,0,2023-01-27,0.015651119968707,0.0062068204721557,0.007561288496536887,0.3589398252126035
006800,2022Q4,1,2023-01-30,-0.0243721054741516,-0.0135983924939671,-0.007469842646982725,0.2956595379556308
006800,2022Q4,2,2023-01-31,-0.0102715503218284,-0.0104152851859495,0.002613966099080312,0.3842180414851306
006800,2022Q4,3,2023-02-01,0.0231805699651062,0.0101418627514702,0.010125129292735374,0.2904004204312507
016360,2022Q4,-5,2023-01-19,0.0141645427686505,0.0050624996556463,0.007044496205724701,0.08176178994011352
016360,2022Q4,-4,2023-01-20,-0.0056417639066683,0.0062484170000516,-0.014151837813191022,-0.4461578887431763
016360,2022Q4,-3,2023-01-25,0.0014134277971464,0.013810846366689,-0.01596065644975784,0.22366566210478744
016360,2022Q4,-2,2023-01-26,0.0014114328384078,0.0163687680457824,-0.01896082079483103,-0.1427701248797053
016360,2022Q4,-1,2023-01-27,0.0056258938821684,0.0062068204721557,-0.00283542425613256,0.11957406137787352
016360,2022Q4,0,2023-01-30,-0.0327898228229894,-0.0135983924939671,-0.018037223314714097,0.5728693474817135
016360,2022Q4,1,2023-01-31,-0.0324034240546602,-0.0104152851859495,-0.021381781190725452,0.7698073209325909
016360,2022Q4,2,2023-02-01,0.0222066860341438,0.0101418627514702,0.009133059633161964,0.008985386577974097
016360,2022Q4,3,2023-02-02,0.00146305805176,0.0077581505399697,-0.008816591881230155,0.3396051996631275
005940,2022Q4,-5,2023-01-26,0.0042462908814524,0.0163687680457824,-0.010414471067403255,0.055835531439033304
005940,2022Q4,-4,2023-01-27,0.0105375053027856,0.0062068204721557,0.0052604497261001665,0.3187512439349369
005940,2022Q4,-3,2023-01-30,-0.0190481949706953,-0.0135983924939671,-0.006036797299036719,0.06930496544787701
005940,2022Q4,-2,2023-01-31,-0.0172418064345052,-0.0104152851859495,-0.007169741416664502,0.9090803052066683
005940,2022Q4,-1,2023-02-01,0.0151027681857556,0.0101418627514702,0.006192031068831278,-0.10749681406602107
005940,2022Q4,0,2023-02-02,-0.0064447054426413,0.0077581505399697,-0.013154284237658015,0.28065935532672803
005940,2022Q4,1,2023-02-03,0.0181531947075423,0.0046552390795238,0.01430889442658061,0.371658012985673
005940,2022Q4,2,2023-02-06,-0.0053050522296942,-0.0171638613998448,0.010998756965390374,0.22329066696777566
005940,2022Q4,3,2023-02-07,-0.0042643987864572,0.0055297876247468,-0.008916271306610478,0.30399453109220254
138040,2022Q4,-5,2023-01-27,-0.0382929668474236,0.0062068204721557,-0.0525864908865836,1.9377738520731658
138040,2022Q4,-4,2023-01-30,-0.0208824293608245,-0.0135983924939671,-0.0270434612559312,0.02352052490408063
138040,2022Q4,-3,2023-01-31,0.0070093744925774,-0.0104152851859495,-0.00045871707517262505,-0.015815536374551797
138040,2022Q4,-2,2023-02-01,0.02301597570092,0.0101418627514702,0.007106629581089513,-0.0992299895670854
138040,2022Q4,-1,2023-02-02,-0.027683428748416,0.0077581505399697,-0.04261396586140212,0.29525184191384746
138040,2022Q4,0,2023-02-03,-0.0035149421074436,0.0046552390795238,-0.01717134987282144,-0.30888818230810955
138040,2022Q4,1,2023-02-06,-0.0165684263472343,-0.0171638613998448,-0.021265391790921614,0.09812336636369423
138040,2022Q4,2,2023-02-07,0.0059488575197725,0.0055297876247468,-0.008066660707370377,-0.3762203517986098
138040,2022Q4,3,2023-02-08,-0.00714288751238,0.0129394584328821,-0.02420099304925066,-0.5477885391354071
138930,2022Q4,-5,2023-01-27,-0.0041293933420103,0.0062068204721557,-0.010342809189638397,0.018696663041408712
138930,2022Q4,-4,2023-01-30,-0.0180937434426997,-0.0135983924939671,-0.008036125115057717,0.36504516623145733
138930,2022Q4,-3,2023-01-31,-0.0056338177182553,-0.0104152851859495,0.0018087089221173608,0.3155460072679439
138930,2022Q4,-2,2023-02-01,0.0,0.0101418627514702,-0.009446262044100645,-0.023653106553522818
138930,2022Q4,-1,2023-02-02,-0.0315664659678347,0.0077581505399697,-0.039054381847030355,0.5951174391138441
138930,2022Q4,0,2023-02-03,0.0058139698654198,0.0046552390795238,0.0008752605260433565,-0.10477832384133201
138930,2022Q4,1,2023-02-06,-0.0116619397478423,-0.0171638613998448,0.0013249006244014077,-0.06121333828060216
138930,2022Q4,2,2023-02-07,0.0043891804187623,0.0055297876247468,-0.001268016991991942,0.04668717545919776
138930,2022Q4,3,2023-02-08,0.0301963992310163,0.0129394584328821,0.018451763772870396,0.3421859943357237
024110,2022Q4,-5,2023-01-31,-0.0164493307408033,-0.0104152851859495,-0.007996911868599296,0.0761284924217751
024110,2022Q4,-4,2023-02-01,0.0048661896511728,0.0101418627514702,-0.0019527614163966514,-0.3358767559133202
024110,2022Q4,-3,2023-02-02,-0.0215906325923675,0.0077581505399697,-0.026638785924638423,0.5474190275175168
024110,2022Q4,-2,2023-02-03,0.0029717703891574,0.0046552390795238,0.00022868918785932382,0.00046073196415186146
024110,2022Q4,-1,2023-02-06,-0.0079444310585365,-0.0171638613998448,0.005521329364883032,-0.2722330601197278
024110,2022Q4,0,2023-02-07,0.0089330618854752,0.0055297876247468,0.005540301341252304,-0.18240646863198862
024110,2022Q4,1,2023-02-08,0.0244033583821163,0.0129394584328821,0.015506146326066738,0.5210618340376669
024110,2022Q4,2,2023-02-09,-0.0165293019512109,-0.0008538992552935,-0.015179787729423131,0.1324689411415445
024110,2022Q4,3,2023-02-10,0.0213393160349966,-0.0047624585091279,0.025592397156168276,0.18988970140837758
105560,2022Q4,-5,2023-02-01,0.0264799231644676,0.0101418627514702,0.014138005308337984,0.07525161737979857
105560,2022Q4,-4,2023-02-02,-0.0175751448215066,0.0077581505399697,-0.02749340411537548,0.2134804034293616
105560,2022Q4,-3,2023-02-03,0.0088261826282707,0.0046552390795238,0.0020628335172517605,-0.03168242986261838
105560,2022Q4,-2,2023-02-06,-0.0213151941990457,-0.0171638613998448,-0.005893797415609164,-0.04926654714316392
105560,2022Q4,-1,2023-02-07,-0.0035971261808498,0.0055297876247468,-0.011249679558858732,-0.13486589991491904
105560,2022Q4,0,2023-02-08,0.0035971261808498,0.0129394584328821,-0.011589269584267616,0.3739840156786105
105560,2022Q4,1,2023-02-09,-0.0272992384876378,-0.0008538992552935,-0.028461126888995894,0.4846574036479918
105560,2022Q4,2,2023-02-10,0.0272992384876378,-0.0047624585091279,0.030111409142551487,-0.09171355388074609
105560,2022Q4,3,2023-02-13,-0.0072072384049501,-0.0069193863519316,-0.002201994018581616,0.041731888132686024
055550,2022Q4,-5,2023-02-01,0.0214293914558982,0.0101418627514702,0.010420504007491827,0.3023000556494395
055550,2022Q4,-4,2023-02-02,-0.028675799976666,0.0077581505399697,-0.03756773893313146,0.3574753669120998
055550,2022Q4,-3,2023-02-03,0.0096502558321613,0.0046552390795238,0.0035139782785806525,0.1081135424539319
055550,2022Q4,-2,2023-02-06,-0.0169495583137724,-0.0171638613998448,-0.0037085336777439304,0.2660651851270881
055550,2022Q4,-1,2023-02-07,-0.0036697288889637,0.0055297876247468,-0.010582683348005828,0.10575671836040179
055550,2022Q4,0,2023-02-08,0.0182154398913425,0.0129394584328821,0.004722038611840163,0.48887230592514896
055550,2022Q4,1,2023-02-09,-0.0380180671875223,-0.0008538992552935,-0.039261739822808714,0.6316322603957456
055550,2022Q4,2,2023-02-10,0.0271286673882524,-0.0047624585091279,0.029356143064472085,0.19594440347513853
055550,2022Q4,3,2023-02-13,-0.0073260400920727,-0.0069193863519316,-0.0031830206173949,0.18087927455243502
316140,2022Q4,-5,2023-02-01,0.0007815553348198,0.0101418627514702,-0.01264725512105501,0.06696776632484003
316140,2022Q4,-4,2023-02-02,-0.0197245053477779,0.0077581505399697,-0.030255574194574843,0.26447921053232193
316140,2022Q4,-3,2023-02-03,-0.0023932999058402,0.0046552390795238,-0.009152338049921256,0.1217394390068467
316140,2022Q4,-2,2023-02-06,-0.0152920484957004,-0.0171638613998448,0.004473136807443191,0.1380753167277522
316140,2022Q4,-1,2023-02-07,-0.0024360547978812,0.0055297876247468,-0.010258231225360976,-0.23768602599668043
316140,2022Q4,0,2023-02-08,0.0398459085471998,0.0129394584328821,0.023016222191838444,0.3239390191519895
316140,2022Q4,1,2023-02-09,-0.0293322654029513,-0.0008538992552935,-0.029394161456663574,0.28184914490551805
316140,2022Q4,2,2023-02-10,0.0175443096509102,-0.0047624585091279,0.022233823908702273,-0.045332941950649186
316140,2022Q4,3,2023-02-13,0.023438572972017,-0.0069193863519316,0.03075014014698419,0.2524152860420674
323410,2022Q4,-5,2023-02-01,0.0237021123067879,0.0101418627514702,-0.0045943830928981445,-1.2650275845012988
323410,2022Q4,-4,2023-02-02,0.0125337361472563,0.0077581505399697,-0.009945865265746314,-0.8915326484051818
323410,2022Q4,-3,2023-02-03,0.0263404166144081,0.0046552390795238,0.011432747303107137,-0.44982175649307976
323410,2022Q4,-2,2023-02-06,-0.0227880150100396,-0.0171638613998448,0.015548744163332757,-1.060431497538488
323410,2022Q4,-1,2023-02-07,0.0175751448215066,0.0055297876247468,0.0005333436509875542,-0.9430757911724879
323410,2022Q4,0,2023-02-08,-0.0175751448215066,0.0129394584328821,-0.05269852033610917,0.1822029664353444
323410,2022Q4,1,2023-02-09,-0.0287789645500442,-0.0008538992552935,-0.03024286598660093,0.18867675751213397
323410,2022Q4,2,2023-02-10,-0.0277538627821716,-0.0047624585091279,-0.019679836481254705,-0.21016638038997293
323410,2022Q4,3,2023-02-13,-0.0285461819063606,-0.0069193863519316,-0.015208676005019517,-0.5389116038817239
003540,2022Q4,-5,2023-02-03,-0.0248550806612399,0.0046552390795238,-0.02866105403468048,0.9146031314680982
003540,2022Q4,-4,2023-02-06,0.0248550806612399,-0.0171638613998448,0.04220844491968362,1.0512248635927257
003540,2022Q4,-3,2023-02-07,-0.0072464085207659,0.0055297876247468,-0.011900485965286048,0.8022535151893333
003540,2022Q4,-2,2023-02-08,0.0180185055026775,0.0129394584328821,0.006178809818821539,0.4135568905164888
003540,2022Q4,-1,2023-02-09,-0.0107720969819116,-0.0008538992552935,-0.009235516559544674,0.19693463838612324
003540,2022Q4,0,2023-02-10,-0.0182154398913407,-0.0047624585091279,-0.012888486672244202,0.2759214992101846
003540,2022Q4,1,2023-02-13,-0.000735564578953,-0.0069193863519316,0.006683095606553509,-0.639583526194901
003540,2022Q4,2,2023-02-14,-0.0059040761909461,0.0052619264523974,-0.010298392011032073,0.08837219095918591
003540,2022Q4,3,2023-02-15,-0.0096690972720239,-0.0154247191511327,0.005997712672910436,-0.16888506127731873
029780,2022Q4,-5,2023-02-02,-0.0032626456348161,0.0077581505399697,-0.007395944638546764,-0.028538646877894536
029780,2022Q4,-4,2023-02-03,0.0097561749453642,0.0046552390795238,0.00750053597426599,0.050631981461711106
029780,2022Q4,-3,2023-02-06,0.0,-0.0171638613998448,0.010947719693932687,-0.26449163142450693
029780,2022Q4,-2,2023-02-07,-0.0081235215214796,0.0055297876247468,-0.010908374706677914,-0.2618253979595835
029780,2022Q4,-1,2023-02-08,0.0081235215214796,0.0129394584328821,0.0008548656533005263,-0.19653648318920247
029780,2022Q4,0,2023-02-09,-0.0016194335523032,-0.0008538992552935,-0.0005413361286016542,0.3093455819477473
029780,2022Q4,1,2023-02-10,0.0032362487792081,-0.0047624585091279,0.006679526643812703,-0.6488985285639455
029780,2022Q4,2,2023-02-13,0.0048348200545831,-0.0069193863519316,0.009583316342378755,-0.32911210634019383
029780,2022Q4,3,2023-02-14,-0.0080710688337912,0.0052619264523974,-0.010693831600353377,-0.31798707055379793
071050,2022Q4,-5,2023-02-03,0.0111024138043056,0.0046552390795238,0.002943295053082816,0.1732246699447888
071050,2022Q4,-4,2023-02-06,-0.0239436817526303,-0.0171638613998448,-0.002777942991980229,0.00212701258825021
071050,2022Q4,-3,2023-02-07,0.0,0.0055297876247468,-0.009334511453599776,-0.7039724912112089
071050,2022Q4,-2,2023-02-08,0.0395934534197586,0.0129394584328821,0.02030034899556816,0.15421645841396803
071050,2022Q4,-1,2023-02-09,-0.017228303960179,-0.0008538992552935,-0.017983144206223513,0.18135183347143347
071050,2022Q4,0,2023-02-10,-0.0143200537747478,-0.0047624585091279,-0.009821792807761798,-0.19854102142190477
071050,2022Q4,1,2023-02-13,-0.0226914112020697,-0.0069193863519316,-0.015294240552101195,0.2648417600326969
071050,2022Q4,2,2023-02-14,0.0097880063661612,0.0052619264523974,0.0008135001620691567,-0.2655931101791005
071050,2022Q4,3,2023-02-15,-0.0213297668063336,-0.0154247191511327,-0.0025014341493212293,0.07495181552358154
086790,2022Q4,-5,2023-02-03,0.0197409008062372,0.0046552390795238,0.012543567165003768,0.29766851594790467
086790,2022Q4,-4,2023-02-06,-0.0155524130074837,-0.0171638613998448,0.002485023242012283,-0.12864597182509563
086790,2022Q4,-3,2023-02-07,0.0062500203451705,0.0055297876247468,-0.001958767976233745,-0.1684812769878299
086790,2022Q4,-2,2023-02-08,0.0154562582366928,0.0129394584328821,-0.0013221472413010391,-0.045479766396193
086790,2022Q4,-1,2023-02-09,-0.0217062785818633,-0.0008538992552935,-0.022532046250119748,0.03212908507267542
086790,2022Q4,0,2023-02-10,0.0206832605898288,-0.0047624585091279,0.02437791728407322,0.2817787341692828
086790,2022Q4,1,2023-02-13,0.0030659196218341,-0.0069193863519316,0.009255160262631474,-0.058858055207082316
086790,2022Q4,2,2023-02-14,-0.0448692894261952,0.0052619264523974,-0.05276828426856535,0.37878171499113833
086790,2022Q4,3,2023-02-15,-0.0559663316333409,-0.0154247191511327,-0.03994029152251679,0.6606637067777257
139130,2022Q4,-5,2023-02-03,0.0052562538888256,0.0046552390795238,8.053487249868978e-05,-0.21705184641541742
139130,2022Q4,-4,2023-02-06,-0.0026246734227708,-0.0171638613998448,0.010097923862274845,-0.7730146551842214
139130,2022Q4,-3,2023-02-07,0.0117571569860448,0.0055297876247468,0.005864041462098001,-0.26577804612580813
139130,2022Q4,-2,2023-02-08,0.0332086709966521,0.0129394584328821,0.021237365771967914,0.6201634132384708
139130,2022Q4,-1,2023-02-09,-0.0215881399736339,-0.0008538992552935,-0.02224468549984311,0.10026129144458373
139130,2022Q4,0,2023-02-10,-0.0012845216923569,-0.0047624585091279,0.0012651433158201897,-0.2514237326741249
139130,2022Q4,1,2023-02-13,0.0140397966674825,-0.0069193863519316,0.018358800279065432,-0.08196175874052791
139130,2022Q4,2,2023-02-14,-0.0269765876982024,0.0052619264523974,-0.032649975374427,0.03856276991019669
139130,2022Q4,3,2023-02-15,-0.0170719838986475,-0.0154247191511327,-0.0057760136228116425,-0.37755859794510904
175330,2022Q4,-5,2023-02-02,-0.02216449573244,0.0077581505399697,-0.031457457297430366,0.48966272043154646
175330,2022Q4,-4,2023-02-03,-0.0021367529497346,0.0046552390795238,-0.009405198113330874,0.46812125724201437
175330,2022Q4,-3,2023-02-06,0.023256862164267,-0.0171638613998448,0.03022444253579818,0.6590803661901337
175330,2022Q4,-2,2023-02-07,-0.0052383566615876,0.0055297876247468,-0.01307740717315757,0.6209177662612788
175330,2022Q4,-1,2023-02-08,0.0561658579271959,0.0129394584328821,0.043492315593598486,1.1959277740303307
175330,2022Q4,0,2023-02-09,-0.0540672212702748,-0.0008538992552935,-0.05774119038820789,1.2122562874600025
175330,2022Q4,1,2023-02-10,0.049089610196523,-0.0047624585091279,0.04796580804792757,1.4854084311956122
175330,2022Q4,2,2023-02-13,-0.0110387473148225,-0.0069193863519316,-0.010755246725313968,0.5202244901230344
175330,2022Q4,3,2023-02-14,-0.0443600320749659,0.0052619264523974,-0.052024314681092615,0.7860333482164723
039490,2022Q4,-5,2023-02-06,-0.0392207131532824,-0.0171638613998448,-0.013863292355424342,0.3290093298621599
039490,2022Q4,-4,2023-02-07,0.019299735658727,0.0055297876247468,0.007597070715360954,0.25362409467194524
039490,2022Q4,-3,2023-02-08,0.0297345989428787,0.0129394584328821,0.005931498535556617,1.3709264866176092
039490,2022Q4,-2,2023-02-09,-0.0167409128808895,-0.0008538992552935,-0.018018635459849764,-0.00947753895621517
039490,2022Q4,-1,2023-02-10,0.0108643043919052,-0.0047624585091279,0.015969492772517448,0.42010153003100825
039490,2022Q4,0,2023-02-13,0.0068526944620401,-0.0069193863519316,0.01548027497559304,0.713814561861378
039490,2022Q4,1,2023-02-14,0.0335762955336047,0.0052619264523974,0.022311063900468157,1.1740630017079354
039490,2022Q4,2,2023-02-15,-0.0190481949706953,-0.0154247191511327,0.003469102549341175,0.20784559879515996
039490,2022Q4,3,2023-02-16,0.0284379353205341,0.0194076627557846,-0.00592812948880032,0.7413542213178506
316140,2023Q1,-5,2023-04-18,0.0077486397167607,-0.0018728679337858,0.012448857095095732,-0.2633983558421793
316140,2023Q1,-4,2023-04-19,0.0068376334776036,0.001550664243572,0.00838295604006546,-0.1885865432990883
316140,2023Q1,-3,2023-04-20,0.00170212807053,-0.0046592251064749,0.00897006304107189,-0.21139494253379887
316140,2023Q1,-2,2023-04-21,-0.0008507018803118,-0.0073265793849985,0.008875285694808176,-0.7353520245495027
316140,2023Q1,-1,2023-04-24,-0.0068317942917044,-0.0082480006434746,0.0037433125558522474,-0.3516891701101663
316140,2023Q1,0,2023-04-25,0.0211962153387403,-0.0137577602424805,0.036848742550730826,0.2668876124447763
316140,2023Q1,1,2023-04-26,-0.0143644210470359,-0.0016847883692046,-0.0098375250258633,-0.055494954861375234
316140,2023Q1,2,2023-04-27,-0.0111254891664032,0.0044090711052504,-0.012214280297747876,-0.2116152198719412
316140,2023Q1,3,2023-04-28,0.0094219112416187,0.0022892070983635,0.010286642852053893,0.05125361316662058
029780,2023Q1,-5,2023-04-18,-0.0016515280384723,-0.0018728679337858,-0.0005340387077034049,0.039388075748835405
029780,2023Q1,-4,2023-04-19,0.0033003330286565,0.001550664243572,0.003249020896887934,0.03417242955238109
029780,2023Q1,-3,2023-04-20,0.0065681681120981,-0.0046592251064749,0.008636925948572762,0.007678179283546527
029780,2023Q1,-2,2023-04-21,-0.0049220772054283,-0.0073265793849985,-0.0019426787147010373,-0.7978686657051632
029780,2023Q1,-1,2023-04-24,-0.0032948958968539,-0.0082480006434746,-9.221491325162208e-07,-0.3427848870362613
029780,2023Q1,0,2023-04-25,-0.0033057881344991,-0.0137577602424805,0.0018692297348867123,0.047246142652698
029780,2023Q1,1,2023-04-26,-0.0049792633996066,-0.0016847883692046,-0.00392598484845584,0.3770178889935938
029780,2023Q1,2,2023-04-27,-0.0117156151725623,0.0044090711052504,-0.01274279373332271,0.7569485421091926
029780,2023Q1,3,2023-04-28,0.0033613477027039,0.0022892070983635,0.0030578954057176957,0.2754915092164172
175330,2023Q1,-5,2023-04-20,0.0056274768657296,-0.0046592251064749,0.013314887688362753,-0.9164639586442345
175330,2023Q1,-4,2023-04-21,-0.0101523714640183,-0.0073265793849985,-0.00046983722431322844,-0.997397412835829
175330,2023Q1,-3,2023-04-24,-0.0206192872027362,-0.0082480006434746,-0.010247549753478073,-0.8110999168543227
175330,2023Q1,-2,2023-04-25,0.0307716586667545,-0.0137577602424805,0.045264577350512133,-0.23370696318906425
175330,2023Q1,-1,2023-04-26,-0.0307716586667545,-0.0016847883692046,-0.025309062310991372,-0.46348909197002186
175330,2023Q1,0,2023-04-27,-0.0461893824693753,0.0044090711052504,-0.04528486144530762,0.6303615407147252
175330,2023Q1,1,2023-04-28,0.0132452267500209,0.0022892070983635,0.015735360287282348,-0.49531891501260006
175330,2023Q1,2,2023-05-02,0.0,0.0090968504390467,-0.002601836717094316,-1.061689645473793
175330,2023Q1,3,2023-05-03,-0.0156724124076319,-0.0091488707371247,-0.0046268435764487865,-0.6908155012220103
005940,2023Q1,-5,2023-04-21,-0.0117459972992968,-0.0073265793849985,-0.00414420387612967,-0.22600263180878066
005940,2023Q1,-4,2023-04-24,-0.0118856072339799,-0.0082480006434746,-0.0034282635534994017,-0.42716832276260064
005940,2023Q1,-3,2023-04-25,-0.0010875476873994,-0.0137577602424805,0.012485671277378735,-0.5647487905565587
005940,2023Q1,-2,2023-04-26,-0.0109410281782089,-0.0016847883692046,-0.008577702731408652,-0.06449255399059872
005940,2023Q1,-1,2023-04-27,-0.0155213759026224,0.0044090711052504,-0.018816269205869277,0.1641731246405147
005940,2023Q1,0,2023-04-28,0.043722811013831,0.0022892070983635,0.04239623587111903,0.41085599136278006
005940,2023Q1,1,2023-05-02,-0.0075147965024857,0.0090968504390467,-0.015162346940961614,-0.478163449310836
005940,2023Q1,2,2023-05-03,-0.0054024982833489,-0.0091488707371247,0.0038913136610643807,-0.8640608810917332
005940,2023Q1,3,2023-05-04,0.0,-0.0001838983168527,0.0009697317363485897,-0.7880022110994798
024110,2023Q1,-5,2023-04-20,0.004899568841159,-0.0046592251064749,0.009755950637074703,-0.1446596639555029
024110,2023Q1,-4,2023-04-21,-0.003917732728901,-0.0073265793849985,0.002948632237399491,-0.14469204324390006
024110,2023Q1,-3,2023-04-24,-0.004918849071597,-0.0082480006434746,0.0026418523153595615,-0.4394875128678155
024110,2023Q1,-2,2023-04-25,0.0029542118974319,-0.0137577602424805,0.014666789229790705,-0.22583508242917816
024110,2023Q1,-1,2023-04-26,-0.0098815033299981,-0.0016847883692046,-0.007266506501735333,-0.06260283506048836
024110,2023Q1,0,2023-04-27,-0.0009935420588771,0.0044090711052504,-0.0029705692766754744,-0.5242826950675212
024110,2023Q1,1,2023-04-28,0.0,0.0022892070983635,-0.0003796050037138004,0.27356255269161345
024110,2023Q1,2,2023-05-02,-0.0009945301665084,0.0090968504390467,-0.006504030608157458,-0.41883642271614896
024110,2023Q1,3,2023-05-03,-0.0150378773645414,-0.0091488707371247,-0.006798325874499949,0.3928618681995655
055550,2023Q1,-5,2023-04-20,0.006988148633928,-0.0046592251064749,0.015858659213156483,-0.48642241278853326
055550,2023Q1,-4,2023-04-21,-0.0013937284486029,-0.0073265793849985,0.010037157957735255,-0.5427375318025671
055550,2023Q1,-3,2023-04-24,-0.0140451747030478,-0.0082480006434746,-0.001729822091458123,-0.26633357725206075
055550,2023Q1,-2,2023-04-25,0.0084507545177228,-0.0137577602424805,0.026054889127288598,-0.43454681144698704
055550,2023Q1,-1,2023-04-26,-0.0084507545177228,-0.0016847883692046,-0.0024353861978829673,-0.5062698759440512
055550,2023Q1,0,2023-04-27,-0.0128115631341998,0.0044090711052504,-0.012645650440792158,-0.2958739020294505
055550,2023Q1,1,2023-04-28,0.0014316394714377,0.0022892070983635,0.0036323956813943768,0.32773806894877566
055550,2023Q1,2,2023-05-02,0.0142047842983163,0.0090968504390467,0.00987092844364798,-0.5187879377521263
055550,2023Q1,3,2023-05-03,-0.0170701157716024,-0.0091488707371247,-0.0038900238826999056,-0.7825409697752974
086790,2023Q1,-5,2023-04-20,0.008259633977417,-0.0046592251064749,0.01693587950828062,-0.5083628574434957
086790,2023Q1,-4,2023-04-21,-0.009445170571519,-0.0073265793849985,0.0016670498530611515,-0.4389005213521848
086790,2023Q1,-3,2023-04-24,-0.0131345171806458,-0.0082480006434746,-0.0011808040941209286,-0.37295899319242487
086790,2023Q1,-2,2023-04-25,0.0119475734211178,-0.0137577602424805,0.028933102551599536,-0.31520289303148274
086790,2023Q1,-1,2023-04-26,-0.0011883542693791,-0.0016847883692046,0.00477147174673259,-0.39299539999657185
086790,2023Q1,0,2023-04-27,-0.0095580178061052,0.0044090711052504,-0.009163440023094934,-0.10343457796786382
086790,2023Q1,1,2023-04-28,0.0071770643003628,0.0022892070983635,0.009507618695271839,0.4850449126057388
086790,2023Q1,2,2023-05-02,0.0106699293246972,0.0090968504390467,0.006783368731619058,-0.433233323624199
086790,2023Q1,3,2023-05-03,-0.0202508409364536,-0.0091488707371247,-0.007474403644036448,-0.5244558478454877
105560,2023Q1,-5,2023-04-20,0.0190291170086016,-0.0046592251064749,0.02678018212257647,0.07331988442586734
105560,2023Q1,-4,2023-04-21,-0.0059701669865042,-0.0073265793849985,0.004228707948149189,-0.24541234854823557
105560,2023Q1,-3,2023-04-24,-0.0181273845925566,-0.0082480006434746,-0.007082928692659939,-0.14441623948817295
105560,2023Q1,-2,2023-04-25,0.0111168401063395,-0.0137577602424805,0.02721755859745425,-0.19951323009225952
105560,2023Q1,-1,2023-04-26,-0.0162110946280815,-0.0016847883692046,-0.0111896464664176,-0.4584325362606254
105560,2023Q1,0,2023-04-27,-0.014403541191525,0.0044090711052504,-0.014974379434223646,-0.23470420365066325
105560,2023Q1,1,2023-04-28,0.0255768417896504,0.0022892070983635,0.026951385896923214,0.5936542420363526
105560,2023Q1,2,2023-05-02,0.0,0.0090968504390467,-0.004872776077815088,-0.41074192060173864
105560,2023Q1,3,2023-05-03,-0.024541108916118,-0.0091488707371247,-0.012669931691593675,-0.5005984512168862
138930,2023Q1,-5,2023-04-20,0.010316966970933,-0.0046592251064749,0.015961324166496652,0.04976446842861293
138930,2023Q1,-4,2023-04-21,-0.0029368596733103,-0.0073265793849985,0.004827284668488991,-0.4168850485203315
138930,2023Q1,-3,2023-04-24,-0.0148150857851412,-0.0082480006434746,-0.006318673909286771,-0.19117961479510548
138930,2023Q1,-2,2023-04-25,0.0103935605272642,-0.0137577602424805,0.023268662429734,0.04494122242074994
138930,2023Q1,-1,2023-04-26,-0.0148812269966516,-0.0016847883692046,-0.011600700063053226,-0.4525467736503206
138930,2023Q1,0,2023-04-27,-0.0151060274310133,0.0044090711052504,-0.01666838360781524,-0.058918641150699
138930,2023Q1,1,2023-04-28,0.0105981309918234,0.0022892070983635,0.010720463088246902,-0.18996711284922618
138930,2023Q1,2,2023-05-02,0.0104869874952484,0.0090968504390467,0.005199181551169683,-0.5259615604913783
138930,2023Q1,3,2023-05-03,-0.0119941467858204,-0.0091488707371247,-0.0027817997001877686,-0.5987739705175201
139130,2023Q1,-5,2023-04-21,-0.0057061495768557,-0.0073265793849985,0.0005391418029268274,-0.4108198398560532
139130,2023Q1,-4,2023-04-24,-0.0129591446425045,-0.0082480006434746,-0.006220219037015257,-0.27949224890236835
139130,2023Q1,-3,2023-04-25,0.0057803629154999,-0.0137577602424805,0.015471039295638724,-0.12662295888323172
139130,2023Q1,-2,2023-04-26,-0.0174423026633423,-0.0016847883692046,-0.014219495423209957,0.22619021548571894
139130,2023Q1,-1,2023-04-27,-0.0147713173203136,0.0044090711052504,-0.014813181451246818,0.2694996690599858
139130,2023Q1,0,2023-04-28,0.019160497739076,0.0022892070983635,0.020254311147614584,-0.10211486141906256
139130,2023Q1,1,2023-05-02,0.0087209855054446,0.0090968504390467,0.006167731171131892,-0.4268326067270056
139130,2023Q1,2,2023-05-03,-0.0058055315453202,-0.0091488707371247,0.0014160183832466052,-0.6093253308121511
139130,2023Q1,3,2023-05-04,0.0029069787913087,-0.0001838983168527,0.00532571222475574,-0.7432402124357935
323410,2023Q1,-5,2023-04-25,-0.0220759516992004,-0.0137577602424805,0.0005776515166705347,-0.4542536759826348
323410,2023Q1,-4,2023-04-26,-0.0089686699827602,-0.0016847883692046,-0.002482195333605463,-0.5956017738235406
323410,2023Q1,-3,2023-04-27,-0.0067796869853786,0.0044090711052504,-0.008453606531218615,-0.19877998191698687
323410,2023Q1,-2,2023-04-28,-0.0022701485345386,0.0022892070983635,-0.0011053209762660297,-0.31641376792013
323410,2023Q1,-1,2023-05-02,0.0246926125903712,0.0090968504390467,0.016741205448486986,-0.7488713218177132
323410,2023Q1,0,2023-05-03,0.0664767745479224,-0.0091488707371247,0.08295853292186064,1.750195727696548
323410,2023Q1,1,2023-05-04,-0.0230860200341833,-0.0001838983168527,-0.01860941360103845,0.7676801365808661
323410,2023Q1,2,2023-05-08,0.0354573118367298,0.0048941672116162,0.03313379157938732,0.5901102582293554
323410,2023Q1,3,2023-05-09,0.0142423567155436,-0.0012541244027719,0.020152121687292274,-0.10740840201735224
071050,2023Q1,-5,2023-04-27,-0.0239201837176512,0.0044090711052504,-0.027128186867039737,0.309363091813605
071050,2023Q1,-4,2023-04-28,0.0257367146440508,0.0022892070983635,0.025355557336398944,0.6807473371231776
071050,2023Q1,-3,2023-05-02,-0.0018165309263995,0.0090968504390467,-0.01127570371387333,-0.04031244311155646
071050,2023Q1,-2,2023-05-03,-0.010969031370573,-0.0091488707371247,0.003902526902428616,-0.6904347108575344
071050,2023Q1,-1,2023-05-04,-0.0185534078957481,-0.0001838983168527,-0.01563667074579885,0.7046964042507433
071050,2023Q1,0,2023-05-08,0.0439631234211166,0.0048941672116162,0.040108242968906825,0.7620777117087663
071050,2023Q1,1,2023-05-09,-0.0035906681307285,-0.0012541244027719,0.000753219133978196,0.25904141512966206
071050,2023Q1,2,2023-05-10,-0.0072202479734873,-0.0054129201139563,0.0026694074747447595,-0.3100733123546373
071050,2023Q1,3,2023-05-11,0.0179538036165958,-0.0022095241900226,0.023571719737404417,0.5145839972597503
039490,2023Q1,-5,2023-05-02,-0.0281403849784638,0.0090968504390467,-0.040411475204307296,1.189037976876028
039490,2023Q1,-4,2023-05-03,-0.0110376396516205,-0.0091488707371247,0.004784292711651766,0.15528625017769393
039490,2023Q1,-3,2023-05-04,-0.012283794882153,-0.0001838983168527,-0.010265272659906947,0.9281483946865823
039490,2023Q1,-2,2023-05-08,0.0298860095302799,0.0048941672116162,0.024085810408335073,1.0168453210382111
039490,2023Q1,-1,2023-05-09,-0.0054674821821336,-0.0012541244027719,-0.0018011278288970465,0.5274014790563424
039490,2023Q1,0,2023-05-10,-0.0021953905634362,-0.0054129201139563,0.007874281078809636,0.636981723406894
039490,2023Q1,1,2023-05-11,0.0249606013364491,-0.0022095241900226,0.030097989229314823,0.8652126393197044
039490,2023Q1,2,2023-05-12,0.0053447481588797,-0.0062741892468967,0.016740519930212343,0.6742788758211518
039490,2023Q1,3,2023-05-15,0.0335461224912041,0.0015864214040304,0.032838875124595684,0.8202521440149191
006800,2023Q1,-5,2023-05-04,-0.0029542118974319,-0.0001838983168527,-0.0021319021033549797,-0.6319513013789955
006800,2023Q1,-4,2023-05-08,0.0190481949706935,0.0048941672116162,0.011591554623987074,-0.2948313552656998
006800,2023Q1,-3,2023-05-09,0.0014503265776468,-0.0012541244027719,0.004017463876413735,-0.5945834900750011
006800,2023Q1,-2,2023-05-10,0.0070763527289763,-0.0054129201139563,0.016423722016789755,-0.3049321177041726
006800,2023Q1,-1,2023-05-11,-0.0056281265526116,-0.0022095241900226,-0.0015033671320308023,-0.42703600270458786
006800,2023Q1,0,2023-05-12,0.0056281265526116,-0.0062741892468967,0.01637965342158159,0.45857088338026664
006800,2023Q1,1,2023-05-15,-0.0041819947026109,0.0015864214040304,-0.006245899869776466,-0.16534568556697593
006800,2023Q1,2,2023-05-16,-0.0174931574475181,0.0003588573135706,-0.01755572138689589,-0.6789294318096335
006800,2023Q1,3,2023-05-17,0.0131484728435058,0.0057970863901912,0.004219771370634005,-0.8008098332671452
016360,2023Q1,-5,2023-05-04,0.0131870042819528,-0.0001838983168527,0.013708348837642137,0.2897796738093774
016360,2023Q1,-4,2023-05-08,0.0215991118034626,0.0048941672116162,0.016551460209043363,0.7832907945328547
016360,2023Q1,-3,2023-05-09,-0.0143474484081416,-0.0012541244027719,-0.012652411839457142,-0.2827475410302398
016360,2023Q1,-2,2023-05-10,0.0057637047167506,-0.0054129201139563,0.012019595645196952,-0.488703260621433
016360,2023Q1,-1,2023-05-11,0.0014357504261042,-0.0022095241900226,0.004178551681397168,0.17594233525429281
016360,2023Q1,0,2023-05-12,-0.0014357504261042,-0.0062741892468967,0.005764674293539331,0.09986840775913386
016360,2023Q1,1,2023-05-15,0.0085837436913909,0.0015864214040304,0.007163619856255464,-0.11749836798177782
016360,2023Q1,2,2023-05-16,0.0028449521322304,0.0003588573135706,0.0027710692338170596,0.004816515137900268
016360,2023Q1,3,2023-05-17,0.0014194466542267,0.0057970863901912,-0.004618415366023626,-0.16857472016153885
138040,2023Q1,-5,2023-05-08,-0.0054854772766717,0.0048941672116162,-0.008942174804995201,0.09951331462773716
138040,2023Q1,-4,2023-05-09,-0.0166393190039642,-0.0012541244027719,-0.017254227833872007,-0.1320412971092768
138040,2023Q1,-3,2023-05-10,-0.0191987828013324,-0.0054129201139563,-0.01789146357305795,0.3493083853749095
138040,2023Q1,-2,2023-05-11,0.0424170729033388,-0.0022095241900226,0.04224375736278053,0.629270194764354
138040,2023Q1,-1,2023-05-12,0.0119501693706585,-0.0062741892468967,0.013655573960166728,0.563646139661591
138040,2023Q1,0,2023-05-15,-0.0340505163713249,0.0015864214040304,-0.03597834779459383,0.5837802589178214
138040,2023Q1,1,2023-05-16,0.0210068531792959,0.0003588573135706,0.019646411525029783,0.36014653333733726
138040,2023Q1,2,2023-05-17,-0.0076881213390134,0.0057970863901912,-0.011562155206955624,0.22530361374326624
138040,2023Q1,3,2023-05-18,-0.0133187318402825,0.0082793856666301,-0.018340103940094128,0.464986403811654
024110,2023Q2,-5,2023-07-18,-0.0088106296821539,-0.0043545926583172,-0.006360429880750315,0.26047824096388794
024110,2023Q2,-4,2023-07-19,0.000982801061907,0.0002376877588847,0.0007940529651650164,-0.4105761495559417
024110,2023Q2,-3,2023-07-20,-0.0019665689720405,-0.0030757654840902,-0.00025124552332576834,-0.26062376555615785
024110,2023Q2,-2,2023-07-21,0.0078431774610265,0.0036583716834934,0.005688737848746215,-0.2632299080471494
024110,2023Q2,-1,2023-07-24,-0.0078431774610265,0.007166498886038,-0.012013557753432578,-0.2197800028228869
024110,2023Q2,0,2023-07-25,0.0029484050842985,0.0030123277163909,0.001165213787497512,0.16370315595265517
024110,2023Q2,1,2023-07-26,0.0019607849419411,-0.0168683942553578,0.011602024362489327,0.9937255085821484
024110,2023Q2,2,2023-07-27,0.0174761729345611,0.0044070803449978,0.014891488875273747,1.0592368451143432
024110,2023Q2,3,2023-07-28,-0.0009629273733935,0.0017305826145417,-0.0020095655342376303,0.5025014281184887
029780,2023Q2,-5,2023-07-18,0.0017286089006169,-0.0043545926583172,0.00406874855475187,-0.6035351675844716
029780,2023Q2,-4,2023-07-19,0.0017256259674702,0.0002376877588847,0.0025102539319908626,-0.23290806356436278
029780,2023Q2,-3,2023-07-20,-0.0017256259674702,-0.0030757654840902,0.00018134531762197112,-0.1533283489929218
029780,2023Q2,-2,2023-07-21,0.0,0.0036583716834934,-0.00037403687033422635,0.21403582485348238
029780,2023Q2,-1,2023-07-24,-0.0051948168771041,0.007166498886038,-0.006757137644861341,0.22950208223688584
029780,2023Q2,0,2023-07-25,-0.0034782643763247,0.0030123277163909,-0.0036334711989404887,0.27407697188381164
029780,2023Q2,1,2023-07-26,-0.0052401866635563,-0.0168683942553578,0.0013386672887728528,1.2116032839019724
029780,2023Q2,2,2023-07-27,0.0121846590163681,0.0044070803449978,0.011557017189611114,0.05792235513315447
029780,2023Q2,3,2023-07-28,-0.0104348772925799,0.0017305826145417,-0.01015592737651658,0.22796347504741554
105560,2023Q2,-5,2023-07-18,-0.01033067038788,-0.0043545926583172,-0.005252266470613356,-0.4220004902946588
105560,2023Q2,-4,2023-07-19,0.0,0.0002376877588847,-8.30542007300856e-06,-0.1968275450842185
105560,2023Q2,-3,2023-07-20,0.0010378828124206,-0.0030757654840902,0.004699774335623184,-0.30045191391223014
105560,2023Q2,-2,2023-07-21,0.0092927875754593,0.0036583716834934,0.005495509514643972,-0.15577735314697172
105560,2023Q2,-1,2023-07-24,-0.020769178531804,0.007166498886038,-0.02845228711179128,-0.353946146698787
105560,2023Q2,0,2023-07-25,0.0,0.0030123277163909,-0.003081677622418198,-0.21841220936920536
105560,2023Q2,1,2023-07-26,0.0401082036306714,-0.0168683942553578,0.0590477104524656,0.7899342111581795
105560,2023Q2,2,2023-07-27,0.0414669477835012,0.0044070803449978,0.03684035117211225,0.8727423154716263
105560,2023Q2,3,2023-07-28,-0.0116732843047238,0.0017305826145417,-0.013335217446111748,0.199608426315951
138930,2023Q2,-5,2023-07-20,0.0075244899786159,-0.0030757654840902,0.01056341872246381,-0.3219119159737964
138930,2023Q2,-4,2023-07-21,0.0029940142126054,0.0036583716834934,0.0009466196628950198,-0.33201342283473245
138930,2023Q2,-3,2023-07-24,-0.0150605256257225,0.007166498886038,-0.019757624014695607,0.2724271057147689
138930,2023Q2,-2,2023-07-25,-0.0015186031771889,0.0030123277163909,-0.0030780378893191735,-0.2646232133465922
138930,2023Q2,-1,2023-07-26,0.0,-0.0168683942553578,0.013456561657000144,0.733747042239278
138930,2023Q2,0,2023-07-27,0.0314161962333781,0.0044070803449978,0.028803298752805212,0.7687755397695017
138930,2023Q2,1,2023-07-28,-0.0133434151736846,0.0017305826145417,-0.013934742197227479,0.19158320984178978
138930,2023Q2,2,2023-07-31,0.0089153636579535,0.0092580214720232,0.0026385291003574616,0.3710180788776949
138930,2023Q2,3,2023-08-01,0.0161412161793848,0.0130161336013072,0.007025863072597973,0.38794177584207645
175330,2023Q2,-5,2023-07-19,0.0035314927814713,0.0002376877588847,0.004245228400094475,-0.09206553410623286
175330,2023Q2,-4,2023-07-20,0.0081919709145878,-0.0030757654840902,0.010873988152382007,-0.04621565963287999
175330,2023Q2,-3,2023-07-21,0.0,0.0036583716834934,-0.00131824395075086,-0.043572925528687634
175330,2023Q2,-2,2023-07-24,-0.0093677500035997,0.007166498886038,-0.012769917216319687,0.4048614209013355
175330,2023Q2,-1,2023-07-25,-0.0154122789948871,0.0030123277163909,-0.016346755204741,0.28806676085669025
175330,2023Q2,0,2023-07-26,0.0118766241625785,-0.0168683942553578,0.022751839161075565,0.8038634936858209
175330,2023Q2,1,2023-07-27,0.030234861187548,0.0044070803449978,0.028471863866675592,0.9909329961681888
175330,2023Q2,2,2023-07-28,-0.0173314563516395,0.0017305826145417,-0.017504541004277032,0.08929601954559274
175330,2023Q2,3,2023-07-31,-0.0023337233462203,0.0092580214720232,-0.006978312032912757,-0.19657060759540101
005940,2023Q2,-5,2023-07-20,-0.0010335918232833,-0.0030757654840902,0.001058929101423817,0.0031380110964072117
005940,2023Q2,-4,2023-07-21,0.0030975760441354,0.0036583716834934,9.68913447154658e-05,-0.14126990348159296
005940,2023Q2,-3,2023-07-24,-0.006204776886884,0.007166498886038,-0.011858750753647205,-0.08546778925330045
005940,2023Q2,-2,2023-07-25,0.0,0.0030123277163909,-0.002512064600839361,0.02139692658652237
005940,2023Q2,-1,2023-07-26,-0.0125262598191788,-0.0168683942553578,-2.009827906806344e-06,0.6882621175466852
005940,2023Q2,0,2023-07-27,0.0238724362064814,0.0044070803449978,0.020305483391234655,0.3419640744818473
005940,2023Q2,1,2023-07-28,-0.0020533888118432,0.0017305826145417,-0.003596035772533994,-0.09030110275223002
005940,2023Q2,2,2023-07-31,0.0173208609426307,0.0092580214720232,0.010085013357998007,0.5765792974503849
005940,2023Q2,3,2023-08-01,0.0288720900940901,0.0130161336013072,0.018793883146017588,1.325378182152793
055550,2023Q2,-5,2023-07-20,0.0074239390712822,-0.0030757654840902,0.012186427958650301,-0.35227422418186016
055550,2023Q2,-4,2023-07-21,0.0044280515157328,0.0036583716834934,0.0019213825785404375,-0.10088586595080073
055550,2023Q2,-3,2023-07-24,-0.0193314570183069,0.007166498886038,-0.02562497045677945,-0.026283314604240715
055550,2023Q2,-2,2023-07-25,-0.0075358306887025,0.0030123277163909,-0.009345128093120107,-0.003278324929956611
055550,2023Q2,-1,2023-07-26,0.0105343336849585,-0.0168683942553578,0.030185262302444848,0.5300921083528269
055550,2023Q2,0,2023-07-27,0.0510687182740188,0.0044070803449978,0.0477538564993996,0.8083522703160249
055550,2023Q2,1,2023-07-28,-0.0071377890482917,0.0017305826145417,-0.0075635079475000885,0.337801368948325
055550,2023Q2,2,2023-07-31,0.0042887842722176,0.0092580214720232,-0.0042624211901634455,0.12651090756113703
055550,2023Q2,3,2023-08-01,0.0253534706864559,0.0130161336013072,0.012745574736440644,0.5179048554121177
086790,2023Q2,-5,2023-07-20,0.0051480165174009,-0.0030757654840902,0.010546760208786943,-0.3053023141429847
086790,2023Q2,-4,2023-07-21,0.0051216501200546,0.0036583716834934,0.0028402999366502276,0.5517560043214012
086790,2023Q2,-3,2023-07-24,-0.0167421811430728,0.007166498886038,-0.023024451647783342,-0.047595219691645596
086790,2023Q2,-2,2023-07-25,0.0012978587155991,0.0030123277163909,-0.00024669650935484956,-0.03514410447317928
086790,2023Q2,-1,2023-07-26,0.02180971629455,-0.0168683942553578,0.042938564839366075,0.6005390689478176
086790,2023Q2,0,2023-07-27,0.0446724400515936,0.0044070803449978,0.041537208715767465,1.022548397511688
086790,2023Q2,1,2023-07-28,-0.0370870686623359,0.0017305826145417,-0.037169829679541785,0.4355398102201793
086790,2023Q2,2,2023-07-31,-0.0101266688179304,0.0092580214720232,-0.01879426195594493,0.5820299979242112
086790,2023Q2,3,2023-08-01,0.0151518050206025,0.0130161336013072,0.0021981907893695272,0.25753056636024496
316140,2023Q2,-5,2023-07-21,0.0102565001671877,0.0036583716834934,0.007876965078995473,0.04667126007896272
316140,2023Q2,-4,2023-07-24,-0.0076824961720163,0.007166498886038,-0.012761055074839302,-0.11833068924817347
316140,2023Q2,-3,2023-07-25,-0.0025740039951713,0.0030123277163909,-0.004456496658207616,-0.22328025558347164
316140,2023Q2,-2,2023-07-26,0.0111064789688928,-0.0168683942553578,0.024519481296711464,0.6843431343511295
316140,2023Q2,-1,2023-07-27,0.0309518643591673,0.0044070803449978,0.02799630041257024,1.1381996060131918
316140,2023Q2,0,2023-07-28,-0.0558993947399315,0.0017305826145417,-0.05679575994679461,1.6310791184048927
316140,2023Q2,1,2023-07-31,0.0146997891202893,0.0092580214720232,0.008012089800802508,0.30899485802335036
316140,2023Q2,2,2023-08-01,0.0042826617920006,0.0130161336013072,-0.005296390534193858,0.5177154483677153
316140,2023Q2,3,2023-08-02,-0.0042826617920006,-0.0191544473366445,0.010889145548198292,0.8122546470683663
139130,2023Q2,-5,2023-07-21,0.0013840832659379,0.0036583716834934,-0.001703385329931114,-0.4167429975108714
139130,2023Q2,-4,2023-07-24,-0.0083333815591437,0.007166498886038,-0.014132214937685768,0.1822290330314118
139130,2023Q2,-3,2023-07-25,-0.0154606031063799,0.0030123277163909,-0.01804875660923018,0.4180775951127096
139130,2023Q2,-2,2023-07-26,-0.0085349024498366,-0.0168683942553578,0.0042423758849086755,0.8321692024116274
139130,2023Q2,-1,2023-07-27,0.0323288871153604,0.0044070803449978,0.028662755837074158,0.33036959973113333
139130,2023Q2,0,2023-07-28,-0.0083333815591437,0.0017305826145417,-0.009930898654341248,0.10649081882719003
139130,2023Q2,1,2023-07-31,0.019337619150157,0.0092580214720232,0.01192228775019421,0.4193914120984168
139130,2023Q2,2,2023-08-01,0.0243255237674411,0.0130161336013072,0.01400561899018284,0.5714153570010456
139130,2023Q2,3,2023-08-02,-0.0040133833134579,-0.0191544473366445,0.010530741962135489,0.16848001586401296
323410,2023Q2,-5,2023-07-26,0.0020768439448399,-0.0168683942553578,0.023057663146465728,0.3695321314600637
323410,2023Q2,-4,2023-07-27,0.0642791514045644,0.0044070803449978,0.058671162572599696,0.4334555856079678
323410,2023Q2,-3,2023-07-28,-0.0156865961676988,0.0017305826145417,-0.017949659178067567,-0.26432605241149076
323410,2023Q2,-2,2023-07-31,0.0272921422880063,0.0092580214720232,0.015621739111283717,-0.0696748700367884
323410,2023Q2,-1,2023-08-01,0.1313655874222536,0.0130161336013072,0.1149985218278301,2.378219810144845
323410,2023Q2,0,2023-08-02,-0.0536925491040349,-0.0191544473366445,-0.029854758310719442,1.7239017337212523
323410,2023Q2,1,2023-08-03,0.0088574538340608,-0.0042437350077504,0.014060733519904632,1.3080698138265436
323410,2023Q2,2,2023-08-04,0.0122700925918142,-0.0009945274625549,0.013412708188921176,0.5438013737976259
323410,2023Q2,3,2023-08-07,0.0017406444777847,-0.0085232676617676,0.012292226579840844,0.5265242300477588
071050,2023Q2,-5,2023-07-31,0.0071905805453553,0.0092580214720232,-0.0046168558523475576,0.06199948817448053
071050,2023Q2,-4,2023-08-01,0.0391419760956441,0.0130161336013072,0.02133754355951257,0.3486008295506071
071050,2023Q2,-3,2023-08-02,-0.0118813278867531,-0.0191544473366445,0.021650347446962252,0.13922592926677346
071050,2023Q2,-2,2023-08-03,0.0,-0.0042437350077504,0.009737950936610947,0.3424465220123949
071050,2023Q2,-1,2023-08-04,0.0059583095836313,-0.0009945274625549,0.010511347342783882,-0.08566085133609569
071050,2023Q2,0,2023-08-07,0.0426421192660022,-0.0085232676617676,0.05920912157668967,0.9745538980180086
071050,2023Q2,1,2023-08-08,-0.0076190844764401,-0.0026112081887479,-0.00048623330605259817,0.06517802330601441
071050,2023Q2,2,2023-08-09,-0.0057526524894502,0.0120254528389862,-0.021976209175773996,-0.23117478642578604
071050,2023Q2,3,2023-08-10,-0.0019249284095845,-0.0013674967650594,0.003223273993391006,0.04649747935246573
016360,2023Q2,-5,2023-08-02,-0.0135871655463066,-0.0191544473366445,0.005582774930762259,-0.19133992346091944
016360,2023Q2,-4,2023-08-03,-0.0165521020287329,-0.0042437350077504,-0.012443777724973692,-0.14930059788528105
016360,2023Q2,-3,2023-08-04,0.0151831764213898,-0.0009945274625549,0.01600940957928717,-0.5492438902929866
016360,2023Q2,-2,2023-08-07,0.0108992904580365,-0.0085232676617676,0.01933045842038119,0.1521165210287112
016360,2023Q2,-1,2023-08-08,-0.0040733253876368,-0.0026112081887479,-0.001614049888393929,-0.2370778941681735
016360,2023Q2,0,2023-08-09,-0.0109440216793164,0.0120254528389862,-0.023269537516392033,-0.19583455578035291
016360,2023Q2,1,2023-08-10,-0.013850636933899,-0.0013674967650594,-0.012647659838164127,-0.20484240108201845
016360,2023Q2,2,2023-08-11,0.0152252075970658,-0.0039670399515232,0.019054036552646997,-0.24891190413038977
016360,2023Q2,3,2023-08-14,-0.00827590930386,-0.0078998390651428,-0.00047447934642820024,-0.5830896304132693
039490,2023Q2,-5,2023-08-02,-0.025342486850544,-0.0191544473366445,-0.004554965182961675,0.3507427674339265
039490,2023Q2,-4,2023-08-03,0.0019723872272052,-0.0042437350077504,0.005533636377387687,0.1468026312782893
039490,2023Q2,-3,2023-08-04,0.0068728792877621,-0.0009945274625549,0.006680334963526401,-0.40209656170424246
039490,2023Q2,-2,2023-08-07,0.0184202978513194,-0.0085232676617676,0.026925669999727512,0.6372781174745814
039490,2023Q2,-1,2023-08-08,-0.008683122573462,-0.0026112081887479,-0.007007923616978525,-0.41109361159056057
039490,2023Q2,0,2023-08-09,-0.0314986670593704,0.0120254528389862,-0.04673313050177606,0.6469588953846941
039490,2023Q2,1,2023-08-10,-0.0283994745216986,-0.0013674967650594,-0.028161129247647507,0.4594130838441597
039490,2023Q2,2,2023-08-11,0.0051308475823432,-0.0039670399515232,0.0083724322968065,-0.08526408606606672
039490,2023Q2,3,2023-08-14,-0.0041025698567764,-0.0078998390651428,0.003682558304375104,-0.7841645777600572
006800,2023Q2,-5,2023-08-04,0.0113977583783206,-0.0009945274625549,0.013265089928057458,-0.08799633712729715
006800,2023Q2,-4,2023-08-07,0.0028292563787175,-0.0085232676617676,0.014281466774966427,-0.31946439895535583
006800,2023Q2,-3,2023-08-08,-0.0056665401660591,-0.0026112081887479,-0.001741003859081252,0.008142025302730005
006800,2023Q2,-2,2023-08-09,-0.0071286301310014,0.0120254528389862,-0.021837104157248585,-0.1737358261884676
006800,2023Q2,-1,2023-08-10,-0.0099217148654133,-0.0013674967650594,-0.0075795541299983945,0.41713083144941443
006800,2023Q2,0,2023-08-11,-0.007251663395321,-0.0039670399515232,-0.0016000105218805308,0.5482246343114632
006800,2023Q2,1,2023-08-14,-0.0161412161793848,-0.0078998390651428,-0.005482696016825252,-0.20271279197897307
006800,2023Q2,2,2023-08-16,-0.0177603354962965,-0.0177499551808759,0.005438419432665362,0.2418581039687986
006800,2023Q2,3,2023-08-17,0.0,-0.002295038727424,0.0035230192986112335,0.34507577610345486
138040,2023Q2,-5,2023-08-08,-0.0139583522507074,-0.0026112081887479,-0.012770068756309474,-0.16784081930511796
138040,2023Q2,-4,2023-08-09,-0.0060423144559624,0.0120254528389862,-0.017815998784473278,-0.7666449132906195
138040,2023Q2,-3,2023-08-10,-0.0266136485180901,-0.0013674967650594,-0.026526773837101725,-0.3193771254797966
138040,2023Q2,-2,2023-08-11,0.0316514425480463,-0.0039670399515232,0.03404042664274308,-0.24959334706818304
138040,2023Q2,-1,2023-08-14,0.0090045630930823,-0.0078998390651428,0.014876364441530376,-0.8220172191441417
138040,2023Q2,0,2023-08-16,-0.0100100935951008,-0.0177499551808759,0.004584796161428935,-0.5638462309526524
138040,2023Q2,1,2023-08-17,0.0,-0.002295038727424,0.0009082894181190924,-0.23078475216805217
138040,2023Q2,2,2023-08-18,-0.0030226723265851,-0.0061103008814473,0.001264345695189276,-0.7398157554340887
138040,2023Q2,3,2023-08-21,0.0010085729548841,0.0017154568211577,-0.0016347614677166202,-1.0534770223119931
105560,2023Q3,-5,2023-10-18,0.0227880150100396,0.0009873205406796,0.019738738066940303,0.27020010848402265
105560,2023Q3,-4,2023-10-19,-0.0087032751283011,-0.0191872266313533,-0.005932266501319304,-0.12152335671364689
105560,2023Q3,-3,2023-10-20,-0.0070175726586469,-0.0170330779144256,-0.004868028324569954,-0.24320381372957556
105560,2023Q3,-2,2023-10-23,-0.0285733724440557,-0.0075993199194455,-0.02914543395627677,-0.01631889250852936
105560,2023Q3,-1,2023-10-24,0.0072202479734873,0.0111760776947473,0.0012315505945683682,-0.07270777603859813
105560,2023Q3,0,2023-10-25,-0.02181904739464,-0.008570290258234,-0.022110987395154394,0.1504949796653392
105560,2023Q3,1,2023-10-26,-0.0204278226900989,-0.0274948281089253,-0.015260100392689555,0.07095627153588602
105560,2023Q3,2,2023-10-27,-0.0151231615742197,0.0016210648993153,-0.018355271525377834,0.22966154731433264
105560,2023Q3,3,2023-10-30,-0.0270286723879191,0.0033554707702467,-0.0307611523041211,0.24050781645962616
175330,2023Q3,-5,2023-10-17,0.0266682470821617,0.0097745583380381,0.018569289651414134,0.5917030521964257
175330,2023Q3,-4,2023-10-18,0.0286244945748386,0.0009873205406796,0.023677002861043607,0.7813503347702966
175330,2023Q3,-3,2023-10-19,-0.0760091134107465,-0.0191872266313533,-0.07372118083833218,1.0440727128634357
175330,2023Q3,-2,2023-10-20,-0.0076409158761787,-0.0170330779144256,-0.006125549835724602,0.08606354387284121
175330,2023Q3,-1,2023-10-23,-0.0193616890491465,-0.0075993199194455,-0.021229657520493606,0.2397474863767428
175330,2023Q3,0,2023-10-24,0.0097277031680125,0.0111760776947473,0.0011261031200772917,-0.1800670956215331
175330,2023Q3,1,2023-10-25,-0.0058252591910807,-0.008570290258234,-0.0073449976719079605,0.43180521977240005
175330,2023Q3,2,2023-10-26,-0.0107685817901312,-0.0274948281089253,-0.00550120085744343,0.4414525207480011
175330,2023Q3,3,2023-10-27,0.0029484050842985,0.0016210648993153,-0.002226373481816901,0.170788038586851
005940,2023Q3,-5,2023-10-20,-0.0117763873238256,-0.0170330779144256,-0.006235247351618678,-0.019531931355803778
005940,2023Q3,-4,2023-10-23,-0.02904560719643,-0.0075993199194455,-0.02739321443810603,0.780411072800133
005940,2023Q3,-3,2023-10-24,0.0060790460763815,0.0111760776947473,-8.082912681782982e-06,-0.4451825631746473
005940,2023Q3,-2,2023-10-25,0.0110498361865847,-0.008570290258234,0.013102478580497793,-0.616639825704473
005940,2023Q3,-1,2023-10-26,-0.0100402449852321,-0.0274948281089253,-0.00018660283278603383,-0.22238003892972813
005940,2023Q3,0,2023-10-27,-0.0070886372777341,0.0016210648993153,-0.009237035868304632,-0.21335377761256247
005940,2023Q3,1,2023-10-30,-0.010214593409719,0.0033554707702467,-0.013077942076591648,-0.23066513949446232
005940,2023Q3,2,2023-10-31,-0.0061792163659575,-0.01419214165153,-0.0018091561461708767,0.06603034985118938
005940,2023Q3,3,2023-11-01,0.0061792163659575,0.0102937084352179,0.0004558142184600891,-0.25310132801774543
029780,2023Q3,-5,2023-10-19,0.0,-0.0191872266313533,0.003975465489776428,0.08614110755544147
029780,2023Q3,-4,2023-10-20,-0.0032206147000408,-0.0170330779144256,0.0001441245134768481,0.05132986450108845
029780,2023Q3,-3,2023-10-23,-0.0113545421029268,-0.0075993199194455,-0.010664383268250305,0.4378419333721819
029780,2023Q3,-2,2023-10-24,0.0016299922109315,0.0111760776947473,-0.003002893078545098,-0.2226972573373338
029780,2023Q3,-1,2023-10-25,0.0064935293105481,-0.008570290258234,0.0074589695567196055,-0.45373930365449233
029780,2023Q3,0,2023-10-26,-0.00324149392417,-0.0274948281089253,0.003089273442013393,0.10059811467274571
029780,2023Q3,1,2023-10-27,0.0161034075665771,0.0016210648993153,0.014179479805567663,0.26803152078128534
029780,2023Q3,2,2023-10-30,0.003189795368101,0.0033554707702467,0.0007741433214136337,0.14140015886930613
029780,2023Q3,3,2023-10-31,-0.0015936258352784,-0.01419214165153,0.0009656748255095621,-0.005347529499072579
316140,2023Q3,-5,2023-10-20,-0.0015948966698164,-0.0170330779144256,0.0032921387798885908,-0.20358963837794342
316140,2023Q3,-4,2023-10-23,-0.0193398453300321,-0.0075993199194455,-0.01811297699641226,-0.0727283668769747
316140,2023Q3,-3,2023-10-24,-0.0008140008589485,0.0111760776947473,-0.006871726106747645,-0.2787547517632838
316140,2023Q3,-2,2023-10-25,0.0073022636854016,-0.008570290258234,0.008905855028729644,-0.7167262902210609
316140,2023Q3,-1,2023-10-26,-0.0138382346651866,-0.0274948281089253,-0.00489218539946247,-0.3420244664195611
316140,2023Q3,0,2023-10-27,-0.0123712918025464,0.0016210648993153,-0.014721804755285306,0.16878785908172844
316140,2023Q3,1,2023-10-30,-0.0142083460021655,0.0033554707702467,-0.017231784350924335,0.4342860983610297
316140,2023Q3,2,2023-10-31,0.0016820861829849,-0.01419214165153,0.0054668778085556,-0.10912718918998898
316140,2023Q3,3,2023-11-01,0.0133557911815564,0.0102937084352179,0.007640412954922358,-0.3488387045710777
024110,2023Q3,-5,2023-10-23,-0.0177744840275781,-0.0075993199194455,-0.018477260823151563,0.44448800616206796
024110,2023Q3,-4,2023-10-24,-0.0042789966872796,0.0111760776947473,-0.011024766030857364,-0.049386658497441616
024110,2023Q3,-3,2023-10-25,0.0051326032265208,-0.008570290258234,0.004742340000151148,-0.2995736135793958
024110,2023Q3,-2,2023-10-26,-0.0137459209046362,-0.0274948281089253,-0.008045189758684035,0.0750725390151441
024110,2023Q3,-1,2023-10-27,-0.0034662079764853,0.0016210648993153,-0.007136629873080981,0.28991865041904674
024110,2023Q3,0,2023-10-30,-0.0335424207686081,0.0033554707702467,-0.03777107328000208,1.1066137900769561
024110,2023Q3,1,2023-10-31,0.0026893785819712,-0.01419214165153,0.004108547399266733,0.1640659157342661
024110,2023Q3,2,2023-11-01,0.008025009630435,0.0102937084352179,0.0015632369813343497,-0.31340187739010616
024110,2023Q3,3,2023-11-02,-0.00623610038771,0.017896245268834,-0.015144802490743573,0.2504263340609558
055550,2023Q3,-5,2023-10-20,0.0,-0.0170330779144256,0.0069385398986832065,-0.2589112489759522
055550,2023Q3,-4,2023-10-23,-0.0239279536952352,-0.0075993199194455,-0.02183337675469518,-0.04673557748195556
055550,2023Q3,-3,2023-10-24,-0.0028530689824073,0.0111760776947473,-0.010399117825987967,-0.5710244982009787
055550,2023Q3,-2,2023-10-25,0.0099503308531687,-0.008570290258234,0.012543473090491825,-0.49984170175039644
055550,2023Q3,-1,2023-10-26,-0.0085227788619821,-0.0274948281089253,0.003787568374399376,-0.3324983242720325
055550,2023Q3,0,2023-10-27,-0.0014275519911866,0.0016210648993153,-0.004067377029759176,-0.1387514239064611
055550,2023Q3,1,2023-10-30,-0.026050677199942,0.0033554707702467,-0.02958106968763171,0.4846535531776528
055550,2023Q3,2,2023-10-31,0.0188821877213296,-0.01419214165153,0.024361988692086656,0.30257051147520286
055550,2023Q3,3,2023-11-01,0.0071684894786123,0.0102937084352179,7.551183007808212e-05,-0.14669903963868514
086790,2023Q3,-5,2023-10-20,-0.0080321716972644,-0.0170330779144256,-0.00441033125538923,0.0077233179250608686
086790,2023Q3,-4,2023-10-23,-0.0256723550541266,-0.0075993199194455,-0.025430192313618497,-0.12212003020306561
086790,2023Q3,-3,2023-10-24,-0.0011827322490489,0.0111760776947473,-0.007666923172134187,-0.5612444899307789
086790,2023Q3,-2,2023-10-25,0.0070755012161995,-0.008570290258234,0.007665517569704515,-0.33607974448600686
086790,2023Q3,-1,2023-10-26,-0.0177835154886718,-0.0274948281089253,-0.010413715445920967,-0.14400572593736527
086790,2023Q3,0,2023-10-27,-0.0144580831752296,0.0016210648993153,-0.017519156428963793,0.06884727805357116
086790,2023Q3,1,2023-10-30,-0.0383473082746252,0.0033554707702467,-0.042029738664108064,0.6787740578563053
086790,2023Q3,2,2023-10-31,-0.01141420128444,-0.01419214165153,-0.008810136467487843,0.27533542549783974
086790,2023Q3,3,2023-11-01,0.0101523714640183,0.0102937084352179,0.0039842924989024805,-0.34207753755779535
139130,2023Q3,-5,2023-10-24,0.0,0.0111760776947473,-0.009972811552762945,-0.33280032871088316
139130,2023Q3,-4,2023-10-25,0.0146522767868688,-0.008570290258234,0.016977008108051483,-0.17533989747485812
139130,2023Q3,-3,2023-10-26,-0.0158830461730019,-0.0274948281089253,-0.0017725871603960289,0.279737331612532
139130,2023Q3,-2,2023-10-27,-0.0037014231031857,0.0016210648993153,-0.007723612253250862,-0.13435657473198503
139130,2023Q3,-1,2023-10-30,-0.0149442382682778,0.0033554707702467,-0.020046571909187502,0.22571564149561674
139130,2023Q3,0,2023-10-31,-0.0138978863610077,-0.01419214165153,-0.008072006944913186,-0.08765868186060466
139130,2023Q3,1,2023-11-01,0.0076045993852194,0.0102937084352179,-0.0018186947157492698,0.05551819942623659
139130,2023Q3,2,2023-11-02,-0.0114286958236231,0.017896245268834,-0.025586659251364306,0.2283328735140504
139130,2023Q3,3,2023-11-03,0.0189759014590062,0.0107059002898761,0.009295904605560713,-0.32432756394540974
138930,2023Q3,-5,2023-10-24,-0.0128481424778499,0.0111760776947473,-0.019260423870051568,-0.06190104693421361
138930,2023Q3,-4,2023-10-25,0.0114286958236231,-0.008570290258234,0.01351196626443804,-0.29550507299702566
138930,2023Q3,-3,2023-10-26,-0.0056980211146377,-0.0274948281089253,0.004527222199834695,-0.3040106702735592
138930,2023Q3,-2,2023-10-27,-0.0158390640297465,0.0016210648993153,-0.018140457451967153,-0.0668013229212896
138930,2023Q3,-1,2023-10-30,-0.0116789648641457,0.0033554707702467,-0.014726558043763327,0.027476258248089636
138930,2023Q3,0,2023-10-31,-0.0044150182091158,-0.01419214165153,8.69618406250652e-05,-0.3821845890339777
138930,2023Q3,1,2023-11-01,0.0058823699030661,0.0102937084352179,-0.00015028654757456936,-0.25412926590364826
138930,2023Q3,2,2023-11-02,-0.0147713173203136,0.017896245268834,-0.024074840893768726,0.4419218592553733
138930,2023Q3,3,2023-11-03,0.0118344576470033,0.0107059002898761,0.005624462392855361,-0.5557756259724353
016360,2023Q3,-5,2023-10-27,-0.0069979291876443,0.0016210648993153,-0.009956891812540884,-0.41500887981932877
016360,2023Q3,-4,2023-10-30,0.0042046312820307,0.0033554707702467,8.898680229416003e-05,-0.20205930575852804
016360,2023Q3,-3,2023-10-31,-0.0126673052007646,-0.01419214165153,-0.005080380389073663,-0.3143954924130572
016360,2023Q3,-2,2023-11-01,0.0320584945154163,0.0102937084352179,0.02331571301651733,0.10761255636174383
016360,2023Q3,-1,2023-11-02,0.0068352966058569,0.017896245268834,-0.006977645547810731,-0.17677646805410419
016360,2023Q3,0,2023-11-03,0.012187016103244,0.0107059002898761,0.003169342292812476,-0.33740129380549
016360,2023Q3,1,2023-11-06,0.0485978749658784,0.0550490047298399,0.010007616587663248,0.9072757618021523
016360,2023Q3,2,2023-11-07,-0.0246605618219515,-0.0236186710565258,-0.010787048790273394,0.5558060594763656
016360,2023Q3,3,2023-11-08,-0.0079156086126612,-0.0091828724942519,-0.0036693844047577086,-0.42672796079172315
039490,2023Q3,-5,2023-10-31,-0.0257524961024149,-0.01419214165153,-0.0022714074794310986,1.1566358767989264
039490,2023Q3,-4,2023-11-01,0.0160200591841839,0.0102937084352179,-0.0019352161859946364,1.0028075834852643
039490,2023Q3,-3,2023-11-02,0.0133578185325475,0.017896245268834,-0.017462906981003216,0.9527577780472072
039490,2023Q3,-2,2023-11-03,0.0459715595250553,0.0107059002898761,0.02731874938830243,1.3678010599354504
039490,2023Q3,-1,2023-11-06,0.0955196258203798,0.0550490047298399,0.0018268636439144198,1.7188348824024935
039490,2023Q3,0,2023-11-07,-0.0168958612724665,-0.0236186710565258,0.02253734264297566,0.9739007645711624
039490,2023Q3,1,2023-11-08,-0.0032000027306704,-0.0091828724942519,0.011804112480921222,0.13560719261501042
039490,2023Q3,2,2023-11-09,0.0169495583137724,0.0022521348094786,0.012602696400894575,0.2907958308532361
039490,2023Q3,3,2023-11-10,-0.038548670117235,-0.0072032986576999,-0.026894503621007905,0.5101465256876292
323410,2023Q3,-5,2023-11-01,0.0325055704049308,0.0102937084352179,0.017883045799146423,0.39896040337806404
323410,2023Q3,-4,2023-11-02,0.0788939424696621,0.017896245268834,0.05194223025377691,0.9210687292156479
323410,2023Q3,-3,2023-11-03,0.0386521544342794,0.0107059002898761,0.02336116996849601,0.3071544793308778
323410,2023Q3,-2,2023-11-06,0.1534734024562958,0.0550490047298399,0.06627030946415799,1.5303539133459392
323410,2023Q3,-1,2023-11-07,-0.0737953255981018,-0.0236186710565258,-0.03342145910323686,0.7566172300442489
323410,2023Q3,0,2023-11-08,0.0065430985889349,-0.0091828724942519,0.023506138846310573,0.7920249385499929
323410,2023Q3,1,2023-11-09,0.0446407806226201,0.0022521348094786,0.04305943846448724,1.0585681270327338
323410,2023Q3,2,2023-11-10,-0.0468170600452158,-0.0072032986576999,-0.03306433468049258,0.051396181146044384
323410,2023Q3,3,2023-11-13,0.0129871955268114,-0.0024514400962969,0.019033735840098962,-0.3445385495341817
003540,2023Q3,-5,2023-11-03,0.0014224753465423,0.0107059002898761,-0.0015743566793161067,-0.5333156335733253
003540,2023Q3,-4,2023-11-06,0.0210978289646366,0.0550490047298399,0.008779516047094968,0.2239004123421875
003540,2023Q3,-3,2023-11-07,-0.0097902879891726,-0.0236186710565258,-0.0055716613780767196,0.0737567056735422
003540,2023Q3,-2,2023-11-08,-0.0091776147176378,-0.0091828724942519,-0.007993575381246815,0.5759192846262806
003540,2023Q3,-1,2023-11-09,-0.002129926257826,0.0022521348094786,-0.003349669954314365,-0.24237920749233588
003540,2023Q3,0,2023-11-10,0.0,-0.0072032986576999,0.00076790790120745,-0.5907735787585473
003540,2023Q3,1,2023-11-13,0.0014204547842915,-0.0024514400962969,0.0011894619693781471,-0.4924390025225769
003540,2023Q3,2,2023-11-14,-0.0007099751806922,0.0121936301832148,-0.004019546829720615,-0.3620864561026913
003540,2023Q3,3,2023-11-15,0.0098940736451975,0.0217166222872506,0.004582648719306082,0.015186847750637611
006800,2023Q3,-5,2023-11-03,0.02342713289514,0.0107059002898761,0.016705416888237505,0.1555202959158688
006800,2023Q3,-4,2023-11-06,0.0841974844157533,0.0550490047298399,0.05158217099593191,1.3437942802515916
006800,2023Q3,-3,2023-11-07,-0.0093558554668238,-0.0236186710565258,0.003965829705324483,0.26180826765997267
006800,2023Q3,-2,2023-11-08,-0.0080895681819068,-0.0091828724942519,-0.0031974857862532265,0.08465203614142958
006800,2023Q3,-1,2023-11-09,0.0107716135069644,0.0022521348094786,0.00898636739176763,0.06612854759191045
006800,2023Q3,0,2023-11-10,-0.0201562454565493,-0.0072032986576999,-0.016420110273437497,0.2301778649862154
006800,2023Q3,1,2023-11-13,0.0027292593360748,-0.0024514400962969,0.0036906065537050947,-0.254014206180333
006800,2023Q3,2,2023-11-14,0.0066553726135101,0.0121936301832148,-0.0009350845292195658,-0.33620085870192185
006800,2023Q3,3,2023-11-15,0.0134464847019479,0.0217166222872506,0.00029519624570116705,0.15338783156659552
071050,2023Q3,-5,2023-11-03,0.0318677388480228,0.0107059002898761,0.019444975750288317,0.19992865184922337
071050,2023Q3,-4,2023-11-06,0.0763458457922094,0.0550490047298399,0.0226510195899668,1.042701668234045
071050,2023Q3,-3,2023-11-07,-0.0207261305171169,-0.0236186710565258,-0.0012015166204893887,0.026445439194279885
071050,2023Q3,-2,2023-11-08,-0.0176060885750484,-0.0091828724942519,-0.011517502596420724,-0.5116541676364079
071050,2023Q3,-1,2023-11-09,0.014109581516319,0.0022521348094786,0.009555107001086905,-0.1531444885685751
071050,2023Q3,0,2023-11-10,-0.0035087755296796,-0.0072032986576999,0.000737334660794303,-0.9087826563206427
071050,2023Q3,1,2023-11-13,0.0087489621932359,-0.0024514400962969,0.008572310177796872,-0.5479735511277735
071050,2023Q3,2,2023-11-14,0.0155577900309253,0.0121936301832148,0.0017503317744774777,-0.18542062386598168
071050,2023Q3,3,2023-11-15,0.0136288310556071,0.0217166222872506,-0.009042091679148209,-0.08926191110823467
138040,2023Q3,-5,2023-11-07,0.0095511709843432,-0.0236186710565258,0.01933720861628506,-0.15466103774301665
138040,2023Q3,-4,2023-11-08,0.0,-0.0091828724942519,0.0032447138035225378,-0.48742779558456917
138040,2023Q3,-3,2023-11-09,0.0113422766039352,0.0022521348094786,0.00940542144669919,-0.24423639791611684
138040,2023Q3,-2,2023-11-10,-0.0056550574833451,-0.0072032986576999,-0.0033073521446672902,-0.418710966886799
138040,2023Q3,-1,2023-11-13,0.024277569581347,-0.0024514400962969,0.024472055234747655,-0.1320625438524612
138040,2023Q3,0,2023-11-14,0.0397882500584128,0.0121936301832148,0.03334658414908649,0.5832545940589853
138040,2023Q3,1,2023-11-15,0.0296965053538507,0.0217166222872506,0.01893966596110013,0.5734074535388416
138040,2023Q3,2,2023-11-16,-0.0493927553295758,0.0006070574415142,-0.05058417311178627,0.2192447948901055
138040,2023Q3,3,2023-11-17,0.0107914716327641,-0.0073940324630052,0.013225604582643775,-0.23720410535769965
005940,2023Q4,-5,2024-01-22,0.004073325387635,-0.0033987229339382,0.005866481229616768,-0.18935989293023958
005940,2023Q4,-4,2024-01-23,0.010111309604321,0.0057698418497782,0.008192599018738372,-0.14679326335519782
005940,2023Q4,-3,2024-01-24,0.0050175719919796,-0.003605349550364,0.006894380010571858,0.05858401477682307
005940,2023Q4,-2,2024-01-25,0.0119404403719176,0.0002632156016355,0.012251071191647119,0.10204214294930125
005940,2023Q4,-1,2024-01-26,0.0059171770280883,0.0033219414491973,0.004989491704286571,0.07410714093934523
005940,2023Q4,0,2024-01-29,0.0252440589522127,0.0088728890115108,0.022069088869697613,0.9458194951586929
005940,2023Q4,1,2024-01-30,0.0009583134418118,-0.0007360170288119,0.0016734806466549273,0.5601794315462918
005940,2023Q4,2,2024-01-31,0.0133208439756593,-0.0006885529016384,0.014016795468520781,0.6867464125756335
005940,2023Q4,3,2024-02-01,0.0506787388573002,0.0180060118088425,0.043806250930940295,2.1706352747231463
016360,2023Q4,-5,2024-01-22,-0.0042462908814506,-0.0033987229339382,-0.0010393811347786082,-0.17828351580111423
016360,2023Q4,-4,2024-01-23,0.0126851595273151,0.0057698418497782,0.009465928953483211,-0.11946672109366219
016360,2023Q4,-3,2024-01-24,0.0013995803544233,-0.003605349550364,0.004751312291091849,0.02498002699988433
016360,2023Q4,-2,2024-01-25,0.0027932979056135,0.0002632156016355,0.003433597563381421,-0.24864035655584615
016360,2023Q4,-1,2024-01-26,0.0110958142550536,0.0033219414491973,0.009592288574607902,0.039713008784364234
016360,2023Q4,0,2024-01-29,0.0191262660935276,0.0088728890115108,0.013732145888349045,0.26838458306575674
016360,2023Q4,1,2024-01-30,0.0080862974313582,-0.0007360170288119,0.00942694760717944,0.4230792084533537
016360,2023Q4,2,2024-01-31,0.0106810094203328,-0.0006885529016384,0.011988392541974648,0.23980628463615083
016360,2023Q4,3,2024-02-01,0.0492327399677616,0.0180060118088425,0.03743732031773617,1.6508209525045192
086790,2023Q4,-5,2024-01-24,0.0161853244210181,-0.003605349550364,0.019446552179326507,1.0039324456210306
086790,2023Q4,-4,2024-01-25,0.0034344624486344,0.0002632156016355,0.003754231592096566,0.07197972053771551
086790,2023Q4,-3,2024-01-26,0.024831975701181,0.0033219414491973,0.0228260465194868,0.515916189677391
086790,2023Q4,-2,2024-01-29,0.0339758707274047,0.0088728890115108,0.027749285595457834,0.9846798717060157
086790,2023Q4,-1,2024-01-30,-0.0021574981400203,-0.0007360170288119,-0.0010779637312514803,0.6803011541578936
086790,2023Q4,0,2024-01-31,0.0318836784052223,-0.0006885529016384,0.03292712352499504,0.9535793215615591
086790,2023Q4,1,2024-02-01,0.0842180790840156,0.0180060118088425,0.0710471355977123,1.9415528206176464
086790,2023Q4,2,2024-02-02,0.0723206615796261,0.0282505588339629,0.051360289734681125,1.9267274202748261
086790,2023Q4,3,2024-02-05,-0.0126014268780032,-0.0092190977805586,-0.005071792761138555,1.813201863023405
138930,2023Q4,-5,2024-01-30,-0.0013486178712938,-0.0007360170288119,-0.0019812478405254325,0.6444986347020976
138930,2023Q4,-4,2024-01-31,0.0160646025038069,-0.0006885529016384,0.015414662560983634,0.7805814391293726
138930,2023Q4,-3,2024-02-01,0.0441630206175087,0.0180060118088425,0.03669524917295781,1.9644347161829234
138930,2023Q4,-2,2024-02-02,-0.0012714559881956,0.0282505588339629,-0.01247537194910626,1.4389321533266806
138930,2023Q4,-1,2024-02-05,-0.0218658229235622,-0.0092190977805586,-0.01940470794196688,1.3538843845273991
138930,2023Q4,0,2024-02-06,-0.0250177629752883,-0.0058481359331574,-0.023786024030539078,1.319022383328658
138930,2023Q4,1,2024-02-07,0.0276151670329731,0.0128738927568967,0.022019058474659715,1.1817786998431306
138930,2023Q4,2,2024-02-08,0.014166366981982,0.0041071550243971,0.011767451918444697,1.20928279934202
138930,2023Q4,3,2024-02-13,-0.0012795907056251,0.0111272673635456,-0.006238712106819476,0.9725850339207458
006800,2023Q4,-5,2024-01-30,0.0243553047492213,-0.0007360170288119,0.024747835106090584,1.699549906858996
006800,2023Q4,-4,2024-01-31,-0.0024217716252898,-0.0006885529016384,-0.002084442013341916,0.5770414206282535
006800,2023Q4,-3,2024-02-01,0.0519694312480965,0.0180060118088425,0.030564995879774865,1.61045344456533
006800,2023Q4,-2,2024-02-02,0.0389690552389421,0.0282505588339629,0.005650219230705418,1.4616671731129962
006800,2023Q4,-1,2024-02-05,-0.0104246917714601,-0.0092190977805586,-0.0001663447523969023,0.8820614172075221
006800,2023Q4,0,2024-02-06,-0.0082762354646455,-0.0058481359331574,-0.001938314589688372,0.6888788540168367
006800,2023Q4,1,2024-02-07,0.0233510169917163,0.0128738927568967,0.00791523229840142,0.8537211158645484
006800,2023Q4,2,2024-02-08,-0.0011604968228269,0.0041071550243971,-0.006400571994389346,0.8785693858560908
006800,2023Q4,3,2024-02-13,0.0034774580076248,0.0111272673635456,-0.009927002640497399,0.535034365523062
175330,2023Q4,-5,2024-01-30,0.0098083710985203,-0.0007360170288119,0.009411910468567309,0.10741739323377253
175330,2023Q4,-4,2024-01-31,0.0149716578999665,-0.0006885529016384,0.014555223601452285,-0.009130447925421947
175330,2023Q4,-3,2024-02-01,0.0949922653206432,0.0180060118088425,0.08670885733780104,1.7583462807157488
175330,2023Q4,-2,2024-02-02,-0.0257663207642284,0.0282505588339629,-0.03836079900212168,1.2947396393275135
175330,2023Q4,-1,2024-02-05,-0.0214352807200661,-0.0092190977805586,-0.018261924450318538,0.9139088707848106
175330,2023Q4,0,2024-02-06,-0.0244634721783736,-0.0058481359331574,-0.022708670903357264,0.3780637570993157
175330,2023Q4,1,2024-02-07,0.0261287514974348,0.0128738927568967,0.020005021803537245,0.19099137269657973
175330,2023Q4,2,2024-02-08,0.0254633880691912,0.0041071550243971,0.023028842697425164,0.8244079138278266
175330,2023Q4,3,2024-02-13,-0.0097800290536387,0.0111272673635456,-0.015168750673335493,0.6593360730990714
316140,2023Q4,-5,2024-01-31,0.0285002848589943,-0.0006885529016384,0.027573040876768297,0.9415746185034628
316140,2023Q4,-4,2024-02-01,0.0374734549327726,0.0180060118088425,0.026121557419594422,1.5031851590493233
316140,2023Q4,-3,2024-02-02,0.0206051246019143,0.0282505588339629,0.0035405584616590158,1.5722650545779828
316140,2023Q4,-2,2024-02-05,0.0027155481724836,-0.0092190977805586,0.0065451934877722336,1.215447374819762
316140,2023Q4,-1,2024-02-06,-0.0115923562053179,-0.0058481359331574,-0.009642460960139992,0.9370801959447714
316140,2023Q4,0,2024-02-07,-0.0055020771539826,0.0128738927568967,-0.013992150183697987,1.1385987687431616
316140,2023Q4,1,2024-02-08,0.0075575763360795,0.0041071550243971,0.003956100867921494,0.828463322106554
316140,2023Q4,2,2024-02-13,-0.0158678734697073,0.0111272673635456,-0.023383975462598267,1.1369211029214128
316140,2023Q4,3,2024-02-14,-0.0253534706864577,-0.0110891607160787,-0.02048102183517965,0.8705688829848857
003540,2023Q4,-5,2024-02-01,0.0381240578417383,0.0180060118088425,0.03224654541503845,1.8430890409091436
003540,2023Q4,-4,2024-02-02,-0.0100251466193785,0.0282505588339629,-0.01849249348651274,1.1324620716420437
003540,2023Q4,-3,2024-02-05,-0.0012602396122876,-0.0092190977805586,-0.000255209913275169,0.41663629754966003
003540,2023Q4,-2,2024-02-06,-0.0082304991365163,-0.0058481359331574,-0.008077652854533707,0.39814014570083245
003540,2023Q4,-1,2024-02-07,0.0120064633460508,0.0128738927568967,0.007426357104372832,0.4224677764310485
003540,2023Q4,0,2024-02-08,-0.0012570711900501,0.0041071550243971,-0.0036209350489062337,0.46364693529940304
003540,2023Q4,1,2024-02-13,0.0205422723003128,0.0111272673635456,0.01640371516638416,0.7633954246849122
003540,2023Q4,2,2024-02-14,-0.0086634205222075,-0.0110891607160787,-0.0071856365487196795,0.1835629810476629
003540,2023Q4,3,2024-02-15,-0.0296458165927511,-0.0025294605933705,-0.030331935632566073,0.6597051515816403
024110,2023Q4,-5,2024-01-31,0.0390929257912784,-0.0006885529016384,0.0384389350521825,1.0262646965088322
024110,2023Q4,-4,2024-02-01,0.0475723226427522,0.0180060118088425,0.040906294927065504,2.0753018321925136
024110,2023Q4,-3,2024-02-02,0.0083428621941568,0.0282505588339629,-0.0016177378465499527,1.7296346243596634
024110,2023Q4,-2,2024-02-05,0.0290306951995802,-0.0092190977805586,0.031120066075841012,1.5809727186313243
024110,2023Q4,-1,2024-02-06,-0.0267673973643258,-0.0058481359331574,-0.025762103469108077,1.3033197726964936
024110,2023Q4,0,2024-02-07,0.0030097840629039,0.0128738927568967,-0.002005791235922505,0.9992078978382057
024110,2023Q4,1,2024-02-08,0.0074850648865663,0.0041071550243971,0.005288809118743059,1.1111182125355832
024110,2023Q4,2,2024-02-13,0.0074294546785207,0.0111272673635456,0.002975581489997624,1.2095908799683546
024110,2023Q4,3,2024-02-14,-0.0186781672143911,-0.0110891607160787,-0.015987397605877616,0.579320436690324
105560,2023Q4,-5,2024-01-31,0.0124446050480848,-0.0006885529016384,0.012930925758193624,0.37565938162178725
105560,2023Q4,-4,2024-02-01,0.0797708577330276,0.0180060118088425,0.058859836304572116,1.5320327466196222
105560,2023Q4,-3,2024-02-02,0.0784100542496517,0.0282505588339629,0.045773374527145805,1.7839061001395713
105560,2023Q4,-2,2024-02-05,-0.0558284495529424,-0.0092190977805586,-0.045578275539509584,1.6039422470263833
105560,2023Q4,-1,2024-02-06,0.0063593219082918,-0.0058481359331574,0.012751175329512511,0.8016473142264289
105560,2023Q4,0,2024-02-07,0.0250404319596881,0.0128738927568967,0.010003508642153743,0.9903454979711412
105560,2023Q4,1,2024-02-08,0.0438467815420633,0.0041071550243971,0.03884405209886868,0.957012298503475
105560,2023Q4,2,2024-02-13,0.0305923347175607,0.0111272673635456,0.01755455616259389,1.0797573830495253
105560,2023Q4,3,2024-02-14,-0.0350400811157971,-0.0110891607160787,-0.022649478744086547,0.4756921461275674
138040,2023Q4,-5,2024-02-01,0.0216614967811779,0.0180060118088425,0.01087966292204667,0.970350545965081
138040,2023Q4,-4,2024-02-02,0.0239955055562166,0.0282505588339629,0.009530396402205505,0.7887146540489134
138040,2023Q4,-3,2024-02-05,-0.0297261802652002,-0.0092190977805586,-0.030719628819920228,0.4686210618368811
138040,2023Q4,-2,2024-02-06,-0.0306369694618897,-0.0058481359331574,-0.032842397468904695,0.42984262793832784
138040,2023Q4,-1,2024-02-07,0.0363676441708733,0.0128738927568967,0.027430987777184185,0.16041105564464786
138040,2023Q4,0,2024-02-08,0.0253892340048196,0.0041071550243971,0.019604528441911843,0.6431079368374952
138040,2023Q4,1,2024-02-13,-0.0083916576362472,0.0111272673635456,-0.016700340714477367,0.037778263783890154
138040,2023Q4,2,2024-02-14,0.0111733005981253,-0.0110891607160787,0.010852205500652518,-0.15367492006019923
138040,2023Q4,3,2024-02-15,-0.0097697915958061,-0.0025294605933705,-0.013168400214983932,-0.5178337386382683
139130,2023Q4,-5,2024-02-01,0.0840473140562796,0.0180060118088425,0.07450325818211173,2.11319115044339
139130,2023Q4,-4,2024-02-02,-0.0164612770540735,0.0282505588339629,-0.030504758880475897,1.805609380018252
139130,2023Q4,-3,2024-02-05,-0.0177922014244664,-0.0092190977805586,-0.01537893362794317,1.1060334398237508
139130,2023Q4,-2,2024-02-06,-0.024587021544395,-0.0058481359331574,-0.0236542870679881,0.7807871264812416
139130,2023Q4,-1,2024-02-07,0.0319515998066037,0.0128738927568967,0.024661581089536068,0.5179278264539775
139130,2023Q4,0,2024-02-08,0.0031397200046665,0.0041071550243971,-0.0002999296162059014,1.0408224937745967
139130,2023Q4,1,2024-02-13,-0.0243269532241114,0.0111272673635456,-0.03084985050531609,0.8776698209355391
139130,2023Q4,2,2024-02-14,-0.0205523729533201,-0.0110891607160787,-0.017317769700601615,0.7855673055663228
139130,2023Q4,3,2024-02-15,0.004362057080165,-0.0025294605933705,0.0038372225772638643,0.1737300386194498
323410,2023Q4,-5,2024-01-31,-0.0109290705321907,-0.0006885529016384,-0.012183205456156315,-0.6366614339156129
323410,2023Q4,-4,2024-02-01,-0.0166208812360402,0.0180060118088425,-0.05891973455363688,0.02995713050094828
323410,2023Q4,-3,2024-02-02,0.0873216950681481,0.0282505588339629,0.022530499498761097,0.9255588375095058
323410,2023Q4,-2,2024-02-05,-0.0634015113504951,-0.0092190977805586,-0.04592646922637397,0.41799854957703175
323410,2023Q4,-1,2024-02-06,-0.0072993024816128,-0.0058481359331574,0.0027746483689208507,-0.26390076631875914
323410,2023Q4,0,2024-02-07,0.0395024429762465,0.0128738927568967,0.008471377088415843,1.843711626645245
323410,2023Q4,1,2024-02-08,0.0243490290102865,0.0041071550243971,0.012565711707879287,0.853626965694664
323410,2023Q4,2,2024-02-13,0.0204088716312078,0.0111272673635456,-0.00678740331500393,0.31742002638030975
323410,2023Q4,3,2024-02-14,0.0033613477027039,-0.0110891607160787,0.02494219318493997,0.07526424287458333
029780,2023Q4,-5,2024-02-01,0.0559792677419022,0.0180060118088425,0.05063323513527894,2.34440805615529
029780,2023Q4,-4,2024-02-02,-0.0028694424279525,0.0282505588339629,-0.010934129168206744,1.3577519078322275
029780,2023Q4,-3,2024-02-05,-0.0101083893207611,-0.0092190977805586,-0.008229538626806017,0.7065980670512744
029780,2023Q4,-2,2024-02-06,-0.0087464114428694,-0.0058481359331574,-0.00776213220612737,-0.0020320932654698254
029780,2023Q4,-1,2024-02-07,0.0245854754726142,0.0128738927568967,0.02060138269999691,0.8766504729746547
029780,2023Q4,0,2024-02-08,0.0113637586503152,0.0041071550243971,0.009706145293183697,1.4330180852704757
029780,2023Q4,1,2024-02-13,0.0223472986919972,0.0111272673635456,0.01882671790618569,1.2996900300512788
029780,2023Q4,2,2024-02-14,0.0,-0.0110891607160787,0.00237512000848264,0.7058639366667485
029780,2023Q4,3,2024-02-15,-0.0069300346646699,-0.0025294605933705,-0.006826451315073241,0.22422888904701566
055550,2023Q4,-5,2024-02-01,0.0395972546243594,0.0180060118088425,0.021869517374969952,1.936944249795669
055550,2023Q4,-4,2024-02-02,0.063802956558618,0.0282505588339629,0.03703896722124921,1.9727287999802758
055550,2023Q4,-3,2024-02-05,-0.0591081122544103,-0.0092190977805586,-0.052821810350145666,2.5818579592528135
055550,2023Q4,-2,2024-02-06,-0.0129642357867147,-0.0058481359331574,-0.009651307029880147,0.9196251163970661
055550,2023Q4,-1,2024-02-07,0.0164709605959245,0.0128738927568967,0.0032700336960008163,0.6761887169076122
055550,2023Q4,0,2024-02-08,0.0298872820061806,0.0041071550243971,0.024419098383809068,1.6784614824750275
055550,2023Q4,1,2024-02-13,0.0078962621222249,0.0111272673635456,-0.003764045429777825,1.5633946659545632
055550,2023Q4,2,2024-02-14,-0.0158553717897937,-0.0110891607160787,-0.007919571858499636,0.8056291095012433
055550,2023Q4,3,2024-02-15,-0.0184337016888385,-0.0025294605933705,-0.0180480265133425,0.7913298187143436
039490,2023Q4,-5,2024-02-06,-0.015661305825537,-0.0058481359331574,-0.009392957318017238,0.4375846888374344
039490,2023Q4,-4,2024-02-07,0.021130781630072,0.0128738927568967,0.0036024549703935205,0.3541501162012022
039490,2023Q4,-3,2024-02-08,-0.0100503358535011,0.0041071550243971,-0.01643568150668534,0.13367490183037667
039490,2023Q4,-2,2024-02-13,0.0501447930553808,0.0111272673635456,0.03483651838966366,1.1653500257218408
039490,2023Q4,-1,2024-02-14,-0.0140723518386796,-0.0110891607160787,-0.0011423874151095855,0.2857009349660409
039490,2023Q4,0,2024-02-15,0.0253620939832792,-0.0025294605933705,0.027412233003263353,1.1941862631002564
039490,2023Q4,1,2024-02-16,0.0297767639649748,0.0132864897841562,0.011724004959037717,0.7532898924889455
039490,2023Q4,2,2024-02-19,0.0207390261719275,0.0118221987401812,0.004547457472905282,0.7743655543307391
039490,2023Q4,3,2024-02-20,-0.0123917322951641,-0.0084188432908254,-0.0028558806258288574,0.39580029317313326
071050,2023Q4,-5,2024-02-07,0.0248846433158771,0.0128738927568967,0.010595467234949986,1.0100559686393726
071050,2023Q4,-4,2024-02-08,0.0,0.0041071550243971,-0.00505129585812937,0.4741653208195302
071050,2023Q4,-3,2024-02-13,0.0122138922939392,0.0111272673635456,-0.00023479115789292251,0.3247387210683641
071050,2023Q4,-2,2024-02-14,0.0195348060206423,-0.0110891607160787,0.030496507120083075,0.8822122378317854
071050,2023Q4,-1,2024-02-15,-0.0256231048878987,-0.0025294605933705,-0.023681119775113755,0.29049402299961713
071050,2023Q4,0,2024-02-16,0.0607144246991691,0.0132864897841562,0.04599047777937272,1.2284076843034963
071050,2023Q4,1,2024-02-19,0.0185058661977066,0.0118221987401812,0.0053249043298537885,1.083740887798184
071050,2023Q4,2,2024-02-20,-0.0228255273422242,-0.0084188432908254,-0.014677652010593432,0.6308166709885654
071050,2023Q4,3,2024-02-21,0.0171678036223656,-0.0016870258322754,0.01822207979985668,0.7792372804735699
175330,2024Q1,-5,2024-04-15,-0.0083333815591437,-0.0042562114674851,-0.005989103217570104,-0.12148733378552556
175330,2024Q1,-4,2024-04-16,0.0058406507295405,-0.0230310786082528,0.02325060001277066,-0.8341261795494805
175330,2024Q1,-3,2024-04-17,-0.0041684095371792,-0.0098001874435063,0.002624567010190029,-0.9094918032448245
175330,2024Q1,-2,2024-04-18,0.0099751450568188,0.0193610885026283,-0.006632000716216538,-0.6501928622983346
175330,2024Q1,-1,2024-04-19,-0.009140071939397,-0.016393498855086,0.002943629671322383,-0.20335720580309058
175330,2024Q1,0,2024-04-22,0.0472785683527483,0.0143950673454567,0.03465634775027759,-0.285616914841464
175330,2024Q1,1,2024-04-23,0.0359694757403712,-0.0024445403181543,0.03685999991230573,-0.07314218840730646
175330,2024Q1,2,2024-04-24,-0.0046189458562952,0.0199033817235534,-0.021661248435452928,-0.14940139635693228
175330,2024Q1,3,2024-04-25,-0.0038654860655764,-0.017770676651196,0.00932331564245854,-0.8127717479502703
005940,2024Q1,-5,2024-04-18,0.0313505298840777,0.0193610885026283,0.011516239249496272,-0.11506688202834248
005940,2024Q1,-4,2024-04-19,-0.0160003413464426,-0.016393498855086,-0.0012452143202108974,-0.34285877757793415
005940,2024Q1,-3,2024-04-22,0.0403917944706009,0.0143950673454567,0.025361692406266866,-0.07301217226551948
005940,2024Q1,-2,2024-04-23,0.0042936948746987,-0.0024445403181543,0.005554431714290599,-0.03985901313576257
005940,2024Q1,-1,2024-04-24,0.0042753378504034,0.0199033817235534,-0.016083573765691295,-0.29016225783457195
005940,2024Q1,0,2024-04-25,0.0160815992183422,-0.017770676651196,0.032169024601320824,0.04056156587577853
005940,2024Q1,1,2024-04-26,0.033845574738164,0.0104864620638478,0.022596704413528977,0.5838696823448206
005940,2024Q1,2,2024-04-29,0.0064725145056172,0.011643545525354,-0.005895732270437618,-0.292651535350652
005940,2024Q1,3,2024-04-30,0.0072318515264946,0.0017176757406591,0.0044660105115450445,0.040970548387708305
105560,2024Q1,-5,2024-04-18,0.0141623138125055,0.0193610885026283,-0.028604268372079755,-0.3840819987650601
105560,2024Q1,-4,2024-04-19,-0.0046985207815541,-0.016393498855086,0.02769252271576317,-0.6720476201417167
105560,2024Q1,-3,2024-04-22,0.0871421899926279,0.0143950673454567,0.05481439026482253,-0.1831043093566258
105560,2024Q1,-2,2024-04-23,0.0100215584610197,-0.0024445403181543,0.013091312528187859,0.18148119753027991
105560,2024Q1,-1,2024-04-24,-0.0186921330121521,0.0199033817235534,-0.06259863804077287,-0.6469771355420271
105560,2024Q1,0,2024-04-25,0.0057887281762436,-0.017770676651196,0.041074656524612875,-0.9380777173283938
105560,2024Q1,1,2024-04-26,0.0922884340904737,0.0104864620638478,0.06817668478871491,0.2394585501158666
105560,2024Q1,2,2024-04-29,0.007863736460214,0.011643545525354,-0.018680250272019278,-0.09001903942582778
105560,2024Q1,3,2024-04-30,-0.0131407935610567,0.0017176757406591,-0.01882019029307984,-0.07044915241015559
029780,2024Q1,-5,2024-04-19,0.0041811907604003,-0.016393498855086,0.009461687610503523,-0.3300324192944508
029780,2024Q1,-4,2024-04-22,0.0488563915279787,0.0143950673454567,0.04110447534567103,-0.029402152767694645
029780,2024Q1,-3,2024-04-23,0.0092288064376209,-0.0024445403181543,0.00860488449013609,-0.6982384789562079
029780,2024Q1,-2,2024-04-24,-0.0172075721694273,0.0199033817235534,-0.027291088583461853,-0.8410453243223284
029780,2024Q1,-1,2024-04-25,0.0106242699202301,-0.017770676651196,0.01648770881904927,-0.9317616432457143
029780,2024Q1,0,2024-04-26,0.0131235479298066,0.0104864620638478,0.007026095228480775,-0.3786920925692403
029780,2024Q1,1,2024-04-29,0.0458679125795065,0.011643545525354,0.039280680994516565,0.2650890850058101
029780,2024Q1,2,2024-04-30,-0.0264999734014512,0.0017176757406591,-0.0288857090837904,-0.35010591343524666
029780,2024Q1,3,2024-05-02,-0.0128701905205339,-0.0031289497285484,-0.013204410568247636,-1.441164083109637
055550,2024Q1,-5,2024-04-19,-0.0035863756312259,-0.016393498855086,0.02613140378399071,-0.3253349454254977
055550,2024Q1,-4,2024-04-22,0.0592852257542251,0.0143950673454567,0.032755528528523536,0.03828267698789034
055550,2024Q1,-3,2024-04-23,-0.0090703569699641,-0.0024445403181543,-0.00483585970438433,0.007520770349016104
055550,2024Q1,-2,2024-04-24,-0.0137616850726818,0.0199033817235534,-0.05035449411381329,-0.2988978057995393
055550,2024Q1,-1,2024-04-25,0.0046083030861936,-0.017770676651196,0.03684204168614558,-0.621574850923718
055550,2024Q1,0,2024-04-26,0.0720533176400586,0.0104864620638478,0.052664231732333595,0.46893998056274633
055550,2024Q1,1,2024-04-29,0.0021367529497346,0.011643545525354,-0.019366202910515683,-0.20018365355715417
055550,2024Q1,2,2024-04-30,-0.0042780813910781,0.0017176757406591,-0.007647515695992657,-0.005215753238788423
055550,2024Q1,3,2024-05-02,-0.018388836173214,-0.0031289497285484,-0.012903994800239968,-0.30568920513831976
086790,2024Q1,-5,2024-04-19,-0.0207750625749643,-0.016393498855086,0.013064372201230499,-0.09561028312552722
086790,2024Q1,-4,2024-04-22,0.0841446765075542,0.0143950673454567,0.050599354990731794,-0.21446277949642933
086790,2024Q1,-3,2024-04-23,0.0104712998672944,-0.0024445403181543,0.01378163609988842,-0.3098130350539332
086790,2024Q1,-2,2024-04-24,-0.0192819295494501,0.0199033817235534,-0.06488290898602408,-0.5838358447651579
086790,2024Q1,-1,2024-04-25,0.0017683470567426,-0.017770676651196,0.03862191342836684,-0.950960215934245
086790,2024Q1,0,2024-04-26,0.0583355770129632,0.0104864620638478,0.03334474330928791,0.05741115692358001
086790,2024Q1,1,2024-04-29,-0.0050125418235449,0.011643545525354,-0.03253580222602832,-0.5485344795731066
086790,2024Q1,2,2024-04-30,-0.0168922935645046,0.0017176757406591,-0.022691505108028837,-0.3525422977608894
086790,2024Q1,3,2024-05-02,-0.0293884589995006,-0.0031289497285484,-0.024580204318101352,-0.4170105278138667
316140,2024Q1,-5,2024-04-22,0.0440663566051178,0.0143950673454567,0.031991999525636854,-0.1393569820443492
316140,2024Q1,-4,2024-04-23,0.0035273405179676,-0.0024445403181543,0.004980540042802848,-0.35017612036245893
316140,2024Q1,-3,2024-04-24,-0.0056497325421194,0.0199033817235534,-0.022149016617084356,-0.36033972084054966
316140,2024Q1,-2,2024-04-25,-0.0071073504586518,-0.017770676651196,0.006657607208785612,-0.8386656191183572
316140,2024Q1,-1,2024-04-26,0.0232650605991864,0.0104864620638478,0.014330555720962479,-0.08967567618679517
316140,2024Q1,0,2024-04-29,-0.0112124510336784,0.011643545525354,-0.02107646165420456,-0.38062612427639664
316140,2024Q1,1,2024-04-30,0.0028149209298096,0.0017176757406591,0.0009245382014394054,-0.3520157381439937
316140,2024Q1,2,2024-05-02,-0.0177246752960975,-0.0031289497285484,-0.01572167750846546,-0.5225749820165415
316140,2024Q1,3,2024-05-03,0.0106724598907721,-0.0026192750476017,0.012266026934290544,-1.1662094243699421
024110,2024Q1,-5,2024-04-23,0.0043891804187623,-0.0024445403181543,0.005026602232830804,-0.385408062496575
024110,2024Q1,-4,2024-04-24,-0.0080616046710257,0.0199033817235534,-0.028242504472398313,-0.8416002269555563
024110,2024Q1,-3,2024-04-25,-0.0022099456508044,-0.017770676651196,0.012704617219506059,-1.1492847629657188
024110,2024Q1,-2,2024-04-26,0.0211609501210983,0.0104864620638478,0.009752430218699993,-0.15479304905562685
024110,2024Q1,-1,2024-04-29,0.0071942756340277,0.011643545525354,-0.005292131312749396,-0.5747195023289517
024110,2024Q1,0,2024-04-30,0.0,0.0017176757406591,-0.003239911943567507,-0.2326161309521506
024110,2024Q1,1,2024-05-02,-0.0254097155253685,-0.0031289497285484,-0.02413472860812721,-0.38191693809972804
024110,2024Q1,2,2024-05-03,0.0044020614006381,-0.0026192750476017,0.0052022582498187754,-1.2050849335587515
024110,2024Q1,3,2024-05-07,0.0072939783625525,0.0213389473355762,-0.014224229961526705,-0.3611096599225174
138930,2024Q1,-5,2024-04-24,-0.0085003547653919,0.0199033817235534,-0.02570700782400581,-0.31344438372807737
138930,2024Q1,-4,2024-04-25,0.0181273845925566,-0.017770676651196,0.03029254153791406,0.11556851316654537
138930,2024Q1,-3,2024-04-26,0.0047789816163508,0.0104864620638478,-0.0050859623989677315,-0.01805315463630386
138930,2024Q1,-2,2024-04-29,0.009489988184848,0.011643545525354,-0.0012770523142641675,-0.27848993790541243
138930,2024Q1,-1,2024-04-30,-0.009489988184848,0.0017176757406591,-0.012518527072580263,0.09127620152585791
138930,2024Q1,0,2024-05-02,-0.0023866359777304,-0.0031289497285484,-0.0016366023255479703,-0.4174248311901181
138930,2024Q1,1,2024-05-03,0.0154122789948871,-0.0026192750476017,0.01576495519373409,-0.18665719617253806
138930,2024Q1,2,2024-05-07,-0.0047169898781387,0.0213389473355762,-0.0230428523403466,-0.3421198234609335
138930,2024Q1,3,2024-05-08,0.0070671672230915,0.0039018633991121,0.0023357710461615637,-0.07134611738681862
039490,2024Q1,-5,2024-04-24,-0.0022962122603491,0.0199033817235534,-0.040212097282251336,-0.05354516793453179
039490,2024Q1,-4,2024-04-25,-0.0138891121606672,-0.017770676651196,0.012409001249167287,-0.3928745811206209
039490,2024Q1,-3,2024-04-26,0.0260750969261973,0.0104864620638478,0.004209993007968722,-0.24692932778072674
039490,2024Q1,-2,2024-04-29,0.0015128595926316,0.011643545525354,-0.022324449041199027,-0.49564932829887987
039490,2024Q1,-1,2024-04-30,0.0007555723819976,0.0017176757406591,-0.006163469033369041,-0.27095665684679027
039490,2024Q1,0,2024-05-02,-0.0113939705870542,-0.0031289497285484,-0.010052123377597293,-0.20893397434539374
039490,2024Q1,1,2024-05-03,-0.0200624012942629,-0.0026192750476017,-0.01958927517764538,0.07387736178807458
039490,2024Q1,2,2024-05-07,0.0269143504468161,0.0213389473355762,-0.013448401515783769,-0.04682361576305283
039490,2024Q1,3,2024-05-08,0.005297023357869,0.0039018633991121,-0.005344882779938168,-0.5095209252541597
139130,2024Q1,-5,2024-04-25,0.0023781224049663,-0.017770676651196,0.015378215775877781,-0.8953743744746934
139130,2024Q1,-4,2024-04-26,0.0176579043554543,0.0104864620638478,0.011949907869591192,-0.31577712764412347
139130,2024Q1,-3,2024-04-29,0.0081348502062752,0.011643545525354,0.0016607881400311176,-0.3749871269353715
139130,2024Q1,-2,2024-04-30,-0.0186921330121521,0.0017176757406591,-0.018594614505029264,-0.31742226376982785
139130,2024Q1,-1,2024-05-02,-0.0142520227072022,-0.0031289497285484,-0.010945718424051948,-0.3600871527496263
139130,2024Q1,0,2024-05-03,-0.0035949709178577,-0.0026192750476017,-0.0006261048950008527,-0.28711321423429226
139130,2024Q1,1,2024-05-07,0.0059844583152397,0.0213389473355762,-0.006908599322081289,0.07558974915022176
139130,2024Q1,2,2024-05-08,0.0023837913552764,0.0039018633991121,0.0010352335490659828,-0.3795689032851417
139130,2024Q1,3,2024-05-09,-0.0131817367020641,-0.0120613559627065,-0.003961590251416663,-0.2642463687494665
003540,2024Q1,-5,2024-04-29,0.0076482208382575,0.011643545525354,0.003315528058066626,-0.822577717233381
003540,2024Q1,-4,2024-04-30,-0.0031796529173799,0.0017176757406591,-0.003944143708821495,-0.3463938740487933
003540,2024Q1,-3,2024-05-02,-0.0160517090105081,-0.0031289497285484,-0.01507391030862841,-0.5714172006648859
003540,2024Q1,-2,2024-05-03,0.0,-0.0026192750476017,0.0007945782638105348,-1.3917956063277188
003540,2024Q1,-1,2024-05-07,0.0012936612412204,0.0213389473355762,-0.006524383731913994,-1.2104607654944655
003540,2024Q1,0,2024-05-08,0.0153947876825544,0.0039018633991121,0.013845114039055757,-0.7491979992296933
003540,2024Q1,1,2024-05-09,-0.0089514664216228,-0.0120613559627065,-0.004762601044439244,-1.10262616483009
003540,2024Q1,2,2024-05-10,0.0197144699730831,0.005695105764067,0.01752015247350568,-0.42302880464082904
003540,2024Q1,3,2024-05-13,0.0031436681029681,-0.0001539630448768,0.003052003510301262,-0.5512939394376879
071050,2024Q1,-5,2024-04-29,0.0059701669865042,0.011643545525354,-0.011706830040500625,-0.40633051299842293
071050,2024Q1,-4,2024-04-30,0.0029717703891574,0.0017176757406591,-0.00022032553307344254,-0.3981263958664627
071050,2024Q1,-3,2024-05-02,-0.0377973942082174,-0.0031289497285484,-0.03391677084879918,-0.1675686234137217
071050,2024Q1,-2,2024-05-03,0.0076746347531084,-0.0026192750476017,0.010811485777279615,-0.6028540913802622
071050,2024Q1,-1,2024-05-07,0.0091324835632722,0.0213389473355762,-0.022693090811448855,-0.5305102876231516
071050,2024Q1,0,2024-05-08,0.0458999887472,0.0039018633991121,0.039520490318869075,0.6301782993225089
071050,2024Q1,1,2024-05-09,-0.0116449641968809,-0.0120613559627065,0.005270790968210476,-0.1614740165429822
071050,2024Q1,2,2024-05-10,0.0217242431915831,0.005695105764067,0.012727851848405105,0.02264174666126806
071050,2024Q1,3,2024-05-13,0.0014316394714377,-0.0001539630448768,0.0009708409871552746,-0.35481732496090324
323410,2024Q1,-5,2024-04-29,0.018090945649039,0.011643545525354,0.0066946912820032775,-0.26784589339009557
323410,2024Q1,-4,2024-04-30,0.0,0.0017176757406591,0.0010243293244706526,-0.19841334192743076
323410,2024Q1,-3,2024-05-02,-0.0120241929668019,-0.0031289497285484,-0.004935113794967774,-0.2307177821686004
323410,2024Q1,-2,2024-05-03,0.0199607425625387,-0.0026192750476017,0.02641204820243495,-0.3158352987124555
323410,2024Q1,-1,2024-05-07,0.0215062052209624,0.0213389473355762,-0.002022240300981644,0.26566521402235743
323410,2024Q1,0,2024-05-08,-0.0097182494689214,0.0039018633991121,-0.011427069601196792,0.5174143108532032
323410,2024Q1,1,2024-05-09,-0.0624573549337466,-0.0120613559627065,-0.044190847324460505,1.4194547272349887
323410,2024Q1,2,2024-05-10,0.0,0.005695105764067,-0.003952766240395909,0.3347789851355305
323410,2024Q1,3,2024-05-13,-0.0083507792174195,-0.0001539630448768,-0.004984403636018976,0.11386458418532186
006800,2024Q1,-5,2024-05-02,-0.0239716868640993,-0.0031289497285484,-0.01749529565377365,-0.4714946536653599
006800,2024Q1,-4,2024-05-03,0.0025719134312467,-0.0026192750476017,0.008365302471295044,-1.1498152869056533
006800,2024Q1,-3,2024-05-07,0.0266789199153532,0.0213389473355762,0.0003665001023852449,-0.7088040204592012
006800,2024Q1,-2,2024-05-08,0.0232886346370531,0.0039018633991121,0.020343210708187103,-0.6104991864830378
006800,2024Q1,-1,2024-05-09,-0.0338749449628057,-0.0120613559627065,-0.015428461707891084,-0.18992765407012158
006800,2024Q1,0,2024-05-10,0.070366589381841,0.005695105764067,0.06501808664038339,0.3215027175057976
006800,2024Q1,1,2024-05-13,-0.0187740182441977,-0.0001539630448768,-0.016284331568065455,-0.7915191936674422
006800,2024Q1,2,2024-05-14,-0.008883307147979,0.0011470814810081,-0.008137117388656957,-0.684089741078246
006800,2024Q1,3,2024-05-16,0.0164352624859116,0.0082650504034269,0.007642841826234117,-0.49459788572763586
016360,2024Q1,-5,2024-05-08,0.009168368086879,0.0039018633991121,0.006850071368557737,-0.03666837047960847
016360,2024Q1,-4,2024-05-09,-0.0131235479298066,-0.0120613559627065,-0.00026757690661633783,-0.1554554370950001
016360,2024Q1,-3,2024-05-10,0.0401348364204299,0.005695105764067,0.03611192491517339,0.5760718809957996
016360,2024Q1,-2,2024-05-13,-0.0102041701742408,-0.0001539630448768,-0.008667091922185236,-0.5028281357304589
016360,2024Q1,-1,2024-05-14,0.0114724011622371,0.0011470814810081,0.011772736528542063,-0.1446860792944875
016360,2024Q1,0,2024-05-16,-0.0166138006626557,0.0082650504034269,-0.02307964220317714,0.918145081512888
016360,2024Q1,1,2024-05-17,-0.0195191623215329,-0.0103622142999544,-0.00827835613050843,0.30758647428838515
016360,2024Q1,2,2024-05-20,0.007853443505569,0.0064095864239162,0.0031513631821093683,-0.1662250900724942
016360,2024Q1,3,2024-05-21,-0.0039190122007344,-0.0065711579787128,0.0037181033851691704,-0.323626516760525
138040,2024Q1,-5,2024-05-08,0.0123763956010485,0.0039018633991121,0.006555890426552194,-0.548340647265146
138040,2024Q1,-4,2024-05-09,-0.0123763956010485,-0.0120613559627065,5.37752527158368e-05,-0.2972783059749773
138040,2024Q1,-3,2024-05-10,0.0246014867303081,0.005695105764067,0.016730775723194875,-0.183315945955
138040,2024Q1,-2,2024-05-13,0.0228238135652567,-0.0001539630448768,0.02164031630115354,-0.2159102427474604
138040,2024Q1,-1,2024-05-14,0.0141511795462427,0.0011470814810081,0.011480203998337882,-0.2326131274204002
138040,2024Q1,0,2024-05-16,-0.0479708277860293,0.0082650504034269,-0.058779744800366074,0.6454642220974804
138040,2024Q1,1,2024-05-17,-0.0012292564547298,-0.0103622142999544,0.009258293470878861,-0.22668307120889608
138040,2024Q1,2,2024-05-20,-0.0049321924893188,0.0064095864239162,-0.013619765982363564,-0.5630396546545775
138040,2024Q1,3,2024-05-21,0.0024691370569218,-0.0065711579787128,0.008622389548182126,-0.610953217284397
105560,2024Q2,-5,2024-07-16,-0.0188462586248316,0.0018055381119843,-0.023814858129601133,0.04109053244838812
105560,2024Q2,-4,2024-07-17,0.0,-0.0079869161008199,0.0024227270535011136,-0.10470536124304353
105560,2024Q2,-3,2024-07-18,0.0035608346230091,-0.0066835619246266,0.004999792324315121,-0.16218364878512936
105560,2024Q2,-2,2024-07-19,0.0047281411959456,-0.0102816255067343,0.008882910718766727,-0.36064328516742705
105560,2024Q2,-1,2024-07-22,0.0198488711399758,-0.0114950442802035,0.024919526937242805,0.07856361677928447
105560,2024Q2,0,2024-07-23,0.0205956936720816,0.0038932582680164,0.014051286805829587,0.13660754179641543
105560,2024Q2,1,2024-07-24,-0.0428058409977367,-0.0056317076823768,-0.04216082095773777,0.833663061972727
105560,2024Q2,2,2024-07-25,-0.0071174677688645,-0.0175747425003809,0.002542133143132808,0.17382035146732377
105560,2024Q2,3,2024-07-26,0.0453830058478175,0.0078088795676336,0.03588309517475187,0.593903896329703
005940,2024Q2,-5,2024-07-19,0.0007371913345295,-0.0102816255067343,0.0030457373439093257,-0.12197430886241278
005940,2024Q2,-4,2024-07-22,-0.0141004191466951,-0.0114950442802035,-0.01121641242268881,-0.18164440000570892
005940,2024Q2,-3,2024-07-23,0.0081876155195814,0.0038932582680164,0.003773759564267898,-0.34332640798472625
005940,2024Q2,-2,2024-07-24,0.0007410152247189,-0.0056317076823768,0.0008443497336133796,-0.6028004974207182
005940,2024Q2,-1,2024-07-25,-0.0224728558520581,-0.0175747425003809,-0.01670556797319226,-0.3615441773736894
005940,2024Q2,0,2024-07-26,0.0232133223797816,0.0078088795676336,0.016942493151471748,-0.10334487003648007
005940,2024Q2,1,2024-07-29,0.0277390047941459,0.0122350068643672,0.019369096144208266,0.7863197775716682
005940,2024Q2,2,2024-07-30,0.0007196833703932,-0.0099352121573197,0.002863943744863708,0.23849892668813588
005940,2024Q2,3,2024-07-31,0.0,0.011799268726885,-0.008163260965339342,-0.0507713764322979
175330,2024Q2,-5,2024-07-18,0.0239164115490879,-0.0066835619246266,0.025239107887750748,1.2732130176647374
175330,2024Q2,-4,2024-07-19,-0.0088166050933367,-0.0102816255067343,-0.005545842750027424,-0.3975846398375662
175330,2024Q2,-3,2024-07-22,0.0188939493599615,-0.0114950442802035,0.02282168171173583,0.11063357388203876
175330,2024Q2,-2,2024-07-23,-0.0020073609952326,0.0038932582680164,-0.006411173759134277,0.17755134814024665
175330,2024Q2,-1,2024-07-24,-0.0006700167754836,-0.0056317076823768,8.318393187369281e-05,-0.5566803592238063
175330,2024Q2,0,2024-07-25,-0.0410454332431164,-0.0175747425003809,-0.03382602659182925,0.5971206926430668
175330,2024Q2,1,2024-07-26,-0.0013976242666373,0.0078088795676336,-0.007921435348185547,0.7820140802827868
175330,2024Q2,2,2024-07-29,0.0076628727455698,0.0122350068643672,-0.0012573351539450217,0.14036982145091947
175330,2024Q2,3,2024-07-30,-0.0111655032967714,-0.0099352121573197,-0.00808229630209634,-0.013842562293739036
316140,2024Q2,-5,2024-07-19,-0.00201545247935,-0.0102816255067343,0.0014588113242221534,-0.17613474465127865
316140,2024Q2,-4,2024-07-22,0.0040268510790362,-0.0114950442802035,0.008026277227281522,-0.15076731115364694
316140,2024Q2,-3,2024-07-23,-0.0046995722614866,0.0038932582680164,-0.00736013623656729,-0.1985916033991657
316140,2024Q2,-2,2024-07-24,-0.0128684471347213,-0.0056317076823768,-0.011406647453651138,0.11655020235406255
316140,2024Q2,-1,2024-07-25,-0.0095891145726998,-0.0175747425003809,-0.0029584215922418425,-0.14243152224828748
316140,2024Q2,0,2024-07-26,0.107560434048155,0.0078088795676336,0.10320520627890865,2.2014120413955762
316140,2024Q2,1,2024-07-29,0.0092279953520275,0.0122350068643672,0.0029571590230677526,1.8405960463962021
316140,2024Q2,2,2024-07-30,-0.0406178920601121,-0.0099352121573197,-0.03729355444095568,2.257819772531283
316140,2024Q2,3,2024-07-31,0.0038192280669946,0.011799268726885,-0.0022630226994643874,1.0051618113875005
029780,2024Q2,-5,2024-07-19,0.0025316469217795,-0.0102816255067343,0.006597999860736126,-0.9631201357618426
029780,2024Q2,-4,2024-07-22,0.0075567110225609,-0.0114950442802035,0.012204714447024182,0.2475392748144749
029780,2024Q2,-3,2024-07-23,-0.0088217333291478,0.0038932582680164,-0.011550089858886762,-0.45032146964924813
029780,2024Q2,-2,2024-07-24,-0.0012666246151926,-0.0056317076823768,0.000570797126028405,-0.4572392298902894
029780,2024Q2,-1,2024-07-25,-0.0140397966674843,-0.0175747425003809,-0.006477498937692392,-0.35997519467737504
029780,2024Q2,0,2024-07-26,0.015306421282677,0.0078088795676336,0.0107011175029206,-0.46725299592618796
029780,2024Q2,1,2024-07-29,0.0433504408736133,0.0122350068643672,0.036623479552908435,1.2585592664714547
029780,2024Q2,2,2024-07-30,-0.0158830461730037,-0.0099352121573197,-0.011982745958200104,-0.32183576883134
029780,2024Q2,3,2024-07-31,0.0362796740806494,0.011799268726885,0.029761583188490554,0.6484195758716265
055550,2024Q2,-5,2024-07-19,-0.0167134809737401,-0.0102816255067343,-0.013065399720482365,0.19079188169491168
055550,2024Q2,-4,2024-07-22,0.0295224392663211,-0.0114950442802035,0.03400221591889301,0.37466821533960903
055550,2024Q2,-3,2024-07-23,0.0018165309263995,0.0038932582680164,-0.004251065440500009,0.1954712127406193
055550,2024Q2,-2,2024-07-24,-0.0054595222048998,-0.0056317076823768,-0.004998564264931805,0.2884310636928493
055550,2024Q2,-1,2024-07-25,-0.0054894922847719,-0.0175747425003809,0.003157400576562456,0.15694539168864452
055550,2024Q2,0,2024-07-26,0.0622423088772219,0.0078088795676336,0.05349088703180478,1.0110925469256742
055550,2024Q2,1,2024-07-29,0.0455006875190324,0.0122350068643672,0.03371553173941249,1.3250868813838643
055550,2024Q2,2,2024-07-30,-0.0199673855138673,-0.0099352121573197,-0.016556741158132934,0.33258640988914046
055550,2024Q2,3,2024-07-31,0.0050293484050012,0.011799268726885,-0.006457145929639119,0.17031303344090176
086790,2024Q2,-5,2024-07-19,0.0144580831752296,-0.0102816255067343,0.0206802742607207,-0.17626730233539512
086790,2024Q2,-4,2024-07-22,0.0142520227072022,-0.0114950442802035,0.021403663967310936,-0.060510974362170344
086790,2024Q2,-3,2024-07-23,-0.0047281411959474,0.0038932582680164,-0.009363576914728907,0.047357558320188176
086790,2024Q2,-2,2024-07-24,-0.0272234586106563,-0.0056317076823768,-0.024562994958679685,-0.1006149363962372
086790,2024Q2,-1,2024-07-25,-0.0114286958236213,-0.0175747425003809,0.0003798509467019349,-0.1604097140826699
086790,2024Q2,0,2024-07-26,0.0418067311827936,0.0078088795676336,0.03417202185770331,0.8178793811762688
086790,2024Q2,1,2024-07-29,-0.0079051795071123,0.0122350068643672,-0.018930197997328896,0.9922220952914191
086790,2024Q2,2,2024-07-30,0.0157483569681389,-0.0099352121573197,0.021705203594533866,0.650811552632975
086790,2024Q2,3,2024-07-31,0.0108781181471826,0.011799268726885,0.00018686479792595287,0.5756855981245543
024110,2024Q2,-5,2024-07-22,0.000716075934644,-0.0114950442802035,0.004015883879486868,-0.21814945745057024
024110,2024Q2,-4,2024-07-23,-0.0050233331322235,0.0038932582680164,-0.0062559847190725194,-0.1926600959838094
024110,2024Q2,-3,2024-07-24,-0.0014398850579873,-0.0056317076823768,0.00013293995504339668,-0.3485818266478127
024110,2024Q2,-2,2024-07-25,-0.0050559876574585,-0.0175747425003809,3.453021536410552e-05,-0.15764193551440897
024110,2024Q2,-1,2024-07-26,0.0299594446805606,0.0078088795676336,0.02757348882078521,0.962656348579781
024110,2024Q2,0,2024-07-29,0.0104859401911401,0.0122350068643672,0.006796315990318054,0.9747505449388001
024110,2024Q2,1,2024-07-30,-0.0382754021033768,-0.0099352121573197,-0.03543502598677165,0.9258003281803191
024110,2024Q2,2,2024-07-31,0.0114943794257342,0.011799268726885,0.00793309722159205,0.3274728769684909
024110,2024Q2,3,2024-08-01,0.0,0.0025196567973688,-0.0008280720005773095,-0.11889246461563197
139130,2024Q2,-5,2024-07-23,0.0049751346401141,0.0038932582680164,0.004733095069312741,-0.12178454195286292
139130,2024Q2,-4,2024-07-24,-0.0049751346401141,-0.0056317076823768,-0.0018370425744481502,-1.0681253509037028
139130,2024Q2,-3,2024-07-25,-0.0087664932121818,-0.0175747425003809,-0.0013901676416391475,-0.6008373605944239
139130,2024Q2,-2,2024-07-26,0.0199259394610802,0.0078088795676336,0.018294360494527512,0.5598413773194579
139130,2024Q2,-1,2024-07-29,0.0171153322192676,0.0122350068643672,0.013913050220217129,0.6242054103150529
139130,2024Q2,0,2024-07-30,-0.028274778468166,-0.0099352121573197,-0.023609498620497257,0.928484764086928
139130,2024Q2,1,2024-07-31,0.0160795053743481,0.011799268726885,0.013031854086986221,0.07086847994113299
139130,2024Q2,2,2024-08-01,0.0158250411443976,0.0025196567973688,0.016070452532582852,0.18907780172033917
139130,2024Q2,3,2024-08-02,-0.0219789067187754,-0.0372219029564071,-0.007630378940893396,0.03670105977257343
039490,2024Q2,-5,2024-07-24,-0.0076103868074142,-0.0056317076823768,-0.0027734521918077824,-0.10066432001419123
039490,2024Q2,-4,2024-07-25,-0.0373584299449802,-0.0175747425003809,-0.02291493581688707,0.28257458171148464
039490,2024Q2,-3,2024-07-26,0.0063241317494675,0.0078088795676336,0.000349928051606877,0.26373572001507917
039490,2024Q2,-2,2024-07-29,0.0529467729737866,0.0122350068643672,0.04341234727759314,0.6034754923587453
039490,2024Q2,-1,2024-07-30,0.0007471050029987,-0.0099352121573197,0.009045628107694093,0.15236164161308707
039490,2024Q2,0,2024-07-31,-0.008249015654794,0.011799268726885,-0.017432948832681098,0.42656386577517047
039490,2024Q2,1,2024-08-01,0.0223389780822635,0.0025196567973688,0.020619240195785322,0.36396716890753744
039490,2024Q2,2,2024-08-02,-0.0844707591892692,-0.0372219029564071,-0.05422377632917777,0.9470024209587518
039490,2024Q2,3,2024-08-05,-0.0517994953601412,-0.0917610158234953,0.022316842441969166,0.7638725069512731
138930,2024Q2,-5,2024-07-24,-0.0058173520659128,-0.0056317076823768,-0.005798125197620952,-0.6351568983118572
138930,2024Q2,-4,2024-07-25,-0.0082015691134174,-0.0175747425003809,-0.006550703204793824,-0.4706613300945399
138930,2024Q2,-3,2024-07-26,0.0471080779864472,0.0078088795676336,0.045291072505399994,1.2368530516825196
138930,2024Q2,-2,2024-07-29,0.0567218551626478,0.0122350068643672,0.05430015898071261,1.6267437247147338
138930,2024Q2,-1,2024-07-30,0.0084477799119326,-0.0099352121573197,0.009054944939876618,1.2788841735528216
138930,2024Q2,0,2024-07-31,0.0010509722459755,0.011799268726885,-0.0013111940620782541,0.9427626919165899
138930,2024Q2,1,2024-08-01,0.0114883770067599,0.0025196567973688,0.01039397700216711,0.7459005203152014
138930,2024Q2,2,2024-08-02,-0.0199272456526244,-0.0372219029564071,-0.015592214913183444,0.5443822930023536
138930,2024Q2,3,2024-08-05,-0.0793367422365225,-0.0917610158234953,-0.06755066181540012,1.1200946750332488
071050,2024Q2,-5,2024-07-30,-0.0137176362287991,-0.0099352121573197,-0.005182144310695294,0.048609965070586014
071050,2024Q2,-4,2024-07-31,0.0109891215755943,0.011799268726885,-0.0013157775578701795,-0.010388761442966299
071050,2024Q2,-3,2024-08-01,-0.0027359798188744,0.0025196567973688,-0.006143001775136072,0.08151464814518761
071050,2024Q2,-2,2024-08-02,-0.0320138682458637,-0.0372219029564071,0.0026858237645221925,0.2736864652287281
071050,2024Q2,-1,2024-08-05,-0.104261010324409,-0.0917610158234953,-0.01726577715013171,0.6945146462907719
071050,2024Q2,0,2024-08-06,0.0400053346136992,0.032478570138184,0.007871817056782145,0.7171951480114096
071050,2024Q2,1,2024-08-07,0.0149703394588645,0.0181753225243683,-0.0034483221892574033,-0.126157631495305
071050,2024Q2,2,2024-08-08,0.0321665159200641,-0.0045579055814375,0.03554590714992939,0.7449521664438894
071050,2024Q2,3,2024-08-09,0.0128665105932501,0.0123223972923351,6.000279784839843e-05,-0.16545743713990468
323410,2024Q2,-5,2024-07-31,0.0093897403498388,0.011799268726885,0.003906847596603187,-0.40274445816350024
323410,2024Q2,-4,2024-08-01,0.0069848945219526,0.0025196567973688,0.008056149930496949,-0.40631611120942424
323410,2024Q2,-3,2024-08-02,-0.014018921179332,-0.0372219029564071,0.01512161910716939,-0.08721462040920791
323410,2024Q2,-2,2024-08-05,-0.1024888259151328,-0.0917610158234953,-0.034827555553061065,1.0325503622879886
323410,2024Q2,-1,2024-08-06,0.0257348221688147,0.032478570138184,0.005646231853954298,0.6757665485296336
323410,2024Q2,0,2024-08-07,0.0837880304036975,0.0181753225243683,0.07380175953577342,1.2179717821601894
323410,2024Q2,1,2024-08-08,0.0208099995137942,-0.0045579055814375,0.02688010539230155,1.0049214022490016
323410,2024Q2,2,2024-08-09,-0.0138251049918416,0.0123223972923351,-0.019677481097577505,0.049784511391449016
323410,2024Q2,3,2024-08-12,0.0138251049918416,0.0114737829667257,0.008572101366819223,-0.25872659340919135
003540,2024Q2,-5,2024-08-02,-0.0212397365009113,-0.0372219029564071,-0.008400600882044668,0.1645058307273768
003540,2024Q2,-4,2024-08-05,-0.0495059838134537,-0.0917610158234953,-0.015514109576468961,1.0186772917484657
003540,2024Q2,-3,2024-08-06,0.0130720815673512,0.032478570138184,-0.0011217837450966158,0.2848041494221647
003540,2024Q2,-2,2024-08-07,0.0043196611445175,0.0181753225243683,-0.004326756799239406,0.036529270651616486
003540,2024Q2,-1,2024-08-08,0.0085837436913909,-0.0045579055814375,0.008754301433323022,0.12717114702995325
003540,2024Q2,0,2024-08-09,-0.0006106870418793,0.0123223972923351,-0.006987075440302378,-0.29362565289171094
003540,2024Q2,1,2024-08-12,-0.0018343019511863,0.0114737829667257,-0.007881559271497572,-0.7103652700869798
003540,2024Q2,2,2024-08-13,0.0097442914746768,0.0012214021679719,0.007673371865944267,-0.7455048163697686
003540,2024Q2,3,2024-08-14,0.0024213086890103,0.0087353384934472,-0.0025638558117009385,-0.15964400666086398
006800,2024Q2,-5,2024-08-01,-0.0091134597692601,0.0025196567973688,-0.012423645543561079,0.07918384381113341
006800,2024Q2,-4,2024-08-02,-0.0356800360997375,-0.0372219029564071,0.014294099047610587,0.29268986047522993
006800,2024Q2,-3,2024-08-05,-0.106746976787754,-0.0917610158234953,0.016351605683679216,1.3117539102383642
006800,2024Q2,-2,2024-08-06,0.0310321092477288,0.032478570138184,-0.01244611126919951,0.7366781120327257
006800,2024Q2,-1,2024-08-07,0.0537901745861386,0.0181753225243683,0.029489330115804808,0.790867569336676
006800,2024Q2,0,2024-08-08,0.0339154058329675,-0.0045579055814375,0.04009460868537924,1.038223678496406
006800,2024Q2,1,2024-08-09,0.0340979521905246,0.0123223972923351,0.017644538679778225,0.8193706985288021
006800,2024Q2,2,2024-08-12,0.0229042064173459,0.0114737829667257,0.0075885901733558705,0.42270592661615325
006800,2024Q2,3,2024-08-13,-0.0100439468732158,0.0012214021679719,-0.011613470812918593,-0.06128491889725751
016360,2024Q2,-5,2024-08-02,-0.0540063736630891,-0.0372219029564071,-0.021631139259443287,-0.18227939171515217
016360,2024Q2,-4,2024-08-05,-0.0706457644252527,-0.0917610158234953,0.013283373925882289,0.05356814357638129
016360,2024Q2,-3,2024-08-06,0.025720952517064,0.032478570138184,-0.0077892172619737216,-0.18727075721659503
016360,2024Q2,-2,2024-08-07,0.0108239180610105,0.0181753225243683,-0.009165895136195337,-0.8165164604655537
016360,2024Q2,-1,2024-08-08,0.0189579137446145,-0.0045579055814375,0.020457021004167915,-0.310698041462123
016360,2024Q2,0,2024-08-09,0.0243490290102847,0.0123223972923351,0.009891780047473701,-0.30945611346643
016360,2024Q2,1,2024-08-12,0.0057110377955158,0.0114737829667257,-0.007944045911370566,-1.074329521227698
016360,2024Q2,2,2024-08-13,-0.0045662179795815,0.0012214021679719,-0.008530086938987238,-0.4936073357189237
016360,2024Q2,3,2024-08-14,0.0136365749495457,0.0087353384934472,0.0025700464266239474,-0.256245266485422
138040,2024Q2,-5,2024-08-08,0.0135553523533751,-0.0045579055814375,0.01678902435283897,0.03802160884532135
138040,2024Q2,-4,2024-08-09,0.0024449889930675,0.0123223972923351,-0.006207646278109942,-0.4803225676997318
138040,2024Q2,-3,2024-08-12,0.0157483569681389,0.0114737829667257,0.007693275585886856,-0.6757568390187831
138040,2024Q2,-2,2024-08-13,0.0035992840296454,0.0012214021679719,0.0027634420971162964,0.023183296390422825
138040,2024Q2,-1,2024-08-14,0.0059701669865042,0.0087353384934472,-0.00015663190600936992,0.1500392892366289
138040,2024Q2,0,2024-08-16,0.0555698511548108,0.0197433016970176,0.04169176758215995,1.2243567421498547
138040,2024Q2,1,2024-08-19,0.0244728565187255,-0.0085151736674804,0.030493048687569253,0.5000940897533983
138040,2024Q2,2,2024-08-20,0.0163491380015301,0.0082926622660215,0.010534050676038565,0.1534282127478317
138040,2024Q2,3,2024-08-21,-0.0065076151567389,0.0016673587702769,-0.007657478540423622,-0.36682270653951754
175330,2024Q3,-5,2024-10-16,-0.0183491386681957,-0.008806571069841,-0.016550077134615027,1.073640673816854
175330,2024Q3,-4,2024-10-17,0.0569869313736113,-0.0004061791674523,0.05428941503673069,0.8091205981192626
175330,2024Q3,-3,2024-10-18,-0.0081967672041791,-0.005950285902931,-0.007926623466636274,0.27237971812174777
175330,2024Q3,-2,2024-10-21,-0.0064877844787432,0.0042702156304734,-0.011688490381805073,-0.0210020479759514
175330,2024Q3,-1,2024-10-22,0.0204985215483421,-0.0132237182027452,0.024662002061320704,0.25463353465931426
175330,2024Q3,0,2024-10-23,-0.0058139698654198,0.0111871092115221,-0.014717163815501855,0.2663291090632445
175330,2024Q3,1,2024-10-24,0.0253323851375171,-0.0071767701569172,0.026259043716156248,0.3837313762640058
175330,2024Q3,2,2024-10-25,0.0390239036533071,0.000867490406704,0.035644615026754804,1.0811047162074008
175330,2024Q3,3,2024-10-28,-0.0010940920128579,0.0112247506783562,-0.010017434759418103,0.40762157189921666
105560,2024Q3,-5,2024-10-17,-0.017980389209864,-0.0004061791674523,-0.020862293875459792,-0.15785423914127605
105560,2024Q3,-4,2024-10-18,0.0074428839070783,-0.005950285902931,0.009973597924434594,-0.2917874969153402
105560,2024Q3,-3,2024-10-21,-0.009579636856813,0.0042702156304734,-0.017027027552851726,-0.6089001612300073
105560,2024Q3,-2,2024-10-22,0.0063966102966919,-0.0132237182027452,0.016028254623205073,-0.029857415450287306
105560,2024Q3,-1,2024-10-23,0.0021231430480774,0.0111871092115221,-0.012077095168950289,-0.07447337242441243
105560,2024Q3,0,2024-10-24,-0.0117334679478666,-0.0071767701569172,-0.008005357865786263,0.044654576620999364
105560,2024Q3,1,2024-10-25,0.0803727951497155,0.000867490406704,0.07624742818046859,0.7543787437858249
105560,2024Q3,2,2024-10-28,-0.0486911591695999,0.0112247506783562,-0.06292814612115974,0.2522891606832438
105560,2024Q3,3,2024-10-29,-0.007303110184976,0.0020534925212185,-0.012586351183227797,-0.11619512138245369
029780,2024Q3,-5,2024-10-18,0.0085837436913926,-0.005950285902931,0.009318527614813341,0.24304348173597212
029780,2024Q3,-4,2024-10-21,-0.0073529743052596,0.0042702156304734,-0.009397293782579674,-0.576448600941383
029780,2024Q3,-3,2024-10-22,0.0036832454162958,-0.0132237182027452,0.006395781642126173,-0.1326766178636376
029780,2024Q3,-2,2024-10-23,-0.0049140148024289,0.0111871092115221,-0.008839138505532574,-0.38260196928424506
029780,2024Q3,-1,2024-10-24,0.001230769386133,-0.0071767701569172,0.0022990522626205523,0.07150245803949495
029780,2024Q3,0,2024-10-25,0.0085732307104891,0.000867490406704,0.007454161839536692,-0.19280885999370767
029780,2024Q3,1,2024-10-28,-0.0398062504004208,0.0112247506783562,-0.043741609367238844,1.242261354600517
029780,2024Q3,2,2024-10-29,0.0037998779097758,0.0020534925212185,0.0023583177697833737,0.23889369413120676
029780,2024Q3,3,2024-10-30,0.0150567461791073,-0.0092141474031191,0.01667902163756413,0.34143543262414155
055550,2024Q3,-5,2024-10-18,-0.0052956875747103,-0.005950285902931,-0.0026103048834967063,-0.5593397469167378
055550,2024Q3,-4,2024-10-21,-0.0124667687651296,0.0042702156304734,-0.019022863713839586,-0.6715133463538052
055550,2024Q3,-3,2024-10-22,0.0035778213478838,-0.0132237182027452,0.0128399127988916,-0.5184991105914225
055550,2024Q3,-2,2024-10-23,0.0053428444104959,0.0111871092115221,-0.007467573494682572,-0.31763143649606995
055550,2024Q3,-1,2024-10-24,-0.0035587226169955,-0.0071767701569172,0.0002356591553186009,-0.8358551210452223
055550,2024Q3,0,2024-10-25,0.0333071980177699,0.000867490406704,0.029827880560603842,0.451813670645409
055550,2024Q3,1,2024-10-28,-0.0350913198112703,0.0112247506783562,-0.04793577349961893,0.009510289619480972
055550,2024Q3,2,2024-10-29,0.012422519998557,0.0020534925212185,0.007870807807496022,-0.13483690110253477
055550,2024Q3,3,2024-10-30,-0.0395735090645086,-0.0092141474031191,-0.03393691082137594,0.33848394196315645
316140,2024Q3,-5,2024-10-21,0.0018264845260347,0.0042702156304734,-0.005248056188055086,-0.7244470236886258
316140,2024Q3,-4,2024-10-22,0.010889399799268,-0.0132237182027452,0.020163359088360658,-0.4281648338932733
316140,2024Q3,-3,2024-10-23,-0.0018066852249489,0.0111871092115221,-0.015345228593322323,-0.5138326380050984
316140,2024Q3,-2,2024-10-24,0.0036101122241003,-0.0071767701569172,0.007233053789623876,-0.7671382251488446
316140,2024Q3,-1,2024-10-25,0.0254979719339711,0.000867490406704,0.02160335940881674,0.9156580372265015
316140,2024Q3,0,2024-10-28,-0.0615764798418094,0.0112247506783562,-0.07515020006214328,0.863167872194035
316140,2024Q3,1,2024-10-29,0.0062073445743351,0.0020534925212185,0.0012043846781567957,-0.374681766343965
316140,2024Q3,2,2024-10-30,-0.0162199438667638,-0.0092141474031191,-0.010693024486212245,-0.07242760660264125
316140,2024Q3,3,2024-10-31,-0.0300054428511167,-0.0146179595897688,-0.019428531605220012,0.2517427419787648
005940,2024Q3,-5,2024-10-22,0.0057678602586843,-0.0132237182027452,0.014082444432760678,-0.38063624105990357
005940,2024Q3,-4,2024-10-23,-0.0079394137721919,0.0111871092115221,-0.017391009043098628,-0.3611445058906355
005940,2024Q3,-3,2024-10-24,-0.0212384401910519,-0.0071767701569172,-0.017324819665339213,0.32718495505455714
005940,2024Q3,-2,2024-10-25,0.0022181155120222,0.000867490406704,0.0002771300364665446,-0.3189202871958816
005940,2024Q3,-1,2024-10-28,0.005891033237237,0.0112247506783562,-0.0035879574612395484,-0.32398558747021333
005940,2024Q3,0,2024-10-29,-0.0051527533956559,0.0020534925212185,-0.007956910202154598,-0.19842981919732416
005940,2024Q3,1,2024-10-30,0.0233416870010305,-0.0092141474031191,0.028738108954932094,0.11860293134318134
005940,2024Q3,2,2024-10-31,-0.0367148432128896,-0.0146179595897688,-0.027385531342323674,0.3450861696228529
005940,2024Q3,3,2024-11-01,0.0074515993084212,-0.0054093562710937,0.010078897510182558,0.05081055378841981
139130,2024Q3,-5,2024-10-22,0.0036832454162958,-0.0132237182027452,0.012476378977260665,-0.4095488784003063
139130,2024Q3,-4,2024-10-23,-0.0061463008486946,0.0111871092115221,-0.015723820818754605,-0.23072127495598416
139130,2024Q3,-3,2024-10-24,0.0073710407445908,-0.0071767701569172,0.011613472865378841,-0.22640777087180375
139130,2024Q3,-2,2024-10-25,0.0061013001961764,0.000867490406704,0.004289929993115293,0.8377506279217215
139130,2024Q3,-1,2024-10-28,0.0024301348532915,0.0112247506783562,-0.007175712642659931,-0.007076155695596498
139130,2024Q3,0,2024-10-29,-0.0097561749453642,0.0020534925212185,-0.012460084903963237,0.008610590559545273
139130,2024Q3,1,2024-10-30,-0.002453988961566,-0.0092141474031191,0.0033216952226114743,0.026704171056735504
139130,2024Q3,2,2024-10-31,0.0036787288574622,-0.0146179595897688,0.013521115072790435,0.3093912644378367
139130,2024Q3,3,2024-11-01,0.0061013001961764,-0.0054093562710937,0.00901364433627563,0.02146555542812223
086790,2024Q3,-5,2024-10-22,-0.0046332129214885,-0.0132237182027452,0.005222534126768828,-0.23165908487070297
086790,2024Q3,-4,2024-10-23,-0.003100777678247,0.0111871092115221,-0.015180414439225031,-0.4263830531971404
086790,2024Q3,-3,2024-10-24,-0.0077942717268193,-0.0071767701569172,-0.0033722661904215046,-0.3641031305448461
086790,2024Q3,-2,2024-10-25,0.0398825862783187,0.000867490406704,0.037076080468911164,0.9491829331682347
086790,2024Q3,-1,2024-10-28,-0.0166796891986553,0.0112247506783562,-0.02879315029537322,0.32133498875344735
086790,2024Q3,0,2024-10-29,-0.0061349885675152,0.0020534925212185,-0.010007226854521389,0.5405389741566466
086790,2024Q3,1,2024-10-30,-0.0376219917895852,-0.0092141474031191,-0.031369214559085735,0.6009874636889538
086790,2024Q3,2,2024-10-31,-0.044088772984649,-0.0146179595897688,-0.03298017123269537,0.6682559718362437
086790,2024Q3,3,2024-11-01,0.0198353610561472,-0.0054093562710937,0.022669181920334687,0.0077357045199430985
039490,2024Q3,-5,2024-10-23,-0.0102565001671877,0.0111871092115221,-0.0219183518530258,-0.5016555935095965
039490,2024Q3,-4,2024-10-24,0.0007361060325017,-0.0071767701569172,0.00612775493306213,-0.11146063389684358
039490,2024Q3,-3,2024-10-25,-0.0088692377407806,0.000867490406704,-0.010947840603832987,0.1372946901582246
039490,2024Q3,-2,2024-10-28,0.0,0.0112247506783562,-0.011696807196264258,-0.18537084885801214
039490,2024Q3,-1,2024-10-29,0.0007421150618895,0.0020534925212185,-0.0024378611738339693,-0.7728321297936187
039490,2024Q3,0,2024-10-30,-0.0044609739406258,-0.0092141474031191,0.0028226724712301938,0.2293006389798684
039490,2024Q3,1,2024-10-31,0.0029761926730458,-0.0146179595897688,0.015278055140720401,0.057570771802080145
039490,2024Q3,2,2024-11-01,-0.0134631801682942,-0.0054093562710937,-0.009712829009544274,-0.4029509862482481
039490,2024Q3,3,2024-11-04,0.0186502981344087,0.0181672761368636,0.0005063585211662128,0.4447595841110079
138930,2024Q3,-5,2024-10-23,-0.0167367923555232,0.0111871092115221,-0.02904614191794614,-0.5345932558996438
138930,2024Q3,-4,2024-10-24,0.0063091691932655,-0.0071767701569172,0.009299119285470229,-0.5441517894551886
138930,2024Q3,-3,2024-10-25,0.0380508628817004,0.000867490406704,0.03433898541375141,0.9705787653721991
138930,2024Q3,-2,2024-10-28,-0.0132048642951705,0.0112247506783562,-0.025545573684620203,-0.24089245619554056
138930,2024Q3,-1,2024-10-29,0.0061162270174364,0.0020534925212185,0.0014162684704881693,0.2330425287876441
138930,2024Q3,0,2024-10-30,-0.0404409695585101,-0.0092141474031191,-0.03575364145734647,1.1486124979719214
138930,2024Q3,1,2024-10-31,-0.0010587613482417,-0.0146179595897688,0.00813058619348575,0.5279482654901724
138930,2024Q3,2,2024-11-01,0.024072329307792,-0.0054093562710937,0.025589813037609505,0.06835202660533923
138930,2024Q3,3,2024-11-04,-0.0283186201892444,0.0181672761368636,-0.046443280519481246,0.35693581506179584
024110,2024Q3,-5,2024-10-28,-0.015058463874201,0.0112247506783562,-0.02299503269509147,0.05076981761040855
024110,2024Q3,-4,2024-10-29,0.0020668281556623,0.0020534925212185,-0.0006905555193220084,-0.4891339200982241
024110,2024Q3,-3,2024-10-30,-0.0048292608515723,-0.0092141474031191,-0.0012235924430067688,-0.14674531220869902
024110,2024Q3,-2,2024-10-31,-0.0252114193464958,-0.0146179595897688,-0.018554114692517075,0.4900632964852658
024110,2024Q3,-1,2024-11-01,0.018271766235955,-0.0054093562710937,0.019728796216005127,-0.422035502131088
024110,2024Q3,0,2024-11-04,0.0,0.0181672761368636,-0.011857145923149112,-0.17637051095162626
024110,2024Q3,1,2024-11-05,0.0076309770233145,-0.0046807825653694,0.00867656747677706,-0.6120055281565495
024110,2024Q3,2,2024-11-06,0.0171295726573372,-0.0052019023751457,0.01846944944881221,0.2365981136373616
024110,2024Q3,3,2024-11-07,-0.0034025211458388,0.0004367560511742,-0.005246902769519879,-0.5478458196264651
071050,2024Q3,-5,2024-10-31,-0.0128867762763569,-0.0146179595897688,-0.0010248277926393212,0.06179033265662959
071050,2024Q3,-4,2024-11-01,0.010322672307419,-0.0054093562710937,0.013419843213274472,-0.5139775565197926
071050,2024Q3,-3,2024-11-04,-0.0025706955031008,0.0181672761368636,-0.02191383741555146,0.36355788290459934
071050,2024Q3,-2,2024-11-05,0.0025706955031008,-0.0046807825653694,0.0049744076662170955,-0.35564370168434145
071050,2024Q3,-1,2024-11-06,0.0152869218969069,-0.0052019023751457,0.018186637532650166,-0.004646366468605834
071050,2024Q3,0,2024-11-07,-0.0243134177428778,0.0004367560511742,-0.026780594917470348,0.14177621928224404
071050,2024Q3,1,2024-11-08,0.0,-0.0013578347682834,-0.0007590799929145975,-0.3138395472163147
071050,2024Q3,2,2024-11-11,0.0051679701584426,-0.0115811588949199,0.014139482197290356,-0.09485704207796708
071050,2024Q3,3,2024-11-12,-0.0103627870355467,-0.0195808378911177,0.006222844611838706,-0.09184668842088861
323410,2024Q3,-5,2024-10-30,-0.0045146803545268,-0.0092141474031191,0.0043929120660753,-0.4587771033568444
323410,2024Q3,-4,2024-10-31,-0.0205721540752072,-0.0146179595897688,-0.005515498149020321,-0.3364630943060902
323410,2024Q3,-3,2024-11-01,0.0046083030861936,-0.0054093562710937,0.00918637747615238,-0.8521838245131885
323410,2024Q3,-2,2024-11-04,0.0361213084139944,0.0181672761368636,0.013871246496307013,0.004892084587012846
323410,2024Q3,-1,2024-11-05,-0.004444451760424,-0.0046807825653694,-0.00069543023726656,-0.25580999925051806
323410,2024Q3,0,2024-11-06,0.004444451760424,-0.0052019023751457,0.00878646184307455,0.5764492806050789
323410,2024Q3,1,2024-11-07,-0.0156427770704539,0.0004367560511742,-0.017717064881242594,0.0372567738709666
323410,2024Q3,2,2024-11-08,-0.0045146803545268,-0.0013578347682834,-0.00454688148017002,-0.4123516396724085
323410,2024Q3,3,2024-11-11,-0.0486770483953158,-0.0115811588949199,-0.03707600485561477,0.11668835236116948
003540,2024Q3,-5,2024-11-01,0.002902759657962,-0.0054093562710937,0.004143475008343257,0.36456183805670683
003540,2024Q3,-4,2024-11-04,-0.002902759657962,0.0181672761368636,-0.011243596517410658,0.3959915070432505
003540,2024Q3,-3,2024-11-05,0.0017426667204301,-0.0046807825653694,0.002687289444887795,0.5376168712523821
003540,2024Q3,-2,2024-11-06,0.0005802146957094,-0.0052019023751457,0.0017366207053517517,-0.010600692388583965
003540,2024Q3,-1,2024-11-07,-0.0064009528995185,0.0004367560511742,-0.007536099778784359,-0.11860495930089954
003540,2024Q3,0,2024-11-08,-0.0206436112969683,-0.0013578347682834,-0.021049435797432046,0.9010066976923383
003540,2024Q3,1,2024-11-11,0.005349195518816,-0.0115811588949199,0.009098133758951321,0.07086849307366805
003540,2024Q3,2,2024-11-12,-0.0143286033530394,-0.0195808378911177,-0.007328592583220864,0.053690065189234915
003540,2024Q3,3,2024-11-13,-0.0206568705908836,-0.0267341090784922,-0.010749767740782717,0.21715654636897952
006800,2024Q3,-5,2024-10-31,-0.0186716022930628,-0.0146179595897688,-0.008306518016057678,0.09414017530906804
006800,2024Q3,-4,2024-11-01,-0.0324498953868346,-0.0054093562710937,-0.031036291509043218,0.11002550008299927
006800,2024Q3,-3,2024-11-04,0.0225339320140509,0.0181672761368636,0.00102921097591337,-0.15749360868614026
006800,2024Q3,-2,2024-11-05,0.0022368871870526,-0.0046807825653694,0.0029422606176764594,-0.654794674803199
006800,2024Q3,-1,2024-11-06,0.0143089347244007,-0.0052019023751457,0.015520877240631092,-0.19324708635780397
006800,2024Q3,0,2024-11-07,-0.0312088412215274,0.0004367560511742,-0.035478114328810914,0.0688284509564614
006800,2024Q3,1,2024-11-08,-0.0101639657610164,-0.0013578347682834,-0.012688756671699561,-0.3884757044804559
006800,2024Q3,2,2024-11-11,-0.0231069787287392,-0.0115811588949199,-0.015693901499440173,-0.4842627010039333
006800,2024Q3,3,2024-11-12,-0.0213708715018494,-0.0195808378911177,-0.006181482571812533,0.0030689679344604315
016360,2024Q3,-5,2024-11-01,0.0010887317351961,-0.0054093562710937,0.0039116943182240585,-0.9349002053759019
016360,2024Q3,-4,2024-11-04,-0.0021786500992213,0.0181672761368636,-0.01803173252811894,-0.38336460250109994
016360,2024Q3,-3,2024-11-05,0.0215758099819574,-0.0046807825653694,0.02382163860084805,-0.29715279003245954
016360,2024Q3,-2,2024-11-06,0.0031965930256276,-0.0052019023751457,0.00585522262710063,-0.7177732290256671
016360,2024Q3,-1,2024-11-07,-0.0150056406178702,0.0004367560511742,-0.016813630199096128,-0.43642621144025107
016360,2024Q3,0,2024-11-08,0.0032345041676578,-0.0013578347682834,0.0028480856718285587,-0.5176611131898845
016360,2024Q3,1,2024-11-11,0.00643779047485,-0.0115811588949199,0.014149698247878708,-0.6245901054585801
016360,2024Q3,2,2024-11-12,-0.0282014351112085,-0.0195808378911177,-0.014152644172307407,-0.09988489117598931
016360,2024Q3,3,2024-11-13,-0.0233733511853095,-0.0267341090784922,-0.003658152408076612,-0.3947498676472687
138040,2024Q3,-5,2024-11-07,-0.0114178214713263,0.0004367560511742,-0.016961749981642554,-0.3988415994129113
138040,2024Q3,-4,2024-11-08,0.0123634480193342,-0.0013578347682834,0.008186629597517307,-0.4152849017201454
138040,2024Q3,-3,2024-11-11,-0.0056872191205901,-0.0115811588949199,-0.002075961620037171,-0.5969164951278803
138040,2024Q3,-2,2024-11-12,-0.0114724011622371,-0.0195808378911177,-0.0017670292028996951,-0.07994016001836002
138040,2024Q3,-1,2024-11-13,-0.0038535693159893,-0.0267341090784922,0.01130112797143999,-0.25783427084263266
138040,2024Q3,0,2024-11-14,-0.0116506172199759,0.0007361668295997,-0.01742263532673546,0.22790831530470257
138040,2024Q3,1,2024-11-15,-0.0058766084889843,-0.0008271777626411,-0.010457678697938785,-0.2896734987469767
138040,2024Q3,2,2024-11-18,0.0261769672884426,0.0213723677612458,0.0046843970780675245,-0.03262481309255705
138040,2024Q3,3,2024-11-19,-0.0096154586994412,0.001165703894026,-0.015714695940387057,-0.31008171562597653
005940,2024Q4,-5,2025-01-16,0.0138536666998341,0.0122127710017458,0.006563923352074194,0.277433584787115
005940,2024Q4,-4,2025-01-17,0.0072150385141505,-0.0015600518605491,0.00805180934976776,0.01527847802286253
005940,2024Q4,-3,2025-01-20,0.0213379361736585,-0.0013878977294217,0.022073129213472997,0.4797727862235881
005940,2024Q4,-2,2025-01-21,-0.0007039775017947,-0.0008019005685397,-0.0003145461324045917,-0.12001277812405853
005940,2024Q4,-1,2025-01-22,0.0035149421074454,0.011462914446696,-0.003332355999347022,-0.05422259758334924
005940,2024Q4,0,2025-01-23,0.0028030852271161,-0.0124721641440235,0.010078437036937728,0.1299374346407074
005940,2024Q4,1,2025-01-24,-0.0014005604530318,0.0084358517835942,-0.006461770993635241,-0.28678744477320883
005940,2024Q4,2,2025-01-31,0.0118427019759366,-0.0076887111913848,0.016295625976020276,-0.0285640949021726
005940,2024Q4,3,2025-02-03,-0.0139472274808518,-0.0255158010132801,0.0010243897264595129,0.2868267349264837
016360,2024Q4,-5,2025-01-20,0.0114286958236231,-0.0013878977294217,0.014106013401580327,-0.11592441753056804
016360,2024Q4,-4,2025-01-21,0.0045351551653904,-0.0008019005685397,0.006602419258557242,-0.2635111868720603
016360,2024Q4,-3,2025-01-22,0.0112487125358722,0.011462914446696,0.0005476670879273789,0.2490501992293357
016360,2024Q4,-2,2025-01-23,-0.0044843124473299,-0.0124721641440235,0.009732302253492565,0.10470404966362423
016360,2024Q4,-1,2025-01-24,0.0033651181503149,0.0084358517835942,-0.004184597821008145,-0.15188995400402838
016360,2024Q4,0,2025-01-31,0.0210534091978313,-0.0076887111913848,0.03029020089286327,0.32709135312640036
016360,2024Q4,1,2025-02-03,0.0021905813798195,-0.0255158010132801,0.029986299628607244,0.18971419620961605
016360,2024Q4,2,2025-02-04,0.0173540146931507,0.0112408048113943,0.0068841969133013724,0.12256905239603633
016360,2024Q4,3,2025-02-05,0.0032206147000426,0.0110521258761124,-0.007052778507028908,-0.19478521413741667
086790,2024Q4,-5,2025-01-22,0.0119967162876317,0.011462914446696,0.0013428106189862041,0.0004625412529026818
086790,2024Q4,-4,2025-01-23,0.0067911975780017,-0.0124721641440235,0.020865993064402222,0.2852358401420041
086790,2024Q4,-3,2025-01-24,0.0016906174779069,0.0084358517835942,-0.005835856304951251,-0.269198497319028
086790,2024Q4,-2,2025-01-31,0.0217218231468354,-0.0076887111913848,0.03085455929941407,0.2525323733358835
086790,2024Q4,-1,2025-02-03,-0.0200340590331151,-0.0255158010132801,0.007516865094026621,-0.012912300547286648
086790,2024Q4,0,2025-02-04,0.0364278688087917,0.0112408048113943,0.026003437331100467,0.41575245915914394
086790,2024Q4,1,2025-02-05,0.0048661896511728,0.0110521258761124,-0.005363306807309957,0.32456333336624255
086790,2024Q4,2,2025-02-06,-0.0064935293105481,0.0108918522042928,-0.016557437855106664,0.11868576155801414
086790,2024Q4,3,2025-02-07,0.0032520353863763,-0.0058632489722896,0.01049878192272136,0.052371510368388385
039490,2024Q4,-5,2025-01-23,0.004024150299724,-0.0124721641440235,0.020647416798405583,-0.23800022908590712
039490,2024Q4,-4,2025-01-24,0.0,0.0084358517835942,-0.009422350622040212,-0.19438067365411626
039490,2024Q4,-3,2025-01-31,0.0056067427612358,-0.0076887111913848,0.016271147139727216,-0.044448301862392015
039490,2024Q4,-2,2025-02-03,-0.0112450984155021,-0.0255158010132801,0.02162693950819232,-0.2077035858543006
039490,2024Q4,-1,2025-02-04,0.0104460572223707,0.0112408048113943,-0.0024704906901541184,0.18528429616377018
039490,2024Q4,0,2025-02-05,-0.0669394826751101,0.0110521258761124,-0.07962098871067678,1.2579033381623894
039490,2024Q4,1,2025-02-06,-0.0198539106624302,0.0108918522042928,-0.03233575993930696,0.5630950167887008
039490,2024Q4,2,2025-02-07,0.009544541003569,-0.0058632489722896,0.017934923294479477,0.4390547177770685
039490,2024Q4,3,2025-02-10,0.0068847087774965,-0.0002577346302237,0.0082921673503649,0.16804802608903024
105560,2024Q4,-5,2025-01-24,0.0033802849088235,0.0084358517835942,-0.0034640319418831333,-0.13601863604075604
105560,2024Q4,-4,2025-01-31,0.0310102367425599,-0.0076887111913848,0.03877847521358423,0.5877995114156533
105560,2024Q4,-3,2025-02-03,-0.0321357292642954,-0.0255158010132801,-0.008212055346608894,-0.19014370332133623
105560,2024Q4,-2,2025-02-04,0.0277641376027979,0.0112408048113943,0.01837788945403454,0.08030749726498954
105560,2024Q4,-1,2025-02-05,-0.0032912810840723,0.0110521258761124,-0.012506542807707093,-0.2670276554964577
105560,2024Q4,0,2025-02-06,-0.0693854131995479,0.0108918522042928,-0.07845543018695542,1.084597218579285
105560,2024Q4,1,2025-02-07,0.0128732029362055,-0.0058632489722896,0.018987153616258363,0.565790342283794
105560,2024Q4,2,2025-02-10,-0.0128732029362055,-0.0002577346302237,-0.011839134951720764,0.18293325925512427
105560,2024Q4,3,2025-02-11,-0.0082791720690202,0.0070272639774007,-0.013846985037081606,0.08539485513758471
323410,2024Q4,-5,2025-01-23,-0.0192777054259014,-0.0124721641440235,-0.005377914200225051,-0.1368582830325895
323410,2024Q4,-4,2025-01-24,0.0048543784647971,0.0084358517835942,-0.004059142566535022,-0.7943510227113197
323410,2024Q4,-3,2025-01-31,0.0262858622709245,-0.0076887111913848,0.0349662961815383,0.2171039156968657
323410,2024Q4,-2,2025-02-03,-0.0023612761856792,-0.0255158010132801,0.025770786619258603,0.6268134289566252
323410,2024Q4,-1,2025-02-04,0.0070671672230933,0.0112408048113943,-0.004906915341718401,0.7125754556160384
323410,2024Q4,0,2025-02-05,0.0702440446248342,0.0110521258761124,0.05847583484497768,1.60977891826432
323410,2024Q4,1,2025-02-06,0.0280493038098992,0.0108918522042928,0.01645597304938416,0.9544468301454039
323410,2024Q4,2,2025-02-07,-0.0215062052209642,-0.0058632489722896,-0.014817583434550152,0.2399396838352832
323410,2024Q4,3,2025-02-10,0.006500564603094,-0.0002577346302237,0.007072855242191013,0.25141517233408095
003540,2024Q4,-5,2025-01-31,0.0133416169375752,-0.0076887111913848,0.01703425556012369,0.4004209599848245
003540,2024Q4,-4,2025-02-03,-0.0024125464053845,-0.0255158010132801,0.008756782761092353,0.3746074436563269
003540,2024Q4,-3,2025-02-04,0.0078195887166305,0.0112408048113943,0.003573178693937332,-0.24905087010926863
003540,2024Q4,-2,2025-02-05,0.0041853573801926,0.0110521258761124,1.8079398979809966e-05,0.19511618345559256
003540,2024Q4,-1,2025-02-06,0.0023837913552764,0.0108918522042928,-0.0017162677664082065,0.27490410099394325
003540,2024Q4,0,2025-02-07,-0.0017873105740964,-0.0058632489722896,0.0011397282647428847,0.08161323294124223
003540,2024Q4,1,2025-02-10,-0.0065809390964197,-0.0002577346302237,-0.006004855825421,-0.03979777948276464
003540,2024Q4,2,2025-02-11,-0.0048134870315479,0.0070272639774007,-0.007292735884094077,0.35920391842574695
003540,2024Q4,3,2025-02-12,0.0072115697155599,0.0036717305169489,0.0061396333040371395,-0.13737875961034796
055550,2024Q4,-5,2025-01-24,-0.0059820716775469,0.0084358517835942,-0.010935915146047043,-0.12402676183911154
055550,2024Q4,-4,2025-01-31,0.0217614917815129,-0.0076887111913848,0.028800404066155916,0.10931194721235649
055550,2024Q4,-3,2025-02-03,-0.0177694705119755,-0.0255158010132801,0.0025284636981044196,-0.08990171153501336
055550,2024Q4,-2,2025-02-04,0.0158106060266423,0.0112408048113943,0.008770559253677727,-0.1387349055493452
055550,2024Q4,-1,2025-02-05,-0.0058997221271877,0.0110521258761124,-0.012799437631012753,-0.06582320448800871
055550,2024Q4,0,2025-02-06,-0.013902905168992,0.0108918522042928,-0.020683416015749786,0.27227221046066497
055550,2024Q4,1,2025-02-07,-0.0151136378100478,-0.0058632489722896,-0.009432425734965222,-0.124585043802389
055550,2024Q4,2,2025-02-10,0.0030410565757783,-0.0002577346302237,0.004553128409388699,-0.15151157803685678
055550,2024Q4,3,2025-02-11,-0.0060913893934024,0.0070272639774007,-0.009997585893563149,-0.42496862078365183
138040,2024Q4,-5,2025-01-31,0.043854902039417,-0.0076887111913848,0.04713086229082101,0.36365299458802625
138040,2024Q4,-4,2025-02-03,-0.0248239697287253,-0.0255158010132801,-0.01133577902154507,-0.08773907395179492
138040,2024Q4,-3,2025-02-04,0.0142604912191561,0.0112408048113943,0.00669269728701093,-0.27156195867494226
138040,2024Q4,-2,2025-02-05,0.0026513493216206,0.0110521258761124,-0.0048083600724143334,-0.06367753099355156
138040,2024Q4,-1,2025-02-06,-0.0304683066243853,0.0108918522042928,-0.03783620340688535,0.46571993658552024
138040,2024Q4,0,2025-02-07,0.0036330648498807,-0.0058632489722896,0.005863310906990549,-0.3115935452871028
138040,2024Q4,1,2025-02-10,-0.001814882530823,-0.0002577346302237,-0.0027957497208135006,-0.28002916178273907
138040,2024Q4,2,2025-02-11,0.0117382837645507,0.0070272639774007,0.006584212456875453,-0.4285888825431421
138040,2024Q4,3,2025-02-12,0.0160288382758988,0.0036717305169489,0.01279698093262029,0.08818919399306502
138930,2024Q4,-5,2025-01-31,0.020773493170811,-0.0076887111913848,0.021878852338425136,0.10470779422390564
138930,2024Q4,-4,2025-02-03,-0.007428841428581,-0.0255158010132801,0.004344121466409498,0.04759556151897115
138930,2024Q4,-3,2025-02-04,-0.0141846349919561,0.0112408048113943,-0.024406563535691386,-0.2203907373473335
138930,2024Q4,-2,2025-02-05,0.0016792615197207,0.0110521258761124,-0.008429762891405202,-0.47545261105734227
138930,2024Q4,-1,2025-02-06,-0.013513719166724,0.0108918522042928,-0.023526836952821113,0.10930549255930977
138930,2024Q4,0,2025-02-07,-0.0085397615481337,-0.0058632489722896,-0.00852674598607472,0.5243496070155764
138930,2024Q4,1,2025-02-10,-0.0094787439545438,-0.0002577346302237,-0.012820028297107528,-0.11242880704009295
138930,2024Q4,2,2025-02-11,-0.0280966682174508,0.0070272639774007,-0.03579724390128425,0.03431708456671778
138930,2024Q4,3,2025-02-12,0.0026678539611921,0.0036717305169489,-0.0030247943711962685,-0.7317049492953682
175330,2024Q4,-5,2025-01-31,0.0204401597636216,-0.0076887111913848,0.023060081325254,-0.18969040748771704
175330,2024Q4,-4,2025-02-03,-0.0137511716128244,-0.0255158010132801,-0.0017545613682068972,0.1256169086382446
175330,2024Q4,-3,2025-02-04,-0.0005129520502329,0.0112408048113943,-0.00784957304551535,-0.6111878884413819
175330,2024Q4,-2,2025-02-05,0.0015380674654785,0.0110521258761124,-0.005699312225987635,-0.427916657404392
175330,2024Q4,-1,2025-02-06,0.0040899852515234,0.0108918522042928,-0.003063093730194498,-0.13004727653150283
175330,2024Q4,0,2025-02-07,-0.033198069409595,-0.0058632489722896,-0.03153830405416424,0.4654488536326813
175330,2024Q4,1,2025-02-10,-0.0332470299985576,-0.0002577346302237,-0.03453565181224315,0.5446678637499183
175330,2024Q4,2,2025-02-11,-0.0332624899468854,0.0070272639774007,-0.038382873684818186,0.15417810770911977
175330,2024Q4,3,2025-02-12,-0.0050861935021266,0.0036717305169489,-0.008441634507491094,-0.2625651485984051
006800,2024Q4,-5,2025-01-31,0.0252169964513644,-0.0076887111913848,0.036065586285699905,0.17348057406766593
006800,2024Q4,-4,2025-02-03,-0.0276637801530927,-0.0255158010132801,0.005686872676577418,-0.06752685049968399
006800,2024Q4,-3,2025-02-04,0.0180863096013528,0.0112408048113943,0.005041310194747109,-0.19752664321955216
006800,2024Q4,-2,2025-02-05,0.0036023093709864,0.0110521258761124,-0.009204531966634219,-0.637013955707662
006800,2024Q4,-1,2025-02-06,0.0023943504794523,0.0108918522042928,-0.01021018704437653,-0.32519031522768493
006800,2024Q4,0,2025-02-07,-0.0155452910516764,-0.0058632489722896,-0.007000872355763776,-0.4187969379360048
006800,2024Q4,1,2025-02-10,-0.0159141564013314,-0.0002577346302237,-0.014445241228798023,0.01887311408200354
006800,2024Q4,2,2025-02-11,0.0061508374506793,0.0070272639774007,-0.0015756628499484426,-0.3346062462121129
006800,2024Q4,3,2025-02-12,0.0205141623668971,0.0036717305169489,0.017023150082788027,0.0675151449086222
029780,2024Q4,-5,2025-01-31,0.0253178079842886,-0.0076887111913848,0.027689642526026008,0.19654558993238425
029780,2024Q4,-4,2025-02-03,0.0106572944739884,-0.0255158010132801,0.020373091667917637,0.5747272689609488
029780,2024Q4,-3,2025-02-04,-0.0070922283094922,0.0112408048113943,-0.012518506636280045,0.13162882779543672
029780,2024Q4,-2,2025-02-05,0.0153034181398865,0.0110521258761124,0.009954867084785126,0.41530198948685815
029780,2024Q4,-1,2025-02-06,0.0069848945219508,0.0108918522042928,0.0017023690420685036,0.17087225363886738
029780,2024Q4,0,2025-02-07,-0.0140189211793302,-0.0058632489722896,-0.012399095321789632,-0.03003505765020087
029780,2024Q4,1,2025-02-10,-0.0202027073175194,-0.0002577346302237,-0.02089210233594573,0.06901655241757076
029780,2024Q4,2,2025-02-11,0.0035949709178595,0.0070272639774007,-9.551728123579403e-05,0.005558799987616325
029780,2024Q4,3,2025-02-12,0.0071514011576248,0.0036717305169489,0.004843242472653091,-0.29262841957883623
139130,2024Q4,-5,2025-02-03,-0.0109052334822621,-0.0255158010132801,0.004403849290583328,0.07869436510049077
139130,2024Q4,-4,2025-02-04,0.0065574005461588,0.0112408048113943,-0.003677035523401536,-0.314528031263519
139130,2024Q4,-3,2025-02-05,0.0043478329361033,0.0110521258761124,-0.005755483193777977,0.04924866330620148
139130,2024Q4,-2,2025-02-06,0.0010840109462577,0.0108918522042928,-0.008907925107465475,-0.1376064155742096
139130,2024Q4,-1,2025-02-07,0.0054024982833489,-0.0058632489722896,0.00705429899498139,0.7353497611611761
139130,2024Q4,0,2025-02-10,0.0021528533611014,-0.0002577346302237,-9.082425028954537e-05,0.2835699278246757
139130,2024Q4,1,2025-02-11,0.0053619431413842,0.0070272639774007,-0.0019443482512780472,-0.044822813200163125
139130,2024Q4,2,2025-02-12,-0.0032137146030954,0.0036717305169489,-0.008188122236353623,-0.04259685863913454
139130,2024Q4,3,2025-02-13,0.0053504675528301,0.0135555515791185,-0.006492571279422476,0.04374229866740187
316140,2024Q4,-5,2025-01-31,0.0219789067187754,-0.0076887111913848,0.027353729914893446,0.32505900584162895
316140,2024Q4,-4,2025-02-03,-0.0328312315478154,-0.0255158010132801,-0.015148860331306191,0.17415252224414246
316140,2024Q4,-3,2025-02-04,0.0063979744796593,0.0112408048113943,-0.0012958483867350455,-0.1170710144824838
316140,2024Q4,-2,2025-02-05,0.0038192280669946,0.0110521258761124,-0.003744333770840493,-0.2249787694553671
316140,2024Q4,-1,2025-02-06,-0.0070130985558716,0.0108918522042928,-0.014466009921193707,0.3086356928699736
316140,2024Q4,0,2025-02-07,-0.0154741965825966,-0.0058632489722896,-0.011359644364264843,0.09640703100190962
316140,2024Q4,1,2025-02-10,0.0580604687821342,-0.0002577346302237,0.058305060303951516,1.2315967341342073
316140,2024Q4,2,2025-02-11,0.0055029181972301,0.0070272639774007,0.0007180589737160771,0.020502604219093
316140,2024Q4,3,2025-02-12,0.0270693219682183,0.0036717305169489,0.024601071322500133,0.5136172544270217
024110,2024Q4,-5,2025-02-04,0.0026367846523029,0.0112408048113943,-0.004846463055725116,-0.026951927836233125
024110,2024Q4,-4,2025-02-05,0.0006581112445491,0.0110521258761124,-0.0067256415759577816,-0.06604940722008124
024110,2024Q4,-3,2025-02-06,-0.0019756344917905,0.0108918522042928,-0.009274871195400361,0.11856911727178598
024110,2024Q4,-2,2025-02-07,-0.0013192614050616,-0.0058632489722896,0.00021686501481985553,0.18173659756952354
024110,2024Q4,-1,2025-02-10,0.0072344939009312,-0.0002577346302237,0.005814699363718626,0.5343320674808432
024110,2024Q4,0,2025-02-11,-0.0098782495716616,0.0070272639774007,-0.015139597040971663,0.45136678143247977
024110,2024Q4,1,2025-02-12,0.0105333429458926,0.0036717305169489,0.0070414480321751806,0.05183090456505113
024110,2024Q4,2,2025-02-13,0.0032690450819039,0.0135555515791185,-0.005434823618873187,0.3580102969117025
024110,2024Q4,3,2025-02-14,0.0019563097207608,0.0030459211591908,-0.0012055810429608196,-0.2690363642061797
071050,2024Q4,-5,2025-02-07,0.0137933221323365,-0.0058632489722896,0.018696942403954434,0.20136211231932144
071050,2024Q4,-4,2025-02-10,-0.029060794263124,-0.0002577346302237,-0.02934020100632211,0.056618162570460484
071050,2024Q4,-3,2025-02-11,0.007662872745568,0.0070272639774007,0.0006475373645887681,-0.34191543074683217
071050,2024Q4,-2,2025-02-12,0.0101266688179304,0.0036717305169489,0.006213960513315247,0.36732969974918817
071050,2024Q4,-1,2025-02-13,-0.0165083114074509,0.0135555515791185,-0.029559897689845484,0.5829736450000489
071050,2024Q4,0,2025-02-14,0.0252857972286744,0.0030459211591908,0.02195173106275539,0.6444883034106894
071050,2024Q4,1,2025-02-17,0.0111733005981236,0.0074478801933359,0.003769050823740393,0.15093208455295404
071050,2024Q4,2,2025-02-18,-0.0024721891453882,0.0062591065462997,-0.008777263081284617,-0.03288896584878742
071050,2024Q4,3,2025-02-19,-0.0037197811025322,0.0168774015825858,-0.01984284972472442,-0.37428947347263275
005940,2025Q1,-5,2025-04-18,0.0165791288029115,0.0052525177943723,0.013352060245211956,-0.676468946201144
005940,2025Q1,-4,2025-04-21,0.0185121910083587,0.002011328539428,0.017604199812740317,-0.31430388331656367
005940,2025Q1,-3,2025-04-22,0.0232062625589328,-0.0007155810941847,0.02424938063288434,0.14458241568325114
005940,2025Q1,-2,2025-04-23,0.0128206884290609,0.0155304850859492,0.0022397138204429453,-0.23636497076022422
005940,2025Q1,-1,2025-04-24,0.0070522154053254,-0.0012797350267472,0.008498986740726876,-0.37157164865784686
005940,2025Q1,0,2025-04-25,0.0021060028843891,0.0094582357737946,-0.004130265257227858,-0.16398677607580758
005940,2025Q1,1,2025-04-28,0.008379937306751,0.0010048982684258,0.008192048972893624,-0.20401532378878962
005940,2025Q1,2,2025-04-29,0.0287888284771682,0.0064759349240341,0.024686402528519343,0.5467871841169814
005940,2025Q1,3,2025-04-30,0.0364882932631367,-0.0034399732489847,0.03948071934555773,0.9561191415307384
105560,2025Q1,-5,2025-04-17,0.0037429862788354,0.0093456267206768,-0.0013740707545798424,-0.25819061980226543
105560,2025Q1,-4,2025-04-18,0.0258158159627104,0.0052525177943723,0.02368513678819227,-0.0521418762381014
105560,2025Q1,-3,2025-04-21,0.0048426244757866,0.002011328539428,0.005076753079838887,-0.9102701326054188
105560,2025Q1,-2,2025-04-22,0.0072202479734873,-0.0007155810941847,0.009443960216689576,-0.2304751942904808
105560,2025Q1,-1,2025-04-23,0.0190029471256156,0.0155304850859492,0.009373348546148666,-0.2936453676893205
105560,2025Q1,0,2025-04-24,-0.0047169898781387,-0.0012797350267472,-0.0020816646425757504,-0.1445207623432463
105560,2025Q1,1,2025-04-25,0.0268237656591683,0.0094582357737946,0.02162454780643521,0.1255107854506754
105560,2025Q1,2,2025-04-28,-0.0034582167029562,0.0010048982684258,-0.002489785364244367,-0.7068898553526068
105560,2025Q1,3,2025-04-29,0.0137616850726818,0.0064759349240341,0.010738387134773925,0.0548244326125058
175330,2025Q1,-5,2025-04-18,0.008064559836729,0.0052525177943723,0.004211746656947277,-0.7213027201983682
175330,2025Q1,-4,2025-04-21,0.0181926563894965,0.002011328539428,0.017074821023683052,-0.5572312425342911
175330,2025Q1,-3,2025-04-22,0.0044969159536236,-0.0007155810941847,0.005680099368879529,-0.4028117313222417
175330,2025Q1,-2,2025-04-23,-0.0044969159536236,0.0155304850859492,-0.017022475555809928,-0.506205285843734
175330,2025Q1,-1,2025-04-24,0.0044969159536236,-0.0012797350267472,0.006156143304563842,-0.5530849960267918
175330,2025Q1,0,2025-04-25,-0.0435598950687001,0.0094582357737946,-0.05096157394584301,0.6984061749626349
175330,2025Q1,1,2025-04-28,-0.0035211303985782,0.0010048982684258,-0.0037897205503708456,-0.07348389790849197
175330,2025Q1,2,2025-04-29,0.0099445101483386,0.0064759349240341,0.0050593540710387646,-0.041917788733192296
175330,2025Q1,3,2025-04-30,-0.0064233797497603,-0.0034399732489847,-0.002941301850462503,0.23723327017605378
024110,2025Q1,-5,2025-04-18,0.0096485931158305,0.0052525177943723,0.006811860915950783,-0.8486292424642912
024110,2025Q1,-4,2025-04-21,0.0081967672041791,0.002011328539428,0.00719589501550062,-0.9017894992801665
024110,2025Q1,-3,2025-04-22,0.0067796869853786,-0.0007155810941847,0.007323378830679989,-0.3252694883806466
024110,2025Q1,-2,2025-04-23,-0.0013522652500128,0.0155304850859492,-0.010010597999214523,-0.3944708915489308
024110,2025Q1,-1,2025-04-24,0.0047249497286525,-0.0012797350267472,0.005588187136859075,-0.21940758076187095
024110,2025Q1,0,2025-04-25,0.0080483331828276,0.0094582357737946,0.0028294168988086312,-0.34555786353833007
024110,2025Q1,1,2025-04-28,-0.0026755868804375,0.0010048982684258,-0.0031064013084416142,-0.5267657529426408
024110,2025Q1,2,2025-04-29,0.017922816301132,0.0064759349240341,0.01439312160856893,0.16309375158721906
024110,2025Q1,3,2025-04-30,0.009168368086879,-0.0034399732489847,0.011255198027000972,0.10356164865197748
029780,2025Q1,-5,2025-04-18,0.0111456262149154,0.0052525177943723,0.009838454710321309,-0.7533677791760844
029780,2025Q1,-4,2025-04-21,0.0098040000966221,0.002011328539428,0.009260870240791873,-0.8906806561191374
029780,2025Q1,-3,2025-04-22,0.0012187691941285,-0.0007155810941847,0.0013184504698350308,-0.4348213042972997
029780,2025Q1,-2,2025-04-23,0.0060716640685498,0.0155304850859492,0.002341679683338384,-0.4186309336419214
029780,2025Q1,-1,2025-04-24,0.0060350213344708,-0.0012797350267472,0.006267689938866682,-0.20840844071271825
029780,2025Q1,0,2025-04-25,-0.0072464085207677,0.0094582357737946,-0.009544988871461055,0.017570743673942957
029780,2025Q1,1,2025-04-28,0.0024213086890103,0.0010048982684258,0.0021154234317327133,-0.06818539096231291
029780,2025Q1,2,2025-04-29,0.0120193754657833,0.0064759349240341,0.010423809311155474,0.03254376719461405
029780,2025Q1,3,2025-04-30,0.0023866359777304,-0.0034399732489847,0.0031285349427179316,-0.23476246941051926
055550,2025Q1,-5,2025-04-18,0.0105486210207441,0.0052525177943723,0.008001100366918121,-0.31424883606867837
055550,2025Q1,-4,2025-04-21,0.0217963999883341,0.002011328539428,0.02133480872940422,-0.2769663671603144
055550,2025Q1,-3,2025-04-22,-0.0051466917517686,-0.0007155810941847,-0.003853328111566608,-0.23323246339963966
055550,2025Q1,-2,2025-04-23,0.0092450581440512,0.0155304850859492,8.295487658227865e-05,-0.13861445668804961
055550,2025Q1,-1,2025-04-24,-0.0030721990369713,-0.0012797350267472,-0.0014157633332101648,-0.6608588219637461
055550,2025Q1,0,2025-04-25,0.0203052661607454,0.0094582357737946,0.015051075186284051,0.25047468856150346
055550,2025Q1,1,2025-04-28,-0.0080726977251099,0.0010048982684258,-0.00788658151586455,-0.30121161684663633
055550,2025Q1,2,2025-04-29,0.0210534091978313,0.0064759349240341,0.01771853502890649,-0.019371099530813396
055550,2025Q1,3,2025-04-30,0.0196469973837967,-0.0034399732489847,0.022693695751445607,0.2563849324453482
086790,2025Q1,-5,2025-04-18,0.0188846813905279,0.0052525177943723,0.01405788106421776,-1.0381642120509103
086790,2025Q1,-4,2025-04-21,0.0151901654939745,0.002011328539428,0.013206809189209537,-1.0681436473973527
086790,2025Q1,-3,2025-04-22,0.0016736405580299,-0.0007155810941847,0.002082558904663911,-0.42924525497525323
086790,2025Q1,-2,2025-04-23,0.0066666913581894,0.0155304850859492,-0.007176806960775728,-0.25580260006311484
086790,2025Q1,-1,2025-04-24,0.0099174366573464,-0.0012797350267472,0.01082127831780079,-0.14281473332292371
086790,2025Q1,0,2025-04-25,0.0065574005461588,0.0094582357737946,-0.0019590095820630465,-0.02753031559136332
086790,2025Q1,1,2025-04-28,0.0129871955268114,0.0010048982684258,0.011886764565828151,-0.31236162719425487
086790,2025Q1,2,2025-04-29,0.0144117786613033,0.0064759349240341,0.008511693855265186,-0.1090505555163972
086790,2025Q1,3,2025-04-30,0.0251190600953314,-0.0034399732489847,0.02791804454905664,0.10443756636470702
138930,2025Q1,-5,2025-04-18,0.0138891121606672,0.0052525177943723,0.012774705193873519,-0.3218603920294303
138930,2025Q1,-4,2025-04-21,0.0107791342548271,0.002011328539428,0.011694779249305589,-0.35415487575056126
138930,2025Q1,-3,2025-04-22,0.0077670293376606,-0.0007155810941847,0.0103906178721477,-0.3580917546911184
138930,2025Q1,-2,2025-04-23,0.0077071672449378,0.0155304850859492,0.00015536769876032912,-0.5394602309843535
138930,2025Q1,-1,2025-04-24,0.0171269647927996,-0.0012797350267472,0.02010389949351592,-0.13575198692915258
138930,2025Q1,0,2025-04-25,-0.0028342012358741,0.0094582357737946,-0.006582772813592543,0.03098320810662969
138930,2025Q1,1,2025-04-28,-0.0604472487116449,0.0010048982684258,-0.058901246899089515,0.8998251319051249
138930,2025Q1,2,2025-04-29,0.0139722831950166,0.0064759349240341,0.012091614171869599,0.7169897776395349
138930,2025Q1,3,2025-04-30,0.025441685345859,-0.0034399732489847,0.029771640649484763,0.5085783739642764
316140,2025Q1,-5,2025-04-21,0.0124372346447803,0.002011328539428,0.009540786891262143,-0.1569183430214398
316140,2025Q1,-4,2025-04-22,0.0046976011225083,-0.0007155810941847,0.0036849042421787407,-0.001296704360347789
316140,2025Q1,-3,2025-04-23,0.0052585572534677,0.0155304850859492,-0.006976932261967403,-0.4355589888294862
316140,2025Q1,-2,2025-04-24,0.0023282897595908,-0.0012797350267472,0.0017053107672242004,-0.541650740674763
316140,2025Q1,-1,2025-04-25,0.0057971176843256,0.0094582357737946,-0.0022436582245438765,0.061572611676927735
316140,2025Q1,0,2025-04-28,-0.0287325540832092,0.0010048982684258,-0.030933759178725477,0.4222080083690152
316140,2025Q1,1,2025-04-29,0.0287325540832092,0.0064759349240341,0.022751953458698026,0.24390171162310104
316140,2025Q1,2,2025-04-30,0.0234229502910086,-0.0034399732489847,0.024292265207935967,0.466823434576769
316140,2025Q1,3,2025-05-02,0.0005644933821926,0.0012430349304333,-0.0018012166677473164,0.1346309922905924
139130,2025Q1,-5,2025-04-22,0.0062959284568151,-0.0007155810941847,0.005674839567948927,-0.08246768004720906
139130,2025Q1,-4,2025-04-23,0.0052164959188907,0.0155304850859492,-0.0038167846388825763,0.021994190479082576
139130,2025Q1,-3,2025-04-24,0.0072576783062849,-0.0012797350267472,0.006928707580601313,0.08079646059033685
139130,2025Q1,-2,2025-04-25,0.0030943810147476,0.0094582357737946,-0.0027946968475019525,-0.04449431090482037
139130,2025Q1,-1,2025-04-28,-0.0061983669523382,0.0010048982684258,-0.007710317788964785,-0.03868965741868813
139130,2025Q1,0,2025-04-29,0.0544489318837388,0.0064759349240341,0.050104085473236484,1.4892203347940107
139130,2025Q1,1,2025-04-30,0.0087934127923858,-0.0034399732489847,0.009583010572731233,0.4427605372478105
139130,2025Q1,2,2025-05-02,-0.0078125397367951,0.0012430349304333,-0.009447797423337788,-0.1004264664367156
139130,2025Q1,3,2025-05-07,0.0222985487224569,0.0054581859118822,0.018480691409877372,0.35213377942182866
039490,2025Q1,-5,2025-04-23,0.0094712625924877,0.0155304850859492,-0.003599853631223114,-0.3997133615321449
039490,2025Q1,-4,2025-04-24,0.0015698590351185,-0.0012797350267472,0.0021169504384491718,-0.7179524894210143
039490,2025Q1,-3,2025-04-25,0.0031323439863175,0.0094582357737946,-0.00501955337281552,-0.10915984052253869
039490,2025Q1,-2,2025-04-28,0.0085636957768748,0.0010048982684258,0.007259972000110406,-0.20353545828803732
039490,2025Q1,-1,2025-04-29,0.0260152391412358,0.0064759349240341,0.02027934775383102,-0.08542062096077352
039490,2025Q1,0,2025-04-30,0.0341532823252173,-0.0034399732489847,0.036450414622544475,0.8374154008538071
039490,2025Q1,1,2025-05-02,0.0043699996711179,0.0012430349304333,0.0028733578668031492,0.004739921479826492
039490,2025Q1,2,2025-05-07,0.0222790386211002,0.0054581859118822,0.017367640742214856,0.39482065691658086
039490,2025Q1,3,2025-05-08,0.0190079640451763,0.0022043956114945,0.016732509752304225,-0.06143525212316803
323410,2025Q1,-5,2025-04-25,0.0068728792877621,0.0094582357737946,-0.0016475232579326567,-0.0727580645808672
323410,2025Q1,-4,2025-04-28,0.0090909717012515,0.0010048982684258,0.00737287939409115,-0.11765015245057597
323410,2025Q1,-3,2025-04-29,0.0022598879674387,0.0064759349240341,-0.003860688995540174,-0.28163261221201097
323410,2025Q1,-2,2025-04-30,0.0067491819749285,-0.0034399732489847,0.008607830217006673,-0.12762040497245408
323410,2025Q1,-1,2025-05-02,-0.0090090699423672,0.0012430349304333,-0.010918788273345387,-0.5885640022540635
323410,2025Q1,0,2025-05-07,0.0528757520479477,0.0054581859118822,0.04757414682497356,0.7286247484631048
323410,2025Q1,1,2025-05-08,-0.008620743043906,0.0022043956114945,-0.011304058028224212,0.30249948573333363
323410,2025Q1,2,2025-05-09,-0.0174676930403911,-0.0008571139080988,-0.017687444072924153,-0.6415438401082518
323410,2025Q1,3,2025-05-12,0.0153008449553002,0.0115960324305444,0.005060180314678078,-0.8156918304651324
006800,2025Q1,-5,2025-04-28,0.0019295712692137,0.0010048982684258,-0.003093057815810103,0.103119323514818
006800,2025Q1,-4,2025-04-29,0.0422744331962476,0.0064759349240341,0.030860486679060033,0.9478653490222992
006800,2025Q1,-3,2025-04-30,0.0862565262678742,-0.0034399732489847,0.08642643867018124,2.2829537988724873
006800,2025Q1,-2,2025-05-02,0.0101198367439039,0.0012430349304333,0.004819014129036785,1.1441617741247878
006800,2025Q1,-1,2025-05-07,0.0008387151376503,0.0054581859118822,-0.009386287233775435,0.842652382692151
006800,2025Q1,0,2025-05-08,0.0157208477869481,0.0022043956114945,0.009296954414884583,0.8183747439514892
006800,2025Q1,1,2025-05-09,-0.0241398232591549,-0.0008571139080988,-0.02698723188197917,0.7449393241392421
006800,2025Q1,2,2025-05-12,0.058852577828155,0.0115960324305444,0.04145728435468406,1.1919228594014672
006800,2025Q1,3,2025-05-13,0.0196541312095597,0.0004179049094998,0.015317233389674164,0.6947244149484781
003540,2025Q1,-5,2025-05-07,0.0220759516992004,0.0054581859118822,0.018925149786309794,0.5464153129174232
003540,2025Q1,-4,2025-05-08,0.0327546059752457,0.0022043956114945,0.030895827070890353,0.9118866864965849
003540,2025Q1,-3,2025-05-09,0.0036910139452093,-0.0008571139080988,0.0030479067267929457,0.1569472091201103
003540,2025Q1,-2,2025-05-12,0.0213494180144788,0.0115960324305444,0.015761384997904387,0.846553645879867
003540,2025Q1,-1,2025-05-13,0.0239258040475096,0.0004179049094998,0.02277640923936857,1.0425037816244043
003540,2025Q1,0,2025-05-14,-0.0005031446647034,0.0122501847401457,-0.006350930079885261,0.7497976597435105
003540,2025Q1,1,2025-05-15,0.0005031446647034,-0.0073015207877986,0.0024189982877226256,0.7256122408505465
003540,2025Q1,2,2025-05-16,0.0040160696548898,0.0020997599397425,0.0021988397389253195,0.9039074951810804
003540,2025Q1,3,2025-05-19,-0.0305211890348875,-0.008967132710409,-0.02794395015694055,0.3639426884877093
016360,2025Q1,-5,2025-05-08,-0.0056980211146377,0.0022043956114945,-0.009303413675462276,0.46609140917429137
016360,2025Q1,-4,2025-05-09,0.0094787439545438,-0.0008571139080988,0.008137995674478147,-0.2668105453304044
016360,2025Q1,-3,2025-05-12,0.0297419691987368,0.0115960324305444,0.019189442724687714,0.6178751114949215
016360,2025Q1,-2,2025-05-13,0.0163491380015301,0.0004179049094998,0.01406523927406089,0.40830628891990983
016360,2025Q1,-1,2025-05-14,-0.0036101122241003,0.0122501847401457,-0.014646524923948427,0.5034913648431711
016360,2025Q1,0,2025-05-15,-0.031223840451533,-0.0073015207877986,-0.02779756478815053,0.8004199008519404
016360,2025Q1,1,2025-05-16,0.0148150857851412,0.0020997599397425,0.011287093792265213,-0.026206850534371995
016360,2025Q1,2,2025-05-19,-0.0166824999599359,-0.008967132710409,-0.012024146300269883,0.05632188885688372
016360,2025Q1,3,2025-05-20,0.0093023926623132,-0.0006224033213904,0.007788025458503892,0.48408128183508303
071050,2025Q1,-5,2025-05-08,0.009627029827163,0.0022043956114945,0.0073542227620906455,0.015960084590965096
071050,2025Q1,-4,2025-05-09,0.0083482893914723,-0.0008571139080988,0.00849645420742442,0.26066061771761007
071050,2025Q1,-3,2025-05-12,0.0441418932299253,0.0115960324305444,0.034442394034647064,0.7057166633917173
071050,2025Q1,-2,2025-05-13,0.0157838677012627,0.0004179049094998,0.014923776725283349,0.38875408424301305
071050,2025Q1,-1,2025-05-14,-0.0044843124473299,0.0122501847401457,-0.014701100364827215,0.17005951110763817
071050,2025Q1,0,2025-05-15,0.0493250665625026,-0.0073015207877986,0.05456932131245122,1.2730566989358856
071050,2025Q1,1,2025-05-16,0.0106383982050548,0.0020997599397425,0.008448334641984474,0.4862814814342933
071050,2025Q1,2,2025-05-19,0.0010576415581358,-0.008967132710409,0.007619024216239539,0.3930693457672394
071050,2025Q1,3,2025-05-20,0.0219559264014161,-0.0006224033213904,0.021918487440223903,0.7736979421917489
138040,2025Q1,-5,2025-05-08,-0.0065681681120981,0.0022043956114945,-0.010070543737959889,0.41742604543220097
138040,2025Q1,-4,2025-05-09,-0.0267127736533989,-0.0008571139080988,-0.027510050387020233,0.0179926941112889
138040,2025Q1,-3,2025-05-12,-0.0102041701742425,0.0115960324305444,-0.022004839890959006,0.11957931738255745
138040,2025Q1,-2,2025-05-13,-0.0008550663197333,0.0004179049094998,-0.0027789284743693927,-0.059271438434269186
138040,2025Q1,-1,2025-05-14,-0.0025695945616313,0.0122501847401457,-0.014948262379197772,-0.18080832616435316
138040,2025Q1,0,2025-05-15,-0.0234284034632548,-0.0073015207877986,-0.018531509461866134,0.8261976346505175
138040,2025Q1,1,2025-05-16,-0.0097045313891772,0.0020997599397425,-0.013114452675787817,0.05427625483197218
138040,2025Q1,2,2025-05-19,-0.0124890115707749,-0.008967132710409,-0.00612041057715894,-0.03432313795548403
138040,2025Q1,3,2025-05-20,-0.0054005531800012,-0.0006224033213904,-0.0064052162843127505,0.22826068252597587
024110,2025Q2,-5,2025-07-17,0.0120049460968232,0.0018531004154986,0.008087389403455256,0.02965213250236509
024110,2025Q2,-4,2025-07-18,-0.0217137602237826,-0.0013228003584178,-0.02307241393971142,0.057631495391522236
024110,2025Q2,-3,2025-07-21,-0.0122700925918142,0.0071075205387565,-0.020421267478971036,-0.26580426364864884
024110,2025Q2,-2,2025-07-22,-0.00247218914539,-0.0128106182268492,0.005425180371282744,-0.27051051866452447
024110,2025Q2,-1,2025-07-23,-0.0049627893421284,0.0043533935456174,-0.010894894974707001,-0.2676775570748777
024110,2025Q2,0,2025-07-24,0.0074349784875185,0.0020959220474594,0.0033217743097850774,-0.1694876613249363
024110,2025Q2,1,2025-07-25,-0.0199507864193488,0.0017537302408321,-0.02378827806852168,0.4728636486630169
024110,2025Q2,2,2025-07-28,-0.04376502796676,0.0042057117209299,-0.049578142645965564,0.7701215989063215
024110,2025Q2,3,2025-07-29,0.0125524660711207,0.006537214077932,0.004860801415719927,0.11855008280229562
105560,2025Q2,-5,2025-07-17,0.0105079775984151,0.0018531004154986,0.007454944675307529,0.006365124112159393
105560,2025Q2,-4,2025-07-18,-0.0122700925918142,-0.0013228003584178,-0.011839040950649003,-0.681985003696246
105560,2025Q2,-3,2025-07-21,0.0140107370695989,0.0071075205387565,0.005193404393803603,-0.518285270498902
105560,2025Q2,-2,2025-07-22,-0.0034843240826116,-0.0128106182268492,0.009549302941669864,-0.32684165742052684
105560,2025Q2,-1,2025-07-23,0.0060896229943736,0.0043533935456174,0.0002936729208470653,-0.3977223679170798
105560,2025Q2,0,2025-07-24,0.0163444498678995,0.0020959220474594,0.013025032331414074,-0.19493019687511826
105560,2025Q2,1,2025-07-25,0.013559529785633,0.0017537302408321,0.010615509743075128,0.5137484174819367
105560,2025Q2,2,2025-07-28,-0.0724258859707376,0.0042057117209299,-0.07805982343667789,0.17611583210924842
105560,2025Q2,3,2025-07-29,0.007213737323692,0.006537214077932,-0.0009779473616550998,0.16162868950167386
175330,2025Q2,-5,2025-07-17,0.0124741742251757,0.0018531004154986,0.00973970507289685,0.31860813992333803
175330,2025Q2,-4,2025-07-18,-0.0187701026819908,-0.0013228003584178,-0.01814647966975807,0.08896115851122133
175330,2025Q2,-3,2025-07-21,0.0125524660711189,0.0071075205387565,0.004262147318663341,-0.15406494060542464
175330,2025Q2,-2,2025-07-22,0.0185381209989117,-0.0128106182268492,0.03130858168571817,-0.21051316881753124
175330,2025Q2,-1,2025-07-23,-0.0143887374520996,0.0043533935456174,-0.019766933649691704,-0.28058664203731354
175330,2025Q2,0,2025-07-24,0.0082474694300174,0.0020959220474594,0.005256248736141759,-0.3971277168956515
175330,2025Q2,1,2025-07-25,-0.0249493190479483,0.0017537302408321,-0.02757871747267976,0.3179780911378618
175330,2025Q2,2,2025-07-28,-0.0518474645319635,0.0042057117209299,-0.05706950686530489,0.54011045424269
175330,2025Q2,3,2025-07-29,0.0219307034939699,0.006537214077932,0.014243407881655902,-0.17779037389139596
029780,2025Q2,-5,2025-07-18,-0.0199101599593305,-0.0013228003584178,-0.02091196590945616,-0.2082719114513072
029780,2025Q2,-4,2025-07-21,-0.0353525187157188,0.0071075205387565,-0.043110260437916235,0.4904952520924528
029780,2025Q2,-3,2025-07-22,0.003780722839906,-0.0128106182268492,0.011985085981919507,-0.10256768730776855
029780,2025Q2,-2,2025-07-23,0.0075188324140267,0.0043533935456174,0.001968207751870667,-0.13415331466981684
029780,2025Q2,-1,2025-07-24,-0.0018744147943507,0.0020959220474594,-0.005615934840578048,-0.18706253814969287
029780,2025Q2,0,2025-07-25,-0.0132202114281341,0.0017537302408321,-0.01668750396920466,0.010611761349728965
029780,2025Q2,1,2025-07-28,-0.0729387232628369,0.0042057117209299,-0.07837099787231279,0.9892460323601746
029780,2025Q2,2,2025-07-29,0.0081466845678175,0.006537214077932,0.0008459780957277268,-0.092551403065956
029780,2025Q2,3,2025-07-30,0.0090863825559566,0.0073708135660819,0.0011176416554905255,-0.44338229503111215
055550,2025Q2,-5,2025-07-18,-0.0144094712201514,-0.0013228003584178,-0.016309450736622946,-0.5915171699171768
055550,2025Q2,-4,2025-07-21,0.0014503265776451,0.0071075205387565,-0.0074740200169538425,-0.44816825690479867
055550,2025Q2,-3,2025-07-22,-0.0116619397478423,-0.0128106182268492,-0.003989964576138143,-0.5451683242666157
055550,2025Q2,-2,2025-07-23,-0.0014673516939502,0.0043533935456174,-0.008096886594480327,-0.6080689107120048
055550,2025Q2,-1,2025-07-24,0.0174676930403911,0.0020959220474594,0.012719143296284506,-0.33270233598382326
055550,2025Q2,0,2025-07-25,0.0270479122220734,0.0017537302408321,0.02258448577163448,0.5749140537663031
055550,2025Q2,1,2025-07-28,-0.0578195708888262,0.0042057117209299,-0.06432605337414869,0.44958089134172674
055550,2025Q2,2,2025-07-29,0.0235304974101939,0.006537214077932,0.015081345292379552,0.21303578103190546
055550,2025Q2,3,2025-07-30,0.0014524330803151,0.0073708135660819,-0.007691296251382847,-0.46994120519180704
086790,2025Q2,-5,2025-07-18,-0.004362057080165,-0.0013228003584178,-0.005692092389087524,-0.47872978636281793
086790,2025Q2,-4,2025-07-21,0.004362057080165,0.0071075205387565,-0.00665182100185061,-0.2922972238611372
086790,2025Q2,-3,2025-07-22,-0.007646132281355,-0.0128106182268492,0.0042197977117202825,-0.4473558365248671
086790,2025Q2,-2,2025-07-23,-0.0043956114730381,0.0043533935456174,-0.01224584571468339,-0.5572250145141648
086790,2025Q2,-1,2025-07-24,0.0022002209096019,0.0020959220474594,-0.003056873720925099,-0.2362578291852575
086790,2025Q2,0,2025-07-25,0.0163491380015301,0.0017537302408321,0.011485116386139473,-0.026136735325096083
086790,2025Q2,1,2025-07-28,-0.0928267795105703,0.0042057117209299,-0.10050737281112206,0.7505204088180477
086790,2025Q2,2,2025-07-29,0.0199654312456978,0.006537214077932,0.00960665967344207,0.17451741420577704
086790,2025Q2,3,2025-07-30,0.0,0.0073708135660819,-0.011316320694932692,-0.58645119266167
316140,2025Q2,-5,2025-07-21,0.0040160696548898,0.0071075205387565,-0.006077822036582528,-0.3334068173995952
316140,2025Q2,-4,2025-07-22,0.0,-0.0128106182268492,0.013915759275384776,-0.2992786867511228
316140,2025Q2,-3,2025-07-23,0.0079840743482204,0.0043533935456174,0.001210052480019614,-0.08794054699323084
316140,2025Q2,-2,2025-07-24,0.0098912774787436,0.0020959220474594,0.005838448758970674,-0.2317136458495863
316140,2025Q2,-1,2025-07-25,0.0058881426252224,0.0017537302408321,0.002247797518377546,-0.19245890500174134
316140,2025Q2,0,2025-07-28,-0.0358604161610145,0.0042057117209299,-0.04245641993693157,0.26015050366054915
316140,2025Q2,1,2025-07-29,0.0,0.006537214077932,-0.009406434935111918,-0.21930893438526766
316140,2025Q2,2,2025-07-30,0.0140989243795015,0.0073708135660819,0.0036876549569830365,-0.7364912694528041
316140,2025Q2,3,2025-07-31,-0.0120725812342694,-0.0027785108496534,-0.010249688637995682,-0.5723809523761201
139130,2025Q2,-5,2025-07-22,0.0020345886977874,-0.0128106182268492,0.009542282213743659,-0.0879873060427574
139130,2025Q2,-4,2025-07-23,-0.0047538289865407,0.0043533935456174,-0.012155352178945764,-0.1980396630397081
139130,2025Q2,-3,2025-07-24,-0.0150894495423923,0.0020959220474594,-0.020530059853522294,-0.22080146841966375
139130,2025Q2,-2,2025-07-25,0.0048259314619798,0.0017537302408321,-0.0003174399595209003,-0.29516387689464807
139130,2025Q2,-1,2025-07-28,-0.0823953124022907,0.0042057117209299,-0.08966855437714939,0.48225802311324273
139130,2025Q2,0,2025-07-29,0.038099846232269,0.006537214077932,0.028801385773677923,0.06568974611180423
139130,2025Q2,1,2025-07-30,-0.0028797716086099,0.0073708135660819,-0.012902323589716864,-0.33173477482502456
139130,2025Q2,2,2025-07-31,0.0,-0.0027785108496534,-0.001206519973928108,0.17076597745347577
139130,2025Q2,3,2025-08-01,-0.0307491282788934,-0.0396070629305409,3.4825262812499674e-05,0.0036921738776101165
039490,2025Q2,-5,2025-07-23,0.0022446698538232,0.0043533935456174,-0.007870911149914485,0.01596877941872954
039490,2025Q2,-4,2025-07-24,-0.0112740765732173,0.0020959220474594,-0.01660068809692273,-0.01828623438545307
039490,2025Q2,-3,2025-07-25,0.0045248945982887,0.0017537302408321,-7.579585859821773e-05,-0.31798172720698936
039490,2025Q2,-2,2025-07-28,-0.0509369363627545,0.0042057117209299,-0.060739227142557584,0.29890896265548506
039490,2025Q2,-1,2025-07-29,0.0234752564213671,0.006537214077932,0.008726948099629652,-0.09768081981757071
039490,2025Q2,0,2025-07-30,0.0046296378987413,0.0073708135660819,-0.011887057093914365,0.11964199700378941
039490,2025Q2,1,2025-07-31,-0.0046296378987413,-0.0027785108496534,0.0003843065472679359,-0.2205803008651781
039490,2025Q2,2,2025-08-01,-0.0721466627971789,-0.0396070629305409,0.010994873537835237,0.4691601813667514
039490,2025Q2,3,2025-08-04,0.017305747097593,0.0090440586999296,-0.0027605474736830324,-0.18020910609070562
005940,2025Q2,-5,2025-07-25,0.0048426244757866,0.0017537302408321,0.0017897937311736676,-0.5839205097448907
005940,2025Q2,-4,2025-07-28,-0.0294138852062921,0.0042057117209299,-0.03599608717941189,0.25573741991657784
005940,2025Q2,-3,2025-07-29,0.0049627893421284,0.006537214077932,-0.004975366745975546,-0.5069285963817549
005940,2025Q2,-2,2025-07-30,-0.0099503308531687,0.0073708135660819,-0.02108836633410434,-0.4169713861975506
005940,2025Q2,-1,2025-07-31,0.0099503308531687,-0.0027785108496534,0.013421187760869549,-0.5913461657758248
005940,2025Q2,0,2025-08-01,-0.0793004089879616,-0.0396070629305409,-0.022818698141565265,0.42296859026311573
005940,2025Q2,1,2025-08-04,0.0222584706009438,0.0090440586999296,0.00871197352208221,-0.2273122078868166
005940,2025Q2,2,2025-08-05,0.0289276369061788,0.0158377025120888,0.00560239916309245,0.2558047311780225
005940,2025Q2,3,2025-08-06,-0.0035705215183359,4.3742813788938406e-05,-0.004162003971739924,-0.4525216058046322
138930,2025Q2,-5,2025-07-24,0.0,0.0020959220474594,-0.005222729876025859,-0.04760967777191283
138930,2025Q2,-4,2025-07-25,-0.018277271191792,0.0017537302408321,-0.023237604936660772,0.12283954501137906
138930,2025Q2,-3,2025-07-28,-0.0506693991817055,0.0042057117209299,-0.057509937074031375,0.2773467200322344
138930,2025Q2,-2,2025-07-29,0.003459014171792,0.006537214077932,-0.005169343260372527,-0.20990867353423504
138930,2025Q2,-1,2025-07-30,0.0055096558109681,0.0073708135660819,-0.003757914122456853,-0.4759472956962085
138930,2025Q2,0,2025-07-31,0.0020583197661547,-0.0027785108496534,0.000573354234616164,-0.08170456682729288
138930,2025Q2,1,2025-08-01,-0.0549433951134936,-0.0396070629305409,-0.028187855188782713,0.35263415174304313
138930,2025Q2,2,2025-08-04,0.0200723584893882,0.0090440586999296,0.009521727298809145,-0.7612659927640752
138930,2025Q2,3,2025-08-05,0.0224570841008429,0.0158377025120888,0.006697018264999514,-0.23090904585099636
071050,2025Q2,-5,2025-07-31,-0.0041870263542165,-0.0027785108496534,-0.0002493238390460185,-0.43175520019264013
071050,2025Q2,-4,2025-08-01,-0.0664984825657786,-0.0396070629305409,0.008238676054712221,0.16534820584795895
071050,2025Q2,-3,2025-08-04,0.0229045846002744,0.0090440586999296,0.004114499934471688,-0.46319105946932204
071050,2025Q2,-2,2025-08-05,0.0173791484913579,0.0158377025120888,-0.014471082710147434,-0.3051248790719523
071050,2025Q2,-1,2025-08-06,0.019197176815501,4.3742813788938406e-05,0.01770935991508032,-0.6410160316429394
071050,2025Q2,0,2025-08-07,-0.0177624563398417,0.0091942344992457,-0.03684123997182721,0.29052547072713786
071050,2025Q2,1,2025-08-08,-0.0232062625589328,-0.0054895362806863,-0.0140568665299022,0.23665990644254364
071050,2025Q2,2,2025-08-11,-0.0029390175453887,-0.0010098493309502,-0.002401401823844313,-0.24885768972069044
071050,2025Q2,3,2025-08-12,0.022554611973593,-0.005271530433248,0.03128491209593383,0.07980947356807455
323410,2025Q2,-5,2025-07-30,0.0122916385115559,0.0073708135660819,-0.0009858307424511319,-0.46941483014059315
323410,2025Q2,-4,2025-07-31,-0.0193838668210482,-0.0027785108496534,-0.006216923933378771,-0.45153410472515354
323410,2025Q2,-3,2025-08-01,-0.0399327103353712,-0.0396070629305409,0.06919228551376005,-0.4013454877762328
323410,2025Q2,-2,2025-08-04,0.0055401803756147,0.0090440586999296,-0.012096986344060295,-0.3140849476292331
323410,2025Q2,-1,2025-08-05,0.0036764747293087,0.0158377025120888,-0.031661763466016075,-0.3868795102044409
323410,2025Q2,0,2025-08-06,-0.0129272345014594,4.3742813788938406e-05,-0.007113770129928074,0.929775818435786
323410,2025Q2,1,2025-08-07,0.0110906866941586,0.0091942344992457,-0.006937768210635751,0.6534626947443467
323410,2025Q2,2,2025-08-08,-0.0129511523470782,-0.0054895362806863,0.007279460090226588,-0.21655633464267332
323410,2025Q2,3,2025-08-11,-0.0225998319172404,-0.0010098493309502,-0.01404119715175472,-0.16334640911752452
006800,2025Q2,-5,2025-07-31,-0.0005259836014381,-0.0027785108496534,0.010966005340659831,-0.07352120760607406
006800,2025Q2,-4,2025-08-01,-0.0632521038771081,-0.0396070629305409,0.053558452611473795,0.14082184582326285
006800,2025Q2,-3,2025-08-04,0.0110917169790738,0.0090440586999296,-0.011225282467674975,-0.3701907894765917
006800,2025Q2,-2,2025-08-05,0.0077301472664697,0.0158377025120888,-0.03401462748749662,-0.5175772977288524
006800,2025Q2,-1,2025-08-06,0.0248790670125309,4.3742813788938406e-05,0.028300260436148028,-0.5220062541808836
006800,2025Q2,0,2025-08-07,0.0095576988349073,0.0091942344992457,-0.013188758170460183,0.17918133906159994
006800,2025Q2,1,2025-08-08,0.0,-0.0054895362806863,0.019244705213738923,-0.8566482502076855
006800,2025Q2,2,2025-08-11,-0.0290062925585701,-0.0010098493309502,-0.022572142904188228,-0.24578414254780512
006800,2025Q2,3,2025-08-12,0.0194485937236628,-0.005271530433248,0.03806986786906835,-0.11216500146122854
003540,2025Q2,-5,2025-08-04,0.0188487255586675,0.0090440586999296,0.005875952132715627,-0.6154832354594255
003540,2025Q2,-4,2025-08-05,0.0225650599920896,0.0158377025120888,-0.0005481940008596892,-0.23271803133663838
003540,2025Q2,-3,2025-08-06,0.0080808520539381,4.3742813788938406e-05,0.008542331418351493,-1.0742070470845562
003540,2025Q2,-2,2025-08-07,0.0100100935951008,0.0091942344992457,-0.0031868385911135166,-0.7622402896322953
003540,2025Q2,-1,2025-08-08,0.003976148379639,-0.0054895362806863,0.012696834538037358,-1.3084517914282436
003540,2025Q2,0,2025-08-11,-0.0119761910467151,-0.0010098493309502,-0.00994207541159432,0.13185612859338924
003540,2025Q2,1,2025-08-12,0.0238106486937184,-0.005271530433248,0.03220593008840465,0.46247528819984396
003540,2025Q2,2,2025-08-13,0.0,0.0107449429918524,-0.015511585378101087,-0.6769637441797727
003540,2025Q2,3,2025-08-14,-0.0118344576470033,0.0003999345532381,-0.011904645162967796,-1.2779480816146354
016360,2025Q2,-5,2025-08-04,0.0163087380419231,0.0090440586999296,0.003394093625665586,-0.5097033589048898
016360,2025Q2,-4,2025-08-05,0.030415088864439,0.0158377025120888,0.007065359924946418,-0.2644504968798529
016360,2025Q2,-3,2025-08-06,0.0099362066591286,4.3742813788938406e-05,0.010846110541914622,-0.8714589456121686
016360,2025Q2,-2,2025-08-07,-0.0028288562004767,0.0091942344992457,-0.01597417169731149,-0.6910223565968234
016360,2025Q2,-1,2025-08-08,-0.0085349024498384,-0.0054895362806863,0.0008741569138628509,-1.1606058746314503
016360,2025Q2,0,2025-08-11,-0.0319330471030081,-0.0010098493309502,-0.029404818299552573,-0.23114349045219384
016360,2025Q2,1,2025-08-12,0.0131870042819528,-0.005271530433248,0.02226120513562935,-0.24516949899607
016360,2025Q2,2,2025-08-13,0.005805531545322,0.0107449429918524,-0.009721683067608245,-0.6779294604784383
016360,2025Q2,3,2025-08-14,-0.0043509858343266,0.0003999345532381,-0.003988194960464842,-0.41728980056981335
138040,2025Q2,-5,2025-08-07,-0.0052493558861428,0.0091942344992457,-0.009795512527205098,-0.3705465711474947
138040,2025Q2,-4,2025-08-08,-0.0079260652724215,-0.0054895362806863,-6.727369207589796e-05,-0.4182869891096139
138040,2025Q2,-3,2025-08-11,-0.0133513331748638,-0.0010098493309502,-0.009277011230583327,-0.45742177839530385
138040,2025Q2,-2,2025-08-12,0.0,-0.005271530433248,0.007674618775555416,-0.5363972005846964
138040,2025Q2,-1,2025-08-13,0.0195214717450191,0.0107449429918524,0.01366526614953062,-0.2871881441636095
138040,2025Q2,0,2025-08-14,0.0596937638084842,0.0003999345532381,0.06257709085446293,0.9578967770237519
138040,2025Q2,1,2025-08-18,-0.0124949563968446,-0.0151120591411704,0.0034930071538749434,-0.25755156414156843
138040,2025Q2,2,2025-08-19,-0.0084175581195289,-0.0081279071489834,0.0016701468986937348,-0.32756609960000027
138040,2025Q2,3,2025-08-20,0.0058997221271894,-0.0068358007233015,0.014895846954781557,-0.34125611852901194
029780,2025Q3,-5,2025-10-21,-0.0020100509280247,0.0023957884111069,-0.0002758467807775606,0.040964135956004455
029780,2025Q3,-4,2025-10-22,0.0060180723255633,0.0155279638492782,0.003998545815817673,-0.14485600060964998
029780,2025Q3,-3,2025-10-23,-0.0120725812342694,-0.0098638888613713,-0.00683404327430347,0.06020068418893487
029780,2025Q3,-2,2025-10-24,0.0,0.02466496621944,-0.004631267882785645,0.33718201074959175
029780,2025Q3,-1,2025-10-27,0.0180546529118164,0.0253607436128877,0.013224502449025349,0.3447796564031016
029780,2025Q3,0,2025-10-28,-0.0019900504080094,-0.008051502549474,0.0027304309593292287,0.08590036369545828
029780,2025Q3,1,2025-10-29,-0.0019940186068652,0.0174853289514338,-0.004573042773756992,0.22304363526012416
029780,2025Q3,2,2025-10-30,-0.009022617599637,0.0014054758114241,-0.007005340264482985,0.41986794156077956
029780,2025Q3,3,2025-10-31,-0.0020161297151837,0.0050303076011459,-0.0010349824774064102,0.11357603324234233
055550,2025Q3,-5,2025-10-21,-0.0067431138848892,0.0023957884111069,-0.0074369591538085734,-0.16021660222116374
055550,2025Q3,-4,2025-10-22,0.0027027043478842,0.0155279638492782,-0.010929331662528265,-0.32208345241073033
055550,2025Q3,-3,2025-10-23,-0.0108549234094343,-0.0098638888613713,0.000529812187952422,-0.2191516699039191
055550,2025Q3,-2,2025-10-24,0.0013633267278638,0.02466496621944,-0.021270742496863525,-0.35010215745445095
055550,2025Q3,-1,2025-10-27,0.0148751897650445,0.0253607436128877,-0.008444379030749991,-0.34342644458568294
055550,2025Q3,0,2025-10-28,-0.0067340321813453,-0.008051502549474,0.002865089150453768,-0.08617864697762556
055550,2025Q3,1,2025-10-29,0.0053908486348763,0.0174853289514338,-0.010169638846632096,0.23495046688266008
055550,2025Q3,2,2025-10-30,-0.0148953329464394,0.0014054758114241,-0.014613494226919444,0.264298380504318
055550,2025Q3,3,2025-10-31,0.0,0.0050303076011459,-0.00328944810360059,0.11074182644229502
086790,2025Q3,-5,2025-10-21,-0.0011318620336826,0.0023957884111069,-6.059396821752987e-05,-0.1064609994868686
086790,2025Q3,-4,2025-10-22,0.0033917500011213,0.0155279638492782,-0.006503317531165311,-0.3963968834483218
086790,2025Q3,-3,2025-10-23,-0.0102099582328989,-0.0098638888613713,0.0010990450747665817,-0.09460222312270083
086790,2025Q3,-2,2025-10-24,0.0034149151000697,0.02466496621944,-0.014110223688910382,0.2825498118234915
086790,2025Q3,-1,2025-10-27,-0.0022753138371349,0.0253607436128877,-0.020381478095489836,0.5264349128323396
086790,2025Q3,0,2025-10-28,0.0011383040500589,-0.008051502549474,0.010933831039759126,0.21679261384117865
086790,2025Q3,1,2025-10-29,-0.0241807981972144,0.0174853289514338,-0.03571041003624041,0.8729233714949256
086790,2025Q3,2,2025-10-30,0.0011648224962925,0.0014054758114241,0.0030630746639678137,0.6978237221851114
086790,2025Q3,3,2025-10-31,-0.0046674530474941,0.0050303076011459,-0.005796202923664736,0.528422394169553
175330,2025Q3,-5,2025-10-22,0.0022002209096019,0.0155279638492782,-0.004246278105837609,-0.03068834629345929
175330,2025Q3,-4,2025-10-23,-0.0155041865359653,-0.0098638888613713,-0.007037860008478055,-0.24296808341442855
175330,2025Q3,-3,2025-10-24,-0.0112234623698483,0.02466496621944,-0.023036191407344586,-0.3126119119304125
175330,2025Q3,-2,2025-10-27,0.0,0.0253607436128877,-0.01222136431919222,0.40803392973270824
175330,2025Q3,-1,2025-10-28,-0.0090703569699641,-0.008051502549474,-0.001668458516855896,-0.025711968025365906
175330,2025Q3,0,2025-10-29,0.0045454623716736,0.0174853289514338,-0.0030506118490449263,0.07324681673025246
175330,2025Q3,1,2025-10-30,0.0356385154473599,0.0014054758114241,0.037486259579142915,0.1665028521769738
175330,2025Q3,2,2025-10-31,-0.0176605031519514,0.0050303076011459,-0.017941649917519276,-0.22153106549841795
175330,2025Q3,3,2025-11-03,0.004444451760424,0.027463614685768,-0.009011944511989129,-0.3198087515651
316140,2025Q3,-5,2025-10-23,-0.0231670592815351,-0.0098638888613713,-0.013537977125729237,0.39870751569035434
316140,2025Q3,-4,2025-10-24,-0.0039138993211356,0.02466496621944,-0.021504253686569535,0.1437419083708722
316140,2025Q3,-3,2025-10-27,0.013632148790057,0.0253607436128877,-0.004506693747068101,0.12363220528882835
316140,2025Q3,-2,2025-10-28,0.0019323677510545,-0.008051502549474,0.010132727927715803,0.16234033349121546
316140,2025Q3,-1,2025-10-29,-0.0155645165411115,0.0174853289514338,-0.02749509213876851,0.25504455969681317
316140,2025Q3,0,2025-10-30,0.0,0.0014054758114241,0.0007453309967260381,0.5692336630919534
316140,2025Q3,1,2025-10-31,-0.0039292781398891,0.0050303076011459,-0.006041437742535299,0.3748296596206391
316140,2025Q3,2,2025-11-03,0.0039292781398891,0.027463614685768,-0.015867278374332973,0.2033076868999668
316140,2025Q3,3,2025-11-04,0.0289875368732523,-0.0240027244496676,0.04976240237111142,1.080428575776251
005940,2025Q3,-5,2025-10-24,0.0097800290536405,0.02466496621944,-0.016338318777053523,0.07267492735637937
005940,2025Q3,-4,2025-10-27,0.0072727593290782,0.0253607436128877,-0.019709644543944076,0.5141418618032265
005940,2025Q3,-3,2025-10-28,-0.0195128142235816,-0.008051502549474,-0.0050019855538055435,0.5690437163961324
005940,2025Q3,-2,2025-10-29,-0.0173917427118688,0.0174853289514338,-0.03459400758044492,1.1274206236949151
005940,2025Q3,-1,2025-10-30,0.0074906717291582,0.0014054758114241,0.010257285407396545,0.3858992959133687
005940,2025Q3,0,2025-10-31,0.0123610968235734,0.0050303076011459,0.01062618768743466,0.7288442649514835
005940,2025Q3,1,2025-11-03,0.0290577344795419,0.027463614685768,-0.0005361346032882949,0.5430274991010666
005940,2025Q3,2,2025-11-04,-0.0339838528155969,-0.0240027244496676,0.0003361127924821211,0.7190090085922787
005940,2025Q3,3,2025-11-05,0.002466092495192,-0.0288767296183163,0.042838875650908964,0.3641098685290167
024110,2025Q3,-5,2025-10-23,-0.0102512430273353,-0.0098638888613713,-0.0023133448260099724,-0.038249649335892144
024110,2025Q3,-4,2025-10-24,0.0,0.02466496621944,-0.011462756318763185,-0.012339807721835072
024110,2025Q3,-3,2025-10-27,0.0061633477076679,0.0253607436128877,-0.005690343578431287,0.050709403812293274
024110,2025Q3,-2,2025-10-28,-0.0025634466741983,-0.008051502549474,0.004356129876676556,0.07558701688349778
024110,2025Q3,-1,2025-10-29,-0.009283202303548,0.0174853289514338,-0.01671195106862465,0.3331425127236649
024110,2025Q3,0,2025-10-30,-0.0072803233681266,0.0014054758114241,-0.005674319177364475,0.45157407534568605
024110,2025Q3,1,2025-10-31,0.0088335206775251,0.0050303076011459,0.00840284832395234,0.19905832719797978
024110,2025Q3,2,2025-11-03,-0.0114465349680568,0.027463614685768,-0.024481761960734066,0.34814328470697653
024110,2025Q3,3,2025-11-04,0.0114465349680568,-0.0240027244496676,0.02732859071306237,0.4965887665852655
039490,2025Q3,-5,2025-10-23,-0.0207750625749643,-0.0098638888613713,-0.003246819011001611,0.006385170578228738
039490,2025Q3,-4,2025-10-24,0.0374575625349002,0.02466496621944,0.0013016191328874063,0.2684227470170306
039490,2025Q3,-3,2025-10-27,0.0794769367956451,0.0253607436128877,0.04223922443288553,1.0141982071700077
039490,2025Q3,-2,2025-10-28,0.0134909297410157,-0.008051502549474,0.02820134209120785,0.4432134069909246
039490,2025Q3,-1,2025-10-29,-0.0050377940299579,0.0174853289514338,-0.030031102918272993,0.16609118109876952
039490,2025Q3,0,2025-10-30,0.0083822787528049,0.0014054758114241,0.008389330876559185,0.6720995813122776
039490,2025Q3,1,2025-10-31,-0.0083822787528049,0.0050303076011459,-0.014010981045587276,0.41630922338723053
039490,2025Q3,2,2025-11-03,0.023295562603522,0.027463614685768,-0.017211615936950028,0.1477175658297316
039490,2025Q3,3,2025-11-04,-0.0454241251142555,-0.0240027244496676,-0.005913342846740409,0.21881937598121226
105560,2025Q3,-5,2025-10-23,-0.0086730812534288,-0.0098638888613713,0.002445432927238837,-0.13529635986045996
105560,2025Q3,-4,2025-10-24,-0.0087489621932359,0.02466496621944,-0.027060741128975996,-0.12256252097791354
105560,2025Q3,-3,2025-10-27,0.0362421027734338,0.0253607436128877,0.017337285563328343,0.1640619817259612
105560,2025Q3,-2,2025-10-28,-0.0136520891683264,-0.008051502549474,-0.004078342697867169,0.319348983507993
105560,2025Q3,-1,2025-10-29,-0.0034423441909723,0.0174853289514338,-0.015634637589981345,0.14762875108885254
105560,2025Q3,0,2025-10-30,-0.0017256259674702,0.0014054758114241,-0.00021243188154189126,0.06218528663455025
105560,2025Q3,1,2025-10-31,0.0068847087774965,0.0050303076011459,0.005308317013575112,0.3465266717055897
105560,2025Q3,2,2025-11-03,0.0119353505492725,0.027463614685768,-0.008761825889542947,-0.27502629405513623
105560,2025Q3,3,2025-11-04,0.032516412021561,-0.0240027244496676,0.05568600854232922,0.441584020475533
138930,2025Q3,-5,2025-10-24,-0.0077492462462327,0.02466496621944,-0.0209234739562591,0.28264849631633204
138930,2025Q3,-4,2025-10-27,0.0063447516333337,0.0253607436128877,-0.007299393980267591,0.6579123853723257
138930,2025Q3,-3,2025-10-28,-0.0084686462370378,-0.008051502549474,0.00045335188758132035,0.27283478771894387
138930,2025Q3,-2,2025-10-29,-0.0121213605323458,0.0174853289514338,-0.02044656594704921,0.36109815817520285
138930,2025Q3,-1,2025-10-30,-0.0086455869928538,0.0014054758114241,-0.006110694122525136,0.5105694888419148
138930,2025Q3,0,2025-10-31,-0.0007238509183231,0.0050303076011459,-0.0006371165703591314,0.42654992616796683
138930,2025Q3,1,2025-11-03,0.0264395536827812,0.027463614685768,0.011375159617071404,0.3811017151044904
138930,2025Q3,2,2025-11-04,0.0174768516817973,-0.0240027244496676,0.037172072428171915,0.3229333567536248
138930,2025Q3,3,2025-11-05,0.0013850417726626,-0.0288767296183163,0.024372094522252093,0.17044794300500143
139130,2025Q3,-5,2025-10-23,0.0190621607684562,-0.0098638888613713,0.029177811546039264,0.736983450991973
139130,2025Q3,-4,2025-10-24,-0.0161057654148528,0.02466496621944,-0.028510359583204675,-0.1951474964280404
139130,2025Q3,-3,2025-10-27,0.0036832454162958,0.0253607436128877,-0.00917514536047574,0.04245148506379515
139130,2025Q3,-2,2025-10-28,0.00146950797936,-0.008051502549474,0.010403092812820022,0.1111702170701303
139130,2025Q3,-1,2025-10-29,-0.005891033237237,0.0174853289514338,-0.013612958677649584,-0.2438752593557414
139130,2025Q3,0,2025-10-30,-0.0007388253014326,0.0014054758114241,0.002026774273396965,-0.07540084022437021
139130,2025Q3,1,2025-10-31,-0.0224224640558325,0.0050303076011459,-0.02202103495816747,0.3876919744558798
139130,2025Q3,2,2025-11-03,0.0090294067193941,0.027463614685768,-0.005200508584911025,0.16237853111569045
139130,2025Q3,3,2025-11-04,0.0044843124473281,-0.0240027244496676,0.023821527043159065,0.24753197388321269
323410,2025Q3,-5,2025-10-29,0.002129926257826,0.0174853289514338,-0.00581898230608074,0.37422731089863426
323410,2025Q3,-4,2025-10-30,-0.0302398851897187,0.0014054758114241,-0.025044846552401166,0.21926977010699922
323410,2025Q3,-3,2025-10-31,0.0152342445718485,0.0050303076011459,0.01746628365670906,-0.08380890595703683
323410,2025Q3,-2,2025-11-03,-0.0130436631920289,0.027463614685768,-0.02914899331705563,0.14335986231499298
323410,2025Q3,-1,2025-11-04,0.0087146521024426,-0.0240027244496676,0.03467878855440104,0.053943961149307995
323410,2025Q3,0,2025-11-05,-0.0286048105816636,-0.0288767296183163,0.0013434211252328493,0.8530535758467988
323410,2025Q3,1,2025-11-06,-0.0294472013263007,0.0054863507699263,-0.027587939733854788,1.0844663577347404
323410,2025Q3,2,2025-11-07,-0.009237940984935,-0.018218054968127,0.011997707614561795,0.37210278937243224
323410,2025Q3,3,2025-11-10,0.0069364439966559,0.0297717218094923,-0.01105557239999579,0.5707900856041803
003540,2025Q3,-5,2025-10-31,0.0086281812233384,0.0050303076011459,0.0052957181259636835,0.3101976427980624
003540,2025Q3,-4,2025-11-03,0.027120306219194,0.027463614685768,0.0012061441573221893,0.6900314698062999
003540,2025Q3,-3,2025-11-04,-0.0549966757474482,-0.0240027244496676,-0.029104059041609842,0.8607502345847529
003540,2025Q3,-2,2025-11-05,-0.0178257839526008,-0.0288767296183163,0.012973078500003784,0.37834671984632706
003540,2025Q3,-1,2025-11-06,0.0266209154054273,0.0054863507699263,0.022829392504102694,0.2773492056018121
003540,2025Q3,0,2025-11-07,-0.0266209154054273,-0.018218054968127,-0.006551232623174724,0.23716443773203189
003540,2025Q3,1,2025-11-10,0.0353393664453083,0.0297717218094923,0.0071018295885770175,0.5244912805025024
003540,2025Q3,2,2025-11-11,-0.0210534091978313,0.0081055811737087,-0.02748148819290354,0.39056020879392506
003540,2025Q3,3,2025-11-12,0.0668629452291256,0.0106580083398721,0.057865555268100555,1.3343943499066064
006800,2025Q3,-5,2025-10-30,-0.0058059274280832,0.0014054758114241,-0.006404606791257088,0.480842146794787
006800,2025Q3,-4,2025-10-31,0.0230623451621703,0.0050303076011459,0.01632034912469461,0.4804538719892939
006800,2025Q3,-3,2025-11-03,0.0446244253972896,0.027463614685768,-0.00013724092211902378,0.4366712749875017
006800,2025Q3,-2,2025-11-04,-0.0696426466328201,-0.0240027244496676,-0.027179846351460264,0.4829318422212445
006800,2025Q3,-1,2025-11-05,-0.0357138110692822,-0.0288767296183163,0.015009388303725078,0.9633459890375988
006800,2025Q3,0,2025-11-06,-0.0454944606879621,0.0054863507699263,-0.0530093526184042,1.9213477191677342
006800,2025Q3,1,2025-11-07,-0.0235042078836364,-0.018218054968127,0.009154811548626289,0.9530829127410954
006800,2025Q3,2,2025-11-10,0.0340232833965092,0.0297717218094923,-0.014650132157569024,1.0132091702530364
006800,2025Q3,3,2025-11-11,-0.0405663819854442,0.0081055811737087,-0.052520310744855844,0.8195986091445313
016360,2025Q3,-5,2025-11-05,-0.0175561565183013,-0.0288767296183163,0.012616844194119663,0.6723049531095597
016360,2025Q3,-4,2025-11-06,0.0321743570278556,0.0054863507699263,0.029663460468373704,0.6215263535695712
016360,2025Q3,-3,2025-11-07,-0.0308128864295351,-0.018218054968127,-0.010777714555084576,0.17051042282375128
016360,2025Q3,-2,2025-11-10,0.064538521137571,0.0297717218094923,0.03892898023947503,0.6985670757447533
016360,2025Q3,-1,2025-11-11,-0.0271509890659498,0.0081055811737087,-0.03215312495792062,0.4785252186033464
016360,2025Q3,0,2025-11-12,0.0877756108823852,0.0106580083398721,0.0803457744946974,1.4967770948141101
016360,2025Q3,1,2025-11-13,-0.0132932471106634,0.0048647367658798,-0.015212905398678127,0.7320746782041088
016360,2025Q3,2,2025-11-14,-0.0221411258772121,-0.0388843725062084,0.017550485168922395,0.2779799473740123
016360,2025Q3,3,2025-11-17,0.0,0.019178876224883,-0.015534324328659466,0.02621655046195137
071050,2025Q3,-5,2025-11-05,-0.0239707472590886,-0.0288767296183163,0.027320191675353184,0.3589426464235004
071050,2025Q3,-4,2025-11-06,0.0117648415795859,0.0054863507699263,0.006211511814728652,0.24810975844009597
071050,2025Q3,-3,2025-11-07,-0.047913355695897,-0.018218054968127,-0.014254263468686745,0.10990082787351163
071050,2025Q3,-2,2025-11-10,0.0514159862470986,0.0297717218094923,0.005689187129720788,0.30397013942384987
071050,2025Q3,-1,2025-11-11,-0.0105449131766146,0.0081055811737087,-0.020431039511971467,0.2240143381600017
071050,2025Q3,0,2025-11-12,0.0386996024961039,0.0106580083398721,0.02459118717997144,0.932831233948809
071050,2025Q3,1,2025-11-13,0.0028288562004785,0.0048647367658798,-0.0016961841015587504,0.378672872550748
071050,2025Q3,2,2025-11-14,-0.0421175603336489,-0.0388843725062084,0.02572827225231225,0.16473365188580402
071050,2025Q3,3,2025-11-17,-0.0268753111533026,0.019178876224883,-0.055079159653373747,0.3654537721739963
138040,2025Q3,-5,2025-11-10,0.0257083567102078,0.0297717218094923,0.017983849751244015,0.2743066441276323
138040,2025Q3,-4,2025-11-11,-0.0084962278290863,0.0081055811737087,-0.01002221048661883,-0.009601878928243934
138040,2025Q3,-3,2025-11-12,0.029426250960574,0.0106580083398721,0.027170037567302272,0.1914630645655464
138040,2025Q3,-2,2025-11-13,0.0049586878465177,0.0048647367658798,0.0043598870603105645,0.16788426306889193
138040,2025Q3,-1,2025-11-14,0.0049342205372209,-0.0388843725062084,0.01685171979483107,0.3383870037256962
138040,2025Q3,0,2025-11-17,-0.0945721421309038,0.019178876224883,-0.09926611347758295,1.3734261727065107
138040,2025Q3,1,2025-11-18,-0.0274240220922319,-0.033729934595831,-0.01698116980496977,0.594666219125207
138040,2025Q3,2,2025-11-19,0.0073869218630751,-0.0061169059015764,0.009929888689667349,-0.11860147427386813
138040,2025Q3,3,2025-11-20,0.0127972496014692,0.018991412360819,0.008156910294596982,0.07382889401784709
016360,2025Q4,-5,2026-01-19,-0.0011968882338475,0.0131181554279731,-0.009393948491547321,0.16446051677738538
016360,2025Q4,-4,2026-01-20,-0.0084185704655954,-0.003863000520754,-0.0040390682653011975,0.019808070458841698
016360,2025Q4,-3,2026-01-21,-0.0145987994211527,0.0049369159587815,-0.016736680346257866,-0.22528861703502123
016360,2025Q4,-2,2026-01-22,0.0266037455179759,0.0086387928514799,0.021724185163425523,0.32761734152604305
016360,2025Q4,-1,2026-01-23,0.0270764039456476,0.007551388756628,0.02300219545037442,0.6364476463858146
016360,2025Q4,0,2026-01-26,-0.0342620636065209,-0.0081451891958916,-0.026711092191033507,0.3450396922259795
016360,2025Q4,1,2026-01-27,0.0296054777765704,0.0269608364466478,0.011156268434137594,0.2743802828983064
016360,2025Q4,2,2026-01-28,0.0298872820061806,0.0167638109484506,0.01899018092133951,0.6061926017693597
016360,2025Q4,3,2026-01-29,0.0377822716525049,0.0097074761351034,0.03211122442245047,0.7255577151853441
005940,2025Q4,-5,2026-01-23,0.0491027130077306,0.007551388756628,0.0444750801771169,0.931814422791085
005940,2025Q4,-4,2026-01-26,-0.0083682496705161,-0.0081451891958916,-0.0017729695049689626,-0.10949417289781671
005940,2025Q4,-3,2026-01-27,0.0330608622608874,0.0269608364466478,0.01455564774415458,0.05437107726755919
005940,2025Q4,-2,2026-01-28,0.0121213605323458,0.0167638109484506,0.0009069281422695065,0.24572483097865216
005940,2025Q4,-1,2026-01-29,0.0451499647287132,0.0097074761351034,0.038980748685889494,0.6669653618239337
005940,2025Q4,0,2026-01-30,0.0376692370931159,0.0005954393116027,0.038015045968290126,0.7921827201721783
005940,2025Q4,1,2026-02-02,-0.0728291087467436,-0.0540113842331209,-0.03343990891763433,0.42065528606095803
005940,2025Q4,2,2026-02-03,0.0728291087467436,0.0661343538940535,0.026315179247949863,0.4154588493299709
005940,2025Q4,3,2026-02-04,0.0018467225931644,0.0155775016368089,-0.008519509238079061,0.45112515674688325
086790,2025Q4,-5,2026-01-23,0.0059523985272953,0.007551388756628,0.0024296090097498616,-0.03691963042262003
086790,2025Q4,-4,2026-01-26,0.0009886308269404,-0.0081451891958916,0.0022521406255525834,-0.2820405339792469
086790,2025Q4,-3,2026-01-27,0.0368615933041578,0.0269608364466478,0.02742035286777201,0.10520180559832504
086790,2025Q4,-2,2026-01-28,-0.0221482332230102,0.0167638109484506,-0.028480132482198273,0.11736904943935755
086790,2025Q4,-1,2026-01-29,0.0087252128908694,0.0097074761351034,0.004544975643227073,0.11657360489545177
086790,2025Q4,0,2026-01-30,-0.0343676435042077,0.0005954393116027,-0.03576938114836647,0.427318317075672
086790,2025Q4,1,2026-02-02,0.0314676898044172,-0.0540113842331209,0.04671700839558879,0.713839768441801
086790,2025Q4,2,2026-02-03,0.0646595205932225,0.0661343538940535,0.04327324472700215,0.39555232824292297
086790,2025Q4,3,2026-02-04,0.0206563249256603,0.0155775016368089,0.014686162566339032,0.30400086952255556
039490,2025Q4,-5,2026-01-28,0.0114577956213803,0.0167638109484506,-0.009413214054466832,0.5357824677304048
039490,2025Q4,-4,2026-01-29,0.0755535813682488,0.0097074761351034,0.06352775101154906,0.9499191334973158
039490,2025Q4,-3,2026-01-30,0.0402584554802629,0.0005954393116027,0.03965464544976506,0.7368910502738988
039490,2025Q4,-2,2026-02-02,-0.0616115799508314,-0.0540113842331209,0.006234755749922369,0.5183491411500452
039490,2025Q4,-1,2026-02-03,0.0872111971521487,0.0661343538940535,0.004453766694295244,0.5735794766630544
039490,2025Q4,0,2026-02-04,-0.0244728565187255,0.0155775016368089,-0.04385681677486579,0.522114524872455
039490,2025Q4,1,2026-02-05,-0.0320393537446168,-0.0394045807477034,0.01749722207007249,0.5281120299363611
039490,2025Q4,2,2026-02-06,-0.0598981415810691,-0.014519282281423,-0.04155551179745558,0.41907140075066707
039490,2025Q4,3,2026-02-09,0.0908107346430942,0.040228063803795,0.04052707242378203,0.5107925651734799
323410,2025Q4,-5,2026-01-28,0.0042643987864572,0.0167638109484506,-0.002121255290913647,0.9356049302108289
323410,2025Q4,-4,2026-01-29,0.0042462908814506,0.0097074761351034,0.0010615963243495465,0.6496943484013755
323410,2025Q4,-3,2026-01-30,-0.0301098014713705,0.0005954393116027,-0.029161010048744083,0.6250863702117151
323410,2025Q4,-2,2026-02-02,-0.0355593020364874,-0.0540113842331209,-0.009839260904089705,0.623427736617316
323410,2025Q4,-1,2026-02-03,0.0442550090040416,0.0661343538940535,0.015473434998991929,0.34862627223728815
323410,2025Q4,0,2026-02-04,0.0790432073404527,0.0155775016368089,0.07319569780774,2.399779147203075
323410,2025Q4,1,2026-02-05,0.0713899960866726,-0.0394045807477034,0.09048396463122799,3.3036811149207157
323410,2025Q4,2,2026-02-06,-0.0321692829333919,-0.014519282281423,-0.024364012437818397,1.7211670841509203
323410,2025Q4,3,2026-02-09,0.0228146777661724,0.040228063803795,0.005784953424269341,1.3035484454754016
024110,2025Q4,-5,2026-01-29,0.0114286958236231,0.0097074761351034,0.008152032798836526,0.26718853204515547
024110,2025Q4,-4,2026-01-30,0.0067950431328291,0.0005954393116027,0.0055528525468062535,0.5134110621176067
024110,2025Q4,-3,2026-02-02,-0.0159275266961014,-0.0540113842331209,-0.00497748412700263,0.4403038203481664
024110,2025Q4,-2,2026-02-03,0.02267670867103,0.0661343538940535,0.006801443398500317,0.23885643295696646
024110,2025Q4,-1,2026-02-04,0.0243644388741408,0.0155775016368089,0.019777157232530863,0.38223825237149534
024110,2025Q4,0,2026-02-05,0.0065430985889349,-0.0394045807477034,0.014231835295783766,0.011927075747605542
024110,2025Q4,1,2026-02-06,0.0,-0.014519282281423,0.002132519711601247,0.5041288644961242
024110,2025Q4,2,2026-02-09,0.0215062052209642,0.040228063803795,0.01141511687837367,0.561636325247644
024110,2025Q4,3,2026-02-10,0.0272839589484679,0.0006886783898707,0.02602095058716316,0.16421558721356533
029780,2025Q4,-5,2026-01-29,0.0140847398817385,0.0097074761351034,0.011255741900626153,0.5789549597564925
029780,2025Q4,-4,2026-01-30,-0.0070175726586469,0.0005954393116027,-0.008805254704306032,0.4103173625927692
029780,2025Q4,-3,2026-02-02,-0.0340229772116202,-0.0540113842331209,-0.029570237204226597,0.2613007034297734
029780,2025Q4,-2,2026-02-03,0.0287272896369099,0.0661343538940535,0.01944987533171917,-0.015043772770280128
029780,2025Q4,-1,2026-02-04,0.0123132602333573,0.0155775016368089,0.008813440654961906,0.25529317025750764
029780,2025Q4,0,2026-02-05,0.0173314563516395,-0.0394045807477034,0.020114943092170736,0.44180819646197733
029780,2025Q4,1,2026-02-06,0.0119557359201483,-0.014519282281423,0.011895351597229238,0.3821913324461601
029780,2025Q4,2,2026-02-09,0.0067682153461401,0.040228063803795,0.00045135017194990277,0.1896038508846445
029780,2025Q4,3,2026-02-10,0.0216855870715875,0.0006886783898707,0.01988724974216601,0.6859981856366737
055550,2025Q4,-5,2026-01-29,0.0153940280912916,0.0097074761351034,0.010858321121877457,0.2369677649945956
055550,2025Q4,-4,2026-01-30,-0.009445170571519,0.0005954393116027,-0.010403930673896104,0.41165849812390576
055550,2025Q4,-3,2026-02-02,-0.0215835716671737,-0.0540113842331209,-0.0011063224358986053,0.3755329947081485
055550,2025Q4,-2,2026-02-03,0.064538521137571,0.0661343538940535,0.0378523391946573,0.30208388928358687
055550,2025Q4,-1,2026-02-04,0.0258006459447326,0.0155775016368089,0.018960649634256907,0.5229733191146799
055550,2025Q4,0,2026-02-05,0.0066225407604942,-0.0394045807477034,0.021365862333593187,0.1372956026791563
055550,2025Q4,1,2026-02-06,0.0292703823001136,-0.014519282281423,0.03424493404617782,0.8486798787589329
055550,2025Q4,2,2026-02-09,-0.0021390382487496,0.040228063803795,-0.01865565821887681,0.6018592197715211
055550,2025Q4,3,2026-02-10,0.0470552043016674,0.0006886783898707,0.0460598430270874,0.3165760166058025
105560,2025Q4,-5,2026-01-30,-0.0190481949706953,0.0005954393116027,-0.020298709274825612,0.47734942444874306
105560,2025Q4,-4,2026-02-02,-0.0111566795009654,-0.0540113842331209,0.01233839424324797,0.45863388446705855
105560,2025Q4,-3,2026-02-03,0.0374355639648058,0.0661343538940535,0.006485483267390582,0.0343532558734001
105560,2025Q4,-2,2026-02-04,0.0234969870303505,0.0155775016368089,0.01545721236738385,0.47277426150627555
105560,2025Q4,-1,2026-02-05,-0.0184664338416347,-0.0394045807477034,-0.0015905684360498773,0.1511285861326872
105560,2025Q4,0,2026-02-06,0.0678931032837244,-0.014519282281423,0.07349196511479614,1.484280374832574
105560,2025Q4,1,2026-02-09,0.0139676364582044,0.040228063803795,-0.005242768850302972,0.6270189496801652
105560,2025Q4,2,2026-02-10,0.0267203906159405,0.0006886783898707,0.02542762415958717,0.7445487453858153
105560,2025Q4,3,2026-02-11,0.0562648385861379,0.0099098784375808,0.050793399889215295,0.8972575888053207
175330,2025Q4,-5,2026-01-30,0.0,0.0005954393116027,-0.0009455876892747015,0.10028272517389425
175330,2025Q4,-4,2026-02-02,0.0059464991877273,-0.0540113842331209,0.02118764629772766,0.2191744439222152
175330,2025Q4,-3,2026-02-03,0.0463403372587016,0.0661343538940535,0.02596748827652977,0.38073672626837407
175330,2025Q4,-2,2026-02-04,0.0568438989765294,0.0155775016368089,0.051457278942538584,0.5000270791518169
175330,2025Q4,-1,2026-02-05,0.0124005131984539,-0.0394045807477034,0.023311863427118808,0.35801152144265913
175330,2025Q4,0,2026-02-06,0.0,-0.014519282281423,0.0035347679532908407,1.1122985686851514
175330,2025Q4,1,2026-02-09,0.0396945986849477,0.040228063803795,0.027000977683884486,0.6549135065583194
175330,2025Q4,2,2026-02-10,0.0084246496592506,0.0006886783898707,0.007451423734772254,-0.020853719309869234
175330,2025Q4,3,2026-02-11,0.0680976162794397,0.0099098784375808,0.06439101181333826,0.8505937264748429
138930,2025Q4,-5,2026-01-30,-0.0060024189820993,0.0005954393116027,-0.008125828001793003,0.29600811505866
138930,2025Q4,-4,2026-02-02,-0.0084643794356544,-0.0540113842331209,0.0007735093618699024,0.03342193563489637
138930,2025Q4,-3,2026-02-03,0.0606603367399198,0.0661343538940535,0.04490113865846912,0.171897248518194
138930,2025Q4,-2,2026-02-04,0.0181205411131948,0.0155775016368089,0.012880018499567535,0.2573121202012896
138930,2025Q4,-1,2026-02-05,-0.0005613247410938,-0.0394045807477034,0.005637525456804039,0.16464965420944822
138930,2025Q4,0,2026-02-06,0.038010634782708,-0.014519282281423,0.03903193996346688,0.49252736701839694
138930,2025Q4,1,2026-02-09,0.0500763379801778,0.040228063803795,0.0397071087331826,0.4855799982139537
138930,2025Q4,2,2026-02-10,0.0127715656794862,0.0006886783898707,0.010628757675056862,0.07123126168404781
138930,2025Q4,3,2026-02-11,0.0275361578086066,0.0099098784375808,0.023474820338928733,0.35816328794546237
139130,2025Q4,-5,2026-02-02,-0.0084224663746965,-0.0540113842331209,0.009267604078672945,0.36223109816816823
139130,2025Q4,-4,2026-02-03,0.0401711646892763,0.0661343538940535,0.01618904929864481,0.8228225238217348
139130,2025Q4,-3,2026-02-04,0.0434186203675217,0.0155775016368089,0.036971996254338016,0.41370610611507885
139130,2025Q4,-2,2026-02-05,0.0011961723914293,-0.0394045807477034,0.013819917239584086,0.5690684467845077
139130,2025Q4,-1,2026-02-06,0.0449973659307367,-0.014519282281423,0.04898972028069024,0.9079383370592602
139130,2025Q4,0,2026-02-09,0.0209224482418672,0.040228063803795,0.00592585120584538,0.2361644037549393
139130,2025Q4,1,2026-02-10,0.0351877974140695,0.0006886783898707,0.033905316607310415,0.26407127195856894
139130,2025Q4,2,2026-02-11,0.0541525200292305,0.0099098784375808,0.049671693878867655,0.8246015733415142
139130,2025Q4,3,2026-02-12,0.0356911469379124,0.0308535061365073,0.023946086871957754,0.5994576718035969
316140,2025Q4,-5,2026-02-02,-0.0049710127220201,-0.0540113842331209,0.01455541306331399,0.4866040517616703
316140,2025Q4,-4,2026-02-03,0.0390929257912766,0.0661343538940535,0.013244680151085143,0.034421553626753365
316140,2025Q4,-3,2026-02-04,0.0236790858205715,0.0155775016368089,0.01692432277277222,0.24203454718590933
316140,2025Q4,-2,2026-02-05,-0.0046911735758801,-0.0394045807477034,0.009318794288770294,0.02614340004978466
316140,2025Q4,-1,2026-02-06,0.0170944333593006,-0.014519282281423,0.021706129934141373,0.49004221905805245
316140,2025Q4,0,2026-02-09,0.0627071070635807,0.040228063803795,0.046642724080719386,0.5559233211935659
316140,2025Q4,1,2026-02-10,0.0299380876443056,0.0006886783898707,0.028806291114282005,0.5698339074920398
316140,2025Q4,2,2026-02-11,0.0612853420254726,0.0099098784375808,0.056671033932109156,0.8306407103696252
316140,2025Q4,3,2026-02-12,0.0337694425533534,0.0308535061365073,0.02124548872381394,0.8377736765428558
003540,2025Q4,-5,2026-02-03,0.0799120996932032,0.0661343538940535,0.027989589114603274,0.5536107148682774
003540,2025Q4,-4,2026-02-04,-0.0062893289075631,0.0155775016368089,-0.017055929825490555,0.2416880383384612
003540,2025Q4,-3,2026-02-05,-0.0353166719248996,-0.0394045807477034,-0.0013249954868948949,0.1312162884426744
003540,2025Q4,-2,2026-02-06,-0.0198026272961797,-0.014519282281423,-0.006068879305655549,-0.15386526396418354
003540,2025Q4,-1,2026-02-09,0.0424207158839511,0.040228063803795,0.01158727408623184,0.12193298174822509
003540,2025Q4,0,2026-02-10,0.1259145989352639,0.0006886783898707,0.12726827523291215,1.29189569894565
003540,2025Q4,1,2026-02-11,-0.0199153097009414,0.0099098784375808,-0.026068170285683097,0.4058122862759852
003540,2025Q4,2,2026-02-12,0.036675478558406,0.0308535061365073,0.01347341472900894,0.35287331943391465
003540,2025Q4,3,2026-02-13,0.1369880154924327,-0.0027672275872081,0.14115497916534572,2.48126625690446
006800,2025Q4,-5,2026-02-02,-0.065232602749008,-0.0540113842331209,-0.0009576679204724853,0.27795926209579136
006800,2025Q4,-4,2026-02-03,0.2208890872504305,0.0661343538940535,0.1342858337511057,1.375893522960629
006800,2025Q4,-3,2026-02-04,0.0247053632699589,0.0155775016368089,0.0015910557377244484,0.45453749728956616
006800,2025Q4,-2,2026-02-05,-0.031747432747311,-0.0394045807477034,0.014184379124935455,-0.015708981006502754
006800,2025Q4,-1,2026-02-06,-0.0327884728863381,-0.014519282281423,-0.018107446993833747,0.4764174123219185
006800,2025Q4,0,2026-02-09,0.1066172582673594,0.040228063803795,0.05254694497917092,0.9795463871611023
006800,2025Q4,1,2026-02-10,-0.0285014141732808,0.0006886783898707,-0.03291844028006884,0.015332389555640091
006800,2025Q4,2,2026-02-11,-0.011620229437856,0.0099098784375808,-0.027617174891717427,-0.31365658403947805
006800,2025Q4,3,2026-02-12,0.0401216436111369,0.0308535061365073,-0.0021761648902545866,0.12163403797099193
138040,2025Q4,-5,2026-02-03,0.0185659341225346,0.0661343538940535,0.011039668341844716,0.06647937944213034
138040,2025Q4,-4,2026-02-04,0.0141139744334726,0.0155775016368089,0.012258452587921348,0.242887533155427
138040,2025Q4,-3,2026-02-05,0.0228208762605568,-0.0394045807477034,0.02713245731604875,0.5577428615488778
138040,2025Q4,-2,2026-02-06,-0.0121606687084501,-0.014519282281423,-0.010640364187219687,0.13216090703477335
138040,2025Q4,-1,2026-02-09,-0.0147907380013965,0.040228063803795,-0.019411207023542657,0.1545183316548595
138040,2025Q4,0,2026-02-10,0.010704095615944,0.0006886783898707,0.010518588819971458,0.2845647025400666
138040,2025Q4,1,2026-02-11,0.0718824953933303,0.0099098784375808,0.0706626863829085,0.9650239503249285
138040,2025Q4,2,2026-02-12,0.0285519019284414,0.0308535061365073,0.024982936583104184,0.423928696089952
138040,2025Q4,3,2026-02-13,0.0095835602640566,-0.0027672275872081,0.009785687527265833,0.5540451616983759
071050,2025Q4,-5,2026-02-04,-0.025493848826219,0.0155775016368089,-0.04265511510241864,0.22646762303227064
071050,2025Q4,-4,2026-02-05,-0.0070671672230933,-0.0394045807477034,0.04092440368700323,-0.27100282479255
071050,2025Q4,-3,2026-02-06,-0.0287789645500424,-0.014519282281423,-0.010276051198733867,-0.013869514859569776
071050,2025Q4,-2,2026-02-09,0.0839653801173341,0.040228063803795,0.037593614824663585,0.1305280132517712
071050,2025Q4,-1,2026-02-10,0.0522994994028493,0.0006886783898707,0.05278123671678933,0.22984744633395948
071050,2025Q4,0,2026-02-11,-0.0389659685333843,0.0099098784375808,-0.04941119722937401,0.3864468166463606
071050,2025Q4,1,2026-02-12,0.0846170485596555,0.0308535061365073,0.04935397546090574,1.045359955662267
071050,2025Q4,2,2026-02-13,0.0436577266210473,-0.0027672275872081,0.04823465403493865,0.7241853473258928
071050,2025Q4,3,2026-02-19,0.0961924030640144,0.0304451769726288,0.06141319311447279,0.7348872109414692
005940,2026Q1,-5,2026-04-17,0.0028368813352006,-0.0054968677653057,0.0061236857639680896,-0.6116629861646654
005940,2026Q1,-4,2026-04-20,-0.0042583456825777,0.0043783649827382,-0.011808132996280337,-0.6813738748098466
005940,2026Q1,-3,2026-04-21,0.0225044659103819,0.0268712680573113,-0.009727920177550278,-0.6009030541859381
005940,2026Q1,-2,2026-04-22,-0.0097834463090702,0.0046008264625942,-0.01757735184227533,-0.43725253711186873
005940,2026Q1,-1,2026-04-23,-0.0184271691781656,0.008978042142159,-0.031024414591899474,-0.15708306316420462
005940,2026Q1,0,2026-04-24,0.0042826617920006,-2.782328174610882e-05,0.00156800743981094,-0.33354335588285444
005940,2026Q1,1,2026-04-27,0.0042643987864572,0.0212984181727762,-0.02185261761029064,-0.39817113077534394
005940,2026Q1,2,2026-04-28,-0.0056899157776779,0.0039212688637775,-0.012738108429803996,-0.48550059927511846
005940,2026Q1,3,2026-04-29,-0.0129219314169208,0.0074828105548174,-0.023878383678141275,-0.6290705331149997
055550,2026Q1,-5,2026-04-16,0.0010015023370897,0.0218657503111128,-0.012638391680052256,-0.4220163798255161
055550,2026Q1,-4,2026-04-17,-0.0030075210639548,-0.0054968677653057,-0.0016112817018482431,-0.8409297697370874
055550,2026Q1,-3,2026-04-20,0.0040080213975386,0.0043783649827382,-2.2314882203884438e-05,-0.8662955423441616
055550,2026Q1,-2,2026-04-21,-0.0020020026706735,0.0268712680573113,-0.018392497242698005,-0.9866357136431194
055550,2026Q1,-1,2026-04-22,-0.012096921708828,0.0046008264625942,-0.016249503618484915,-0.35065533767512136
055550,2026Q1,0,2026-04-23,0.0130984240459177,0.008978042142159,0.0065405021719393205,-0.27290052256802433
055550,2026Q1,1,2026-04-24,0.0010005003335837,-2.782328174610882e-05,-0.0006085751496284057,-0.3879304512119113
055550,2026Q1,2,2026-04-27,-0.0030045090202985,0.0212984181727762,-0.016332646257495663,-0.2307705734707053
055550,2026Q1,3,2026-04-28,0.0020040086867147,0.0039212688637775,-0.0017751470154735794,-0.357603044554347
105560,2026Q1,-5,2026-04-16,0.0255864191869932,0.0218657503111128,0.011499709775197422,-0.032239945183370367
105560,2026Q1,-4,2026-04-17,0.0,-0.0054968677653057,0.002477251369195855,-0.49919677164776033
105560,2026Q1,-3,2026-04-20,-0.0086634205222075,0.0043783649827382,-0.012164141271210852,-0.518259269322833
105560,2026Q1,-2,2026-04-21,-0.0031123585659234,0.0268712680573113,-0.02022915813228826,-0.7486929604236696
105560,2026Q1,-1,2026-04-22,-0.0188803594491115,0.0046008264625942,-0.022515747254363824,-0.14499955264384035
105560,2026Q1,0,2026-04-23,0.0038046970436642,0.008978042142159,-0.0024804382617638464,-0.024435455853437205
105560,2026Q1,1,2026-04-24,-0.0038046970436642,-2.782328174610882e-05,-0.004638131738286582,-0.15763610472455092
105560,2026Q1,2,2026-04-27,0.0,0.0212984181727762,-0.013743274903337604,-0.35026791022356285
105560,2026Q1,3,2026-04-28,0.0088552128297312,0.0039212688637775,0.005631195215145149,-0.06650060136598057
175330,2026Q1,-5,2026-04-17,-0.0016116038943412,-0.0054968677653057,-0.00043526361710878874,-0.32465562429929484
175330,2026Q1,-4,2026-04-20,0.0096308930609598,0.0043783649827382,0.005199348072093381,-0.7632866938562461
175330,2026Q1,-3,2026-04-21,-0.0112450984155021,0.0268712680573113,-0.02844977219656565,-0.5924825807891558
175330,2026Q1,-2,2026-04-22,-0.0295103381493877,0.0046008264625942,-0.03406821316884566,-0.3024099743776052
175330,2026Q1,-1,2026-04-23,0.0,0.008978042142159,-0.007043580819235746,-0.3289363516808237
175330,2026Q1,0,2026-04-24,-0.0459655382156416,-2.782328174610882e-05,-0.04789492463483243,-0.04659941193016337
175330,2026Q1,1,2026-04-27,-0.0427111180930488,0.0212984181727762,-0.056751116817328966,0.5226393093428747
175330,2026Q1,2,2026-04-28,-0.0072993024816128,0.0039212688637775,-0.011471274591934314,-0.5300549410416266
175330,2026Q1,3,2026-04-29,-0.0073529743052578,0.0074828105548174,-0.013547452384133381,-0.3629691667491066
024110,2026Q1,-5,2026-04-20,0.0022148403295538,0.0043783649827382,0.00018028879770357054,-0.6391531437390352
024110,2026Q1,-4,2026-04-21,-0.0022148403295538,0.0268712680573113,-0.017117913571396227,-0.2941203210609338
024110,2026Q1,-3,2026-04-22,-0.0089087448891085,0.0046008264625942,-0.011070569915788309,-0.0896314042377977
024110,2026Q1,-2,2026-04-23,-0.0022396425935049,0.008978042142159,-0.006905737292047284,-0.18248868034165966
024110,2026Q1,-1,2026-04-24,0.0022396425935049,-2.782328174610882e-05,0.002725936376812163,-0.6076190877381951
024110,2026Q1,0,2026-04-27,-0.0067340321813453,0.0212984181727762,-0.01844879578223541,-0.5260512008208451
024110,2026Q1,1,2026-04-28,0.0134230203321408,0.0039212688637775,0.011649980233959103,-0.052947387418868175
024110,2026Q1,2,2026-04-29,0.002219756738313,0.0074828105548174,-0.0015908939084154248,-0.40076710484212974
024110,2026Q1,3,2026-04-30,0.0022148403295538,-0.0138499396330793,0.0106089708094163,-0.02590355490288765
029780,2026Q1,-5,2026-04-17,-0.0054995555660379,-0.0054968677653057,-0.0025834973422397037,0.08505645031078402
029780,2026Q1,-4,2026-04-20,0.0,0.0043783649827382,-0.0006556835375854134,-0.2336322443597041
029780,2026Q1,-3,2026-04-21,-0.0073801072976227,0.0268712680573113,-0.016171177949210077,-0.41286384390266484
029780,2026Q1,-2,2026-04-22,0.0018501392881606,0.0046008264625942,0.0011139943601276283,-0.12132383114138001
029780,2026Q1,-1,2026-04-23,0.0073665158167628,0.008978042142159,0.005047189566306659,0.15045422957408228
029780,2026Q1,0,2026-04-24,-0.0129272345014594,-2.782328174610882e-05,-0.011989257713834318,-0.2121374443045969
029780,2026Q1,1,2026-04-27,-0.0149815536156161,0.0212984181727762,-0.021756997783214164,0.2716101560986761
029780,2026Q1,2,2026-04-28,0.0112571545246336,0.0039212688637775,0.010766796639487285,0.03106862052646342
029780,2026Q1,3,2026-04-29,-0.0112571545246336,0.0074828105548174,-0.013035675181975416,0.03253935008146058
086790,2026Q1,-5,2026-04-17,0.0081301260832518,-0.0054968677653057,0.009824542426631602,-0.7098827284915945
086790,2026Q1,-4,2026-04-20,-0.0064988043511675,0.0043783649827382,-0.010600083809441881,-0.7260741770038877
086790,2026Q1,-3,2026-04-21,0.0024420036555525,0.0268712680573113,-0.014860182276763226,-0.5444043486942043
086790,2026Q1,-2,2026-04-22,-0.0288679840008523,0.0046008264625942,-0.033099824337814485,-0.15629606811772234
086790,2026Q1,-1,2026-04-23,0.0116473862491819,0.008978042142159,0.004846592735696992,-0.25786797257858574
086790,2026Q1,0,2026-04-24,0.0196566525495516,-2.782328174610882e-05,0.018141330048173046,-0.1615391777399129
086790,2026Q1,1,2026-04-27,0.0056611554347387,0.0212984181727762,-0.008370369086032389,0.14405408879114212
086790,2026Q1,2,2026-04-28,0.0239055208535532,0.0039212688637775,0.02007250748329965,0.10214283319562867
086790,2026Q1,3,2026-04-29,0.000787091736818,0.0074828105548174,-0.005136162213361628,0.11184342597298524
316140,2026Q1,-5,2026-04-20,0.0013995803544233,0.0043783649827382,-0.0032057489470879866,-0.8008063610461971
316140,2026Q1,-4,2026-04-21,0.0013976242666391,0.0268712680573113,-0.01623761935788197,-0.6119839950843922
316140,2026Q1,-3,2026-04-22,-0.0254610641982733,0.0046008264625942,-0.030195263215404815,-0.4336592919234814
316140,2026Q1,-2,2026-04-23,-0.0014336920018482,0.008978042142159,-0.008703568387479953,-0.2205148531400507
316140,2026Q1,-1,2026-04-24,0.0057224762740659,-2.782328174610882e-05,0.0036696078704181218,-0.4892915750506166
316140,2026Q1,0,2026-04-27,-0.0542257375581574,0.0212984181727762,-0.06863268484895296,0.9071498240585534
316140,2026Q1,1,2026-04-28,0.0089955629085789,0.0039212688637775,0.004655024828000363,-0.049579751958226836
316140,2026Q1,2,2026-04-29,0.0,0.0074828105548174,-0.006403703646100276,-0.2174412716280436
316140,2026Q1,3,2026-04-30,-0.0044876664693891,-0.0138499396330793,0.0014664792159598244,0.03769184892352584
139130,2026Q1,-5,2026-04-22,-0.0026378279605516,0.0046008264625942,-0.007428705236833019,0.06488233577172231
139130,2026Q1,-4,2026-04-23,0.011032420803577,0.008978042142159,0.004047863414748061,-0.2929546795822482
139130,2026Q1,-3,2026-04-24,-0.002092050972223,-2.782328174610882e-05,-0.004563239744346217,-0.622470381337207
139130,2026Q1,-2,2026-04-27,-0.00419727793534,0.0212984181727762,-0.01735630006522534,-0.07329430308250195
139130,2026Q1,-1,2026-04-28,0.0135772320651543,0.0039212688637775,0.009126921052677126,-0.638311759024976
139130,2026Q1,0,2026-04-29,-0.0146293100159589,0.0074828105548174,-0.020864518952044872,-0.20759233483913242
139130,2026Q1,1,2026-04-30,0.0052493558861446,-0.0138499396330793,0.009705242216761618,0.2631001435802034
139130,2026Q1,2,2026-05-04,0.0104167608582557,0.049969556631634,-0.017111054323094267,0.16740092318827493
139130,2026Q1,3,2026-05-06,-0.0167193027290579,0.0625233452697493,-0.05053855943135585,0.35280243928438715
039490,2026Q1,-5,2026-04-23,0.0056148378843285,0.008978042142159,-0.0048643506557189825,-0.10514009638585797
039490,2026Q1,-4,2026-04-24,0.0066964535951203,-2.782328174610882e-05,0.006572351217445932,-0.4265259769974481
039490,2026Q1,-3,2026-04-27,0.0077562715713597,0.0212984181727762,-0.016889079724266374,-0.1266138632499363
039490,2026Q1,-2,2026-04-28,-0.0166948785721707,0.0039212688637775,-0.0213597094090447,-0.08227459234278456
039490,2026Q1,-1,2026-04-29,-0.0506437328187541,0.0074828105548174,-0.05940368048734402,0.11943282380196685
039490,2026Q1,0,2026-04-30,-0.0621015088076717,-0.0138499396330793,-0.046332723713978764,0.8346611877777175
039490,2026Q1,1,2026-05-04,0.0597374415127909,0.049969556631634,0.0021255628330520554,0.7186568730699125
039490,2026Q1,2,2026-05-06,0.1369279845335924,0.0625233452697493,0.06488156159930082,1.3715083666105308
039490,2026Q1,3,2026-05-07,-0.0389317972051745,0.0141841050852029,-0.055396999060373354,0.37837208660879007
138930,2026Q1,-5,2026-04-23,0.0053050522296942,0.008978042142159,-0.0002458432476568828,0.3122276563407933
138930,2026Q1,-4,2026-04-24,0.0052770571008426,-2.782328174610882e-05,0.004590063974913587,-0.31254393475355613
138930,2026Q1,-3,2026-04-27,-0.0137787023561646,0.0212984181727762,-0.02598360642958667,-0.18213545855276436
138930,2026Q1,-2,2026-04-28,0.0063830003950364,0.0039212688637775,0.0035631752015074063,-0.4263620484483539
138930,2026Q1,-1,2026-04-29,0.0,0.0074828105548174,-0.004743348385398446,0.042690213603473026
138930,2026Q1,0,2026-04-30,-0.0069167607493145,-0.0138499396330793,-0.00013868293998107843,-0.09708548401202499
138930,2026Q1,1,2026-05-04,-0.0287049223732474,0.049969556631634,-0.056394581237455194,0.26037165602337
138930,2026Q1,2,2026-05-06,-0.0038535693159893,0.0625233452697493,-0.03832329863451527,0.2658393755534938
138930,2026Q1,3,2026-05-07,0.0038535693159893,0.0141841050852029,-0.0045090250485235375,0.04286304293313137
323410,2026Q1,-5,2026-04-27,-0.0139305735359478,0.0212984181727762,-0.026507153690952655,-0.742479300664872
323410,2026Q1,-4,2026-04-28,0.0,0.0039212688637775,-0.0011867329682861904,-0.6091683994777437
323410,2026Q1,-3,2026-04-29,-0.0161619679569984,0.0074828105548174,-0.019683112334701748,-1.0169719228884553
323410,2026Q1,-2,2026-04-30,-0.0081800047119298,-0.0138499396330793,0.002281395480365024,-0.390094499177879
323410,2026Q1,-1,2026-05-04,0.0020512827705569,0.049969556631634,-0.02931778629668483,-0.15251031505960455
323410,2026Q1,0,2026-05-06,0.0242926925690447,0.0625233452697493,-0.015304753412036031,0.746658529915937
323410,2026Q1,1,2026-05-07,-0.044997365930735,0.0141841050852029,-0.05291087175375084,0.42646361765630125
323410,2026Q1,2,2026-05-08,-0.0105153439995238,0.0010608713157118,-0.009827230271933246,-0.05170356191056413
323410,2026Q1,3,2026-05-11,-0.0213683344056985,0.0423346702013933,-0.047733119503108566,-0.1862604466690332
003540,2026Q1,-5,2026-04-30,-0.0169827726291469,-0.0138499396330793,-0.00347921807980108,-0.4282975040760135
003540,2026Q1,-4,2026-05-04,0.0513591683706451,0.049969556631634,0.0034938043127865984,0.5940824412301371
003540,2026Q1,-3,2026-05-06,0.0547915488296819,0.0625233452697493,-0.005145556282806586,0.817875625409771
003540,2026Q1,-2,2026-05-07,-0.0610690333488204,0.0141841050852029,-0.07452305617380792,0.15032639639804124
003540,2026Q1,-1,2026-05-08,-0.0101266688179304,0.0010608713157118,-0.010961371337995544,-0.3291617377988043
003540,2026Q1,0,2026-05-11,-0.0051020518838953,0.0423346702013933,-0.04562569826398901,-0.25631837094037735
003540,2026Q1,1,2026-05-12,-0.0633457119307951,-0.0231611794225266,-0.04088845592318972,0.39421007824565457
003540,2026Q1,2,2026-05-13,-0.0262264859205085,0.0259403442209791,-0.050985325061465435,-0.47021696150337355
003540,2026Q1,3,2026-05-14,0.0,0.0173649538460711,-0.01651273152895263,-0.3445787975440169
016360,2026Q1,-5,2026-05-04,0.2490379372315381,0.049969556631634,0.20115722425894117,2.1983451117899104
016360,2026Q1,-4,2026-05-06,0.0807676080314845,0.0625233452697493,0.020618279519789798,2.233997768567198
016360,2026Q1,-3,2026-05-07,-0.0291842904400443,0.0141841050852029,-0.04209245770773867,1.1263136391784592
016360,2026Q1,-2,2026-05-08,-0.0566723870989118,0.0010608713157118,-0.05675542926781669,0.9532331947815287
016360,2026Q1,-1,2026-05-11,-0.0146845516829205,0.0423346702013933,-0.055103813057320074,0.8638436889200296
016360,2026Q1,0,2026-05-12,-0.0547248996892459,-0.0231611794225266,-0.03113612160990261,1.1338316010280156
016360,2026Q1,1,2026-05-13,-0.0007815553348198,0.0259403442209791,-0.025178905852311712,0.5769653576270493
016360,2026Q1,2,2026-05-14,0.0162857418707851,0.0173649538460711,0.0002689823159287043,0.42418883381839123
016360,2026Q1,3,2026-05-15,-0.0537253993561641,-0.0631218101862387,0.008916259863085703,0.6888432888119684
006800,2026Q1,-5,2026-05-04,0.0814661954583897,0.049969556631634,0.015239849287393997,0.458336585449004
006800,2026Q1,-4,2026-05-06,0.1756612086714177,0.0625233452697493,0.09329966955170256,1.6290370244188672
006800,2026Q1,-3,2026-05-07,-0.0589851550210145,0.0141841050852029,-0.07921700645393392,0.5342771853316766
006800,2026Q1,-2,2026-05-08,0.0075662403833156,0.0010608713157118,0.004201481035967486,0.24510153251295286
006800,2026Q1,-1,2026-05-11,-0.0025157245972469,0.0423346702013933,-0.05892906775818175,-0.01077764406292836
006800,2026Q1,0,2026-05-12,-0.0663874165293769,-0.0231611794225266,-0.038619943724230874,0.6557927472528569
006800,2026Q1,1,2026-05-13,-0.0190223127091009,0.0259403442209791,-0.054364278887071,-0.3492837509062561
006800,2026Q1,2,2026-05-14,-0.0082645098498943,0.0173649538460711,-0.0325846576510891,-0.363517218067793
006800,2026Q1,3,2026-05-15,-0.0337584799249537,-0.0631218101862387,0.045369781747339306,0.09409780511208865
071050,2026Q1,-5,2026-05-08,-0.0275499517682291,0.0010608713157118,-0.02671025096057154,-0.5662368210017039
071050,2026Q1,-4,2026-05-11,-0.0093546051672213,0.0423346702013933,-0.05602072059472831,-0.2637721342339354
071050,2026Q1,-3,2026-05-12,-0.0640373935901248,-0.0231611794225266,-0.03531830386562157,0.2691268657372561
071050,2026Q1,-2,2026-05-13,0.0079840743482204,0.0259403442209791,-0.01981230147809067,-0.26330662099719504
071050,2026Q1,-1,2026-05-14,0.0255165953818234,0.0173649538460711,0.007590426085895583,-0.11770497416562087
071050,2026Q1,0,2026-05-15,0.0,-0.0631218101862387,0.07471345983228465,0.7120457879062894
071050,2026Q1,1,2026-05-18,-0.0702394953758016,0.0030461117406535,-0.07168479060330711,0.24879274744385427
071050,2026Q1,2,2026-05-19,-0.0273989741881148,-0.0330547861198464,0.012707578632956434,0.09233123882333594
071050,2026Q1,3,2026-05-20,-0.0064308903302912,-0.0086612858774834,0.005598936550048767,-0.15282062143149133
138040,2026Q1,-5,2026-05-08,-0.0070922283094922,0.0010608713157118,-0.003613956955225095,-0.20710023954283407
138040,2026Q1,-4,2026-05-11,-0.0035650661644961,0.0423346702013933,-0.02151273200468669,0.1964749185206074
138040,2026Q1,-3,2026-05-12,-0.0410080237273771,-0.0231611794225266,-0.024955670222932498,0.52372003477379
138040,2026Q1,-2,2026-05-13,-0.0093458624182378,0.0259403442209791,-0.018782952341374157,0.07628926826760463
138040,2026Q1,-1,2026-05-14,0.0332440585791538,0.0173649538460711,0.028258600939724588,0.41064406191506286
138040,2026Q1,0,2026-05-15,-0.0398385243044341,-0.0631218101862387,-0.003041921709527509,0.427567440202548
138040,2026Q1,1,2026-05-18,0.004714765923703,0.0030461117406535,0.007162464909807124,0.048606359736163895
138040,2026Q1,2,2026-05-19,0.0232460490739399,-0.0330547861198464,0.044434343573556113,0.4018180089124854
138040,2026Q1,3,2026-05-20,-0.005529968009462,-0.0086612858774834,0.0029952419605841826,0.13641510190794826
005940,2026Q2,-5,2026-07-16,-0.0032206147000408,-0.0657890106420744,0.03820880189662727,-0.7577096425804228
005940,2026Q2,-4,2026-07-20,-0.0495969411393719,-0.0456453295003651,-0.019759633508815475,-0.5248295673881263
005940,2026Q2,-3,2026-07-21,0.0084388686458645,0.0349366546546754,-0.008096437272179308,-0.4257498604432186
005940,2026Q2,-2,2026-07-22,-0.0238106486937184,0.0073455644082294,-0.024468075966812497,-0.27093935551586057
005940,2026Q2,-1,2026-07-23,0.0321788983642346,0.0430723307748639,0.010961744901307802,-0.6456607461666728
005940,2026Q2,0,2026-07-24,-0.0321788983642346,-0.0589501161840093,0.005314931225872038,-0.4210390926653069
005940,2026Q2,1,2026-07-27,0.0068610903799442,0.0096874311199357,0.00485598618944704,-0.9234132590109336
005940,2026Q2,2,2026-07-28,-0.0616935690053388,-0.1146989201753516,0.007882093396345116,0.0044929737290111404
005940,2026Q2,3,2026-07-29,-0.0580143950606295,-0.0616988659583395,-0.018938739056549615,0.0647045202296237
055550,2026Q2,-5,2026-07-15,0.0074836644871734,0.0604912222796905,7.090388822861109e-05,-0.06001848018032696
055550,2026Q2,-4,2026-07-16,0.005576222627436,-0.0657890106420744,0.011822931193060944,0.049459565048840304
055550,2026Q2,-3,2026-07-20,-0.0581947681476666,-0.0456453295003651,-0.054126959517921326,-0.01112902264857496
055550,2026Q2,-2,2026-07-21,0.0280890137600682,0.0349366546546754,0.023440437391794428,-0.24082449168583864
055550,2026Q2,-1,2026-07-22,-0.0019120464716255,0.0073455644082294,-0.003576152208841121,-0.22876015854844844
055550,2026Q2,0,2026-07-23,-0.0067211006730776,0.0430723307748639,-0.012249696142721651,-0.2516550915107789
055550,2026Q2,1,2026-07-24,0.0057637047167506,-0.0589501161840093,0.011270664346153977,-0.2477577765508734
055550,2026Q2,2,2026-07-27,0.0057306747089853,0.0096874311199357,0.0038132541385930358,-0.6955324505509264
055550,2026Q2,3,2026-07-28,-0.0398304227979604,-0.1146989201753516,-0.028293231425532306,-0.10583189846118124
105560,2026Q2,-5,2026-07-15,0.0088496152769828,0.0604912222796905,-0.004783341470517325,0.2235057228415247
105560,2026Q2,-4,2026-07-16,-0.002757101277826,-0.0657890106420744,0.008386192869191457,-0.0853716097944055
105560,2026Q2,-3,2026-07-20,-0.0703347827275102,-0.0456453295003651,-0.06314368985822838,0.25760146519933613
105560,2026Q2,-2,2026-07-21,0.0303407170526721,0.0349366546546754,0.021721580475828034,-0.32490600241160905
105560,2026Q2,-1,2026-07-22,0.006301940077277,0.0073455644082294,0.00309619052532653,-0.5114636765492424
105560,2026Q2,0,2026-07-23,0.0068298501120178,0.0430723307748639,-0.00338551057755186,-0.30400101025060167
105560,2026Q2,1,2026-07-24,-0.027603822797829,-0.0589501161840093,-0.017802323490856878,-0.23152694395727558
105560,2026Q2,2,2026-07-27,0.0063935120433331,0.0096874311199357,0.002728286959319736,-0.5903098695175295
105560,2026Q2,3,2026-07-28,-0.04381991756245,-0.1146989201753516,-0.02308047236481333,-0.08677624825785024
175330,2026Q2,-5,2026-07-16,-0.0180836754332958,-0.0657890106420744,-0.013996543077656957,-0.04879469832054717
175330,2026Q2,-4,2026-07-20,-0.0352868550897156,-0.0456453295003651,-0.031878268994370254,-0.7236478830802344
175330,2026Q2,-3,2026-07-21,-0.0171596202828272,0.0349366546546754,-0.01646546377017691,-0.7953858399465368
175330,2026Q2,-2,2026-07-22,0.0228146777661724,0.0073455644082294,0.024438248866575515,-0.5830836303837863
175330,2026Q2,-1,2026-07-23,-0.0402738991379401,0.0430723307748639,-0.03985379544450777,-0.386394552991284
175330,2026Q2,0,2026-07-24,0.0514889699580791,-0.0589501161840093,0.0553457319942904,-0.2336751194405693
175330,2026Q2,1,2026-07-27,0.0665114806355671,0.0096874311199357,0.06805616521626436,-0.4752769953253111
175330,2026Q2,2,2026-07-28,-0.0517510650524464,-0.1146989201753516,-0.04601638694925398,-0.5081494444598125
175330,2026Q2,3,2026-07-29,-0.0392207131532806,-0.0616988659583395,-0.035271358612912126,0.022506279741605795
086790,2026Q2,-5,2026-07-16,0.0,-0.0657890106420744,0.01653474391481139,0.2086553816971506
086790,2026Q2,-4,2026-07-20,-0.0251678717069268,-0.0456453295003651,-0.014044060268309419,0.3144870303736962
086790,2026Q2,-3,2026-07-21,-0.00601505572976,0.0349366546546754,-0.016536924243742427,0.06678992002543183
086790,2026Q2,-2,2026-07-22,-0.007570058860546,0.0073455644082294,-0.010680495212858195,-0.42586600601420344
086790,2026Q2,-1,2026-07-23,-0.0083937921284675,0.0430723307748639,-0.021101040455843288,-0.0873188634046862
086790,2026Q2,0,2026-07-24,0.0144544167401594,-0.0589501161840093,0.029152118266140184,0.33398987914308975
086790,2026Q2,1,2026-07-27,-0.0136884266605772,0.0096874311199357,-0.017427927907043794,-0.2501239739326664
086790,2026Q2,2,2026-07-28,-0.0599548614699134,-0.1146989201753516,-0.03028209099284955,0.2991031612571966
086790,2026Q2,3,2026-07-29,-0.0213648224976967,-0.0616988659583395,-0.005928760424891245,0.19925678052453577
316140,2026Q2,-5,2026-07-20,-0.0306228602139828,-0.0456453295003651,-0.022162817488426606,-0.0873798378029047
316140,2026Q2,-4,2026-07-21,-0.0016380020042383,0.0349366546546754,-0.00404679187424193,-0.1590742206057385
316140,2026Q2,-3,2026-07-22,0.0049059787688534,0.0073455644082294,0.0062186527491395254,-0.42035212719092563
316140,2026Q2,-2,2026-07-23,0.0081235215214796,0.0430723307748639,0.004617398262018952,-0.43148629464285904
316140,2026Q2,-1,2026-07-24,-0.0016194335523032,-0.0589501161840093,0.008635147998531061,-0.27787832566812476
316140,2026Q2,0,2026-07-27,0.0703965320316211,0.0096874311199357,0.07139333693127406,0.6887011534237271
316140,2026Q2,1,2026-07-28,-0.0416405570443174,-0.1146989201753516,-0.02386662207549367,0.34388822068845215
316140,2026Q2,2,2026-07-29,0.0094044580279781,-0.0616988659583395,0.020029788716569963,0.48487925160404366
316140,2026Q2,3,2026-07-30,0.0200778945365289,-0.0123802615238055,0.024051171902454413,0.5738185360047989
024110,2026Q2,-5,2026-07-21,-0.0311402407357217,0.0349366546546754,-0.031652591060814944,0.06935674479929155
024110,2026Q2,-4,2026-07-22,0.0072727593290782,0.0073455644082294,0.008035142775307357,-0.7018033331218909
024110,2026Q2,-3,2026-07-23,0.0167668598570678,0.0430723307748639,0.01587863380505284,-0.7097059101357086
024110,2026Q2,-2,2026-07-24,0.0141511795462427,-0.0589501161840093,0.017976484471430652,-0.5482518545048567
024110,2026Q2,-1,2026-07-27,0.0,0.0096874311199357,0.0006541870480918164,-0.6332020574284005
024110,2026Q2,0,2026-07-28,-0.0455168388244633,-0.1146989201753516,-0.039115887829336116,0.16635314534552847
024110,2026Q2,1,2026-07-29,-0.009852296443011,-0.0616988659583395,-0.005899996747592652,0.5198093830939765
024110,2026Q2,2,2026-07-30,0.0123002780816516,-0.0123802615238055,0.013974012846664946,0.1740953596446655
024110,2026Q2,3,2026-07-31,0.009732436918231,0.1647641005060069,0.003221939068230129,0.21826921006753963
029780,2026Q2,-5,2026-07-20,0.017904638385481,-0.0456453295003651,0.02167067478799862,-0.4871077666502721
029780,2026Q2,-4,2026-07-21,-0.0115486847847829,0.0349366546546754,-0.010079216986541075,-0.8064156756890952
029780,2026Q2,-3,2026-07-22,0.0031628914085093,0.0073455644082294,0.005418699134740655,-0.6940831879198548
029780,2026Q2,-2,2026-07-23,0.0135914272035382,0.0430723307748639,0.014829030044021814,-0.6653463484918856
029780,2026Q2,-1,2026-07-24,0.0134091746149671,-0.0589501161840093,0.01755439447523447,-0.772844592135991
029780,2026Q2,0,2026-07-27,0.0282847138385822,0.0096874311199357,0.030473778885021067,-0.108388274260383
029780,2026Q2,1,2026-07-28,-0.056338501641747,-0.1146989201753516,-0.05060445328197149,-0.35043369935469215
029780,2026Q2,2,2026-07-29,-0.0010542963549049,-0.0616988659583395,0.0031692622618342808,-0.10047575435678091
029780,2026Q2,3,2026-07-30,-0.0010554090689449,-0.0123802615238055,0.0017625803037666378,-0.29581426717068027
139130,2026Q2,-5,2026-07-21,0.0133187318402807,0.0349366546546754,0.010584113043941728,-0.8936959281626411
139130,2026Q2,-4,2026-07-22,-0.0353472983892295,0.0073455644082294,-0.03498545511970872,-0.40636196279397474
139130,2026Q2,-3,2026-07-23,0.0242607103328893,0.0430723307748639,0.020613049961851062,-0.6088264523991231
139130,2026Q2,-2,2026-07-24,0.0171322233978497,-0.0589501161840093,0.02493422427805655,-0.5551979919771632
139130,2026Q2,-1,2026-07-27,-0.0088057806212962,0.0096874311199357,-0.008706757753989587,-0.7334988796459392
139130,2026Q2,0,2026-07-28,-0.0769610411361281,-0.1146989201753516,-0.06290252573495274,0.07712794762669795
139130,2026Q2,1,2026-07-29,-0.0634644712700147,-0.0616988659583395,-0.055353986769598226,0.29586569390484385
139130,2026Q2,2,2026-07-30,0.0490324709309764,-0.0123802615238055,0.05160808216583397,0.2697227568482514
139130,2026Q2,3,2026-07-31,0.026301575894422,0.1647641005060069,0.008996827480320251,0.15726067344652783
138930,2026Q2,-5,2026-07-21,0.0223472986919972,0.0349366546546754,0.018783816995016238,-0.35091057306634177
138930,2026Q2,-4,2026-07-22,-0.0178377081860219,0.0073455644082294,-0.01743476914472752,-0.5225578032298959
138930,2026Q2,-3,2026-07-23,-0.0005625879191981,0.0430723307748639,-0.005295632478493422,-0.6024591956951131
138930,2026Q2,-2,2026-07-24,0.0150798724679184,-0.0589501161840093,0.02501329979403165,-0.4918310184528867
138930,2026Q2,-1,2026-07-27,0.0044247859803547,0.0096874311199357,0.004491064577693443,-1.1124915978202257
138930,2026Q2,0,2026-07-28,-0.0480454084562449,-0.1146989201753516,-0.030097683387265536,-0.05002066586491516
138930,2026Q2,1,2026-07-29,-0.1435909196122562,-0.0616988659583395,-0.13326233943020832,1.101384051843631
138930,2026Q2,2,2026-07-30,-0.0107527917762624,-0.0123802615238055,-0.007514121186936459,0.2364181975238342
138930,2026Q2,3,2026-07-31,0.0246926125903712,0.1647641005060069,0.0024654873395306316,0.25933374726304415
039490,2026Q2,-5,2026-07-23,0.0356024656409417,0.0430723307748639,0.0067113344761779055,-0.38413747329817305
039490,2026Q2,-4,2026-07-24,-0.0522141433078378,-0.0589501161840093,0.004244570425112955,0.23549025468336637
039490,2026Q2,-3,2026-07-27,0.0050125418235431,0.0096874311199357,0.004050519324664577,-0.6303587831596573
039490,2026Q2,-2,2026-07-28,-0.097980408360204,-0.1146989201753516,0.005116588571465186,0.1877613267811924
039490,2026Q2,-1,2026-07-29,-0.0586734016851728,-0.0616988659583395,8.485860733346146e-05,0.3382783794493349
039490,2026Q2,0,2026-07-30,0.0077670293376606,-0.0123802615238055,0.025266376866037013,0.17934199946827611
039490,2026Q2,1,2026-07-31,0.1269819453196667,0.1647641005060069,-0.003713974707575146,-0.07548553147352521
039490,2026Q2,2,2026-08-03,-0.0687495328800817,-0.0526072618717741,-0.017597118377302372,0.20121979690610736
039490,2026Q2,3,2026-08-04,0.0358461317731375,0.0160905150042633,0.029527423244029575,-0.30721555627691544
016360,2026Q2,-5,2026-07-29,-0.0563996884621254,-0.0616988659583395,-0.004370656888561121,0.11909560061301683
016360,2026Q2,-4,2026-07-30,0.0269376557318086,-0.0123802615238055,0.03869736438780071,-0.10607843139244011
016360,2026Q2,-3,2026-07-31,0.1000307228944787,0.1647641005060069,-0.03285039110449467,-0.20657318218387033
016360,2026Q2,-2,2026-08-03,-0.0284572048140354,-0.0526072618717741,0.016148406226885813,-0.584447697100634
016360,2026Q2,-1,2026-08-04,0.0163602831052074,0.0160905150042633,0.004873208790186802,-0.840670204595094
016360,2026Q2,0,2026-08-05,-0.0101937681895432,0.0369426422924199,-0.03870689295576267,0.08933594141786116
016360,2026Q2,1,2026-08-06,-0.022798914964806,-0.0468310959265103,0.017090376659898366,-0.23707033463744942
016360,2026Q2,2,2026-08-07,-0.0472190719373912,-0.0059911631595337,-0.04067615049857422,0.10554605344522017
016360,2026Q2,3,2026-08-10,0.0238882151746953,0.0065120051863107,0.020222126659065625,-0.1748535409286145
323410,2026Q2,-5,2026-07-29,-0.0070671672230933,-0.0616988659583395,0.0038115835576404133,0.15315096146228413
323410,2026Q2,-4,2026-07-30,0.0302700643027566,-0.0123802615238055,0.03438175653728875,0.21983652898921413
323410,2026Q2,-3,2026-07-31,0.0136676387286627,0.1647641005060069,-0.006526836713883153,-0.008352317484035865
323410,2026Q2,-2,2026-08-03,-0.011376686982107,-0.0526072618717741,-0.001745404937321407,-0.3622627906347553
323410,2026Q2,-1,2026-08-04,0.0,0.0160905150042633,0.00020518648826744557,-0.3795524542599189
323410,2026Q2,0,2026-08-05,-0.0138251049918416,0.0369426422924199,-0.016481061226278536,0.17542385406868455
323410,2026Q2,1,2026-08-06,0.0023174981403624,-0.0468310959265103,0.01115622626817613,-0.27722994931562006
323410,2026Q2,2,2026-08-07,0.0183491386681957,-0.0059911631595337,0.021584175871950183,-0.2107448999353725
323410,2026Q2,3,2026-08-10,0.0067950431328291,0.0065120051863107,0.008314507214038014,-0.1909277881978344
071050,2026Q2,-5,2026-07-30,-0.009857692092499,-0.0123802615238055,0.0017537093300647386,0.234745592914809
071050,2026Q2,-4,2026-07-31,0.1279434369989616,0.1647641005060069,0.019181955711626356,0.0015881250513594125
071050,2026Q2,-3,2026-08-03,-0.0476044267560062,-0.0526072618717741,-0.008658031776931939,-0.21382727079560482
071050,2026Q2,-2,2026-08-04,0.0280439009015136,0.0160905150042633,0.02030888110918026,-0.4197678629893904
071050,2026Q2,-1,2026-08-05,0.0339838528155986,0.0369426422924199,0.012079425408210963,-0.40840525445058873
071050,2026Q2,0,2026-08-06,-0.0266037455179759,-0.0468310959265103,0.008417637465937388,-0.1394052567118269
071050,2026Q2,1,2026-08-07,-0.0816780310142668,-0.0059911631595337,-0.07440814054475876,0.5193764313741998
071050,2026Q2,2,2026-08-10,0.0309005994186559,0.0065120051863107,0.029674354874038217,-0.14540474521949065
071050,2026Q2,3,2026-08-11,0.0214293914559,0.007254905669134,0.019698332241149228,-0.39728326985870765
003540,2026Q2,-5,2026-08-05,0.0094967475372573,0.0369426422924199,-0.0033943662034405225,-1.4747516248235542
003540,2026Q2,-4,2026-08-06,0.0037735893836394,-0.0468310959265103,0.03273144880758837,-0.3119764617908274
003540,2026Q2,-3,2026-08-07,-0.0170944333593006,-0.0059911631595337,-0.008538065939261975,-0.6513324943391456
003540,2026Q2,-2,2026-08-10,0.0133208439756611,0.0065120051863107,0.0156312831644576,-0.7534404271601947
003540,2026Q2,-1,2026-08-11,-0.0056872191205901,0.007254905669134,-0.003747894114240937,-0.8413252620064267
003540,2026Q2,0,2026-08-12,0.0536669010087251,0.0361382498149147,0.041177619631255304,0.34870037620378547
003540,2026Q2,1,2026-08-13,-0.0292525428374368,0.0349935882333891,-0.04117001122403015,0.27000033468209317
003540,2026Q2,2,2026-08-14,0.0092336759469446,0.0238713036707949,0.0028723185574893945,-0.6910801470160841
003540,2026Q2,3,2026-08-18,-0.033648034118233,-0.015614363847348,-0.02028441951185181,-0.3038390947724139
006800,2026Q2,-5,2026-08-05,0.0332160500085301,0.0369426422924199,0.01634470864609041,-0.8046209789262502
006800,2026Q2,-4,2026-08-06,-0.018638532390371,-0.0468310959265103,0.029738163799866796,-0.3725172360027553
006800,2026Q2,-3,2026-08-07,-0.0189925358272748,-0.0059911631595337,-0.0024244412761885194,-0.7764271393143858
006800,2026Q2,-2,2026-08-10,0.0711537602562906,0.0065120051863107,0.07798363355688054,-0.40749494991307245
006800,2026Q2,-1,2026-08-11,-0.0250360781613245,0.007254905669134,-0.01878482054187416,-0.87084257715685
006800,2026Q2,0,2026-08-12,0.0277795641070746,0.0361382498149147,0.011534732098224802,-0.5545344920910402
006800,2026Q2,1,2026-08-13,0.0415888237192501,0.0349935882333891,0.02623552315503163,0.3673364617763717
006800,2026Q2,2,2026-08-14,-0.0105681300617934,0.0238713036707949,-0.017258724911302283,-0.891465780672906
006800,2026Q2,3,2026-08-18,-0.0351387502663733,-0.015614363847348,-0.011075526893238409,-0.8678539171755801
138040,2026Q2,-5,2026-08-06,0.0430785827214812,-0.0468310959265103,0.049343853234127835,-0.035737392637946286
138040,2026Q2,-4,2026-08-07,0.0047619137602428,-0.0059911631595337,0.004256070207060634,-0.3168118479200679
138040,2026Q2,-3,2026-08-10,-0.0224188732884123,0.0065120051863107,-0.024997697214432624,-0.6648827619095901
138040,2026Q2,-2,2026-08-11,0.0024262041824627,0.007254905669134,-0.0002757899734759108,-0.38999734262952934
138040,2026Q2,-1,2026-08-12,-0.0395438671389651,0.0361382498149147,-0.04703461594172357,-0.23365418682138106
138040,2026Q2,0,2026-08-13,-0.0033670065479043,0.0349935882333891,-0.010667974574589869,0.1444842005171143
138040,2026Q2,1,2026-08-14,-0.0161499472711152,0.0238713036707949,-0.021606880493051324,0.035884856942702825
138040,2026Q2,2,2026-08-18,0.0042753378504016,-0.015614363847348,0.005364986383539454,-0.19574651951766597
138040,2026Q2,3,2026-08-19,-0.0172121288811215,-0.0597824573182403,-0.008799569199524859,-0.6259808903901813
